指标名称,申万行业指数:饮料制造
2010-01-04,5765.98 
2010-01-05,5779.09 
2010-01-06,5690.10 
2010-01-07,5554.50 
2010-01-08,5553.61 
2010-01-11,5520.19 
2010-01-12,5654.60 
2010-01-13,5594.19 
2010-01-14,5819.26 
2010-01-15,5836.41 
2010-01-18,5926.16 
2010-01-19,5875.23 
2010-01-20,5697.23 
2010-01-21,5719.61 
2010-01-22,5579.35 
2010-01-25,5604.99 
2010-01-26,5535.16 
2010-01-27,5427.90 
2010-01-28,5538.75 
2010-01-29,5576.66 
2010-02-01,5604.98 
2010-02-02,5514.37 
2010-02-03,5523.63 
2010-02-04,5582.18 
2010-02-05,5553.42 
2010-02-08,5567.63 
2010-02-09,5556.89 
2010-02-10,5598.25 
2010-02-11,5641.26 
2010-02-12,5654.73 
2010-02-22,5562.06 
2010-02-23,5497.32 
2010-02-24,5569.69 
2010-02-25,5609.11 
2010-02-26,5559.65 
2010-03-01,5587.37 
2010-03-02,5566.30 
2010-03-03,5579.14 
2010-03-04,5494.95 
2010-03-05,5491.35 
2010-03-08,5482.22 
2010-03-09,5478.68 
2010-03-10,5445.25 
2010-03-11,5417.68 
2010-03-12,5361.98 
2010-03-15,5252.32 
2010-03-16,5277.12 
2010-03-17,5378.20 
2010-03-18,5354.21 
2010-03-19,5395.02 
2010-03-22,5386.70 
2010-03-23,5370.04 
2010-03-24,5433.86 
2010-03-25,5378.30 
2010-03-26,5435.96 
2010-03-29,5516.95 
2010-03-30,5495.18 
2010-03-31,5452.00 
2010-04-01,5519.85 
2010-04-02,5418.40 
2010-04-06,5408.33 
2010-04-07,5436.93 
2010-04-08,5398.12 
2010-04-09,5456.72 
2010-04-12,5445.34 
2010-04-13,5480.99 
2010-04-14,5587.37 
2010-04-15,5570.11 
2010-04-16,5584.63 
2010-04-19,5446.87 
2010-04-20,5503.33 
2010-04-21,5676.71 
2010-04-22,5693.93 
2010-04-23,5610.17 
2010-04-26,5444.25 
2010-04-27,5295.05 
2010-04-28,5256.86 
2010-04-29,5204.93 
2010-04-30,5092.58 
2010-05-04,5096.80 
2010-05-05,5228.57 
2010-05-06,5095.91 
2010-05-07,5070.44 
2010-05-10,5069.06 
2010-05-11,4986.44 
2010-05-12,4884.82 
2010-05-13,5018.79 
2010-05-14,5037.07 
2010-05-17,4792.51 
2010-05-18,4820.79 
2010-05-19,4829.38 
2010-05-20,4804.56 
2010-05-21,4919.42 
2010-05-24,5071.06 
2010-05-25,4960.40 
2010-05-26,4957.34 
2010-05-27,5032.80 
2010-05-28,5055.24 
2010-05-31,4983.17 
2010-06-01,4965.01 
2010-06-02,4975.51 
2010-06-03,4984.58 
2010-06-04,5078.76 
2010-06-07,5161.60 
2010-06-08,5195.16 
2010-06-09,5306.13 
2010-06-10,5325.04 
2010-06-11,5267.07 
2010-06-17,5163.47 
2010-06-18,5007.47 
2010-06-21,5156.18 
2010-06-22,5126.40 
2010-06-23,5139.76 
2010-06-24,5113.91 
2010-06-25,5101.54 
2010-06-28,4999.17 
2010-06-29,4821.95 
2010-06-30,4836.76 
2010-07-01,4808.96 
2010-07-02,4759.80 
2010-07-05,4741.43 
2010-07-06,4841.05 
2010-07-07,4874.85 
2010-07-08,4878.43 
2010-07-09,5055.14 
2010-07-12,5040.06 
2010-07-13,5017.99 
2010-07-14,5022.43 
2010-07-15,5006.97 
2010-07-16,5073.42 
2010-07-19,5162.30 
2010-07-20,5226.29 
2010-07-21,5238.98 
2010-07-22,5291.92 
2010-07-23,5341.19 
2010-07-26,5430.27 
2010-07-27,5516.27 
2010-07-28,5561.01 
2010-07-29,5485.17 
2010-07-30,5461.83 
2010-08-02,5666.85 
2010-08-03,5583.10 
2010-08-04,5681.79 
2010-08-05,5788.71 
2010-08-06,5831.81 
2010-08-09,5901.64 
2010-08-10,5681.66 
2010-08-11,5749.16 
2010-08-12,5764.07 
2010-08-13,5839.15 
2010-08-16,5952.98 
2010-08-17,5989.41 
2010-08-18,5922.34 
2010-08-19,5898.22 
2010-08-20,5759.30 
2010-08-23,5800.84 
2010-08-24,5853.89 
2010-08-25,5808.40 
2010-08-26,5824.44 
2010-08-27,5857.87 
2010-08-30,6143.14 
2010-08-31,6146.52 
2010-09-01,6065.49 
2010-09-02,6194.41 
2010-09-03,6270.53 
2010-09-06,6340.41 
2010-09-07,6295.60 
2010-09-08,6348.93 
2010-09-09,6315.74 
2010-09-10,6478.04 
2010-09-13,6506.87 
2010-09-14,6493.96 
2010-09-15,6344.14 
2010-09-16,6226.36 
2010-09-17,6375.77 
2010-09-20,6410.31 
2010-09-21,6415.08 
2010-09-27,6575.43 
2010-09-28,6712.34 
2010-09-29,6584.55 
2010-09-30,6659.49 
2010-10-08,6889.14 
2010-10-11,6670.41 
2010-10-12,6600.73 
2010-10-13,6418.33 
2010-10-14,6249.85 
2010-10-15,6315.23 
2010-10-18,6389.49 
2010-10-19,6517.81 
2010-10-20,6710.24 
2010-10-21,6680.15 
2010-10-22,6738.74 
2010-10-25,6968.52 
2010-10-26,6854.77 
2010-10-27,6762.88 
2010-10-28,6760.20 
2010-10-29,6786.81 
2010-11-01,6916.94 
2010-11-02,6887.66 
2010-11-03,6917.59 
2010-11-04,7039.54 
2010-11-05,7006.29 
2010-11-08,7011.30 
2010-11-09,7114.95 
2010-11-10,7447.77 
2010-11-11,7358.76 
2010-11-12,7141.10 
2010-11-15,7460.95 
2010-11-16,7262.80 
2010-11-17,6836.65 
2010-11-18,6915.38 
2010-11-19,7144.70 
2010-11-22,7251.11 
2010-11-23,7355.68 
2010-11-24,7658.52 
2010-11-25,7672.62 
2010-11-26,7855.07 
2010-11-29,8039.64 
2010-11-30,7680.46 
2010-12-01,7607.88 
2010-12-02,7507.89 
2010-12-03,7486.07 
2010-12-06,7256.48 
2010-12-07,7378.79 
2010-12-08,7353.34 
2010-12-09,7205.10 
2010-12-10,7263.57 
2010-12-13,7357.81 
2010-12-14,7397.59 
2010-12-15,7426.50 
2010-12-16,7531.99 
2010-12-17,7428.46 
2010-12-20,7195.89 
2010-12-21,7137.55 
2010-12-22,7037.32 
2010-12-23,6995.72 
2010-12-24,6864.70 
2010-12-27,6693.30 
2010-12-28,6736.88 
2010-12-29,6835.09 
2010-12-30,6751.71 
2010-12-31,6879.97 
2011-01-04,6892.47 
2011-01-05,6746.84 
2011-01-06,6692.51 
2011-01-07,6705.30 
2011-01-10,6509.96 
2011-01-11,6512.51 
2011-01-12,6502.42 
2011-01-13,6660.96 
2011-01-14,6628.22 
2011-01-17,6404.56 
2011-01-18,6554.97 
2011-01-19,6660.32 
2011-01-20,6469.22 
2011-01-21,6414.51 
2011-01-24,6294.47 
2011-01-25,6224.07 
2011-01-26,6287.73 
2011-01-27,6356.29 
2011-01-28,6425.49 
2011-01-31,6499.90 
2011-02-01,6527.01 
2011-02-09,6452.52 
2011-02-10,6674.67 
2011-02-11,6708.29 
2011-02-14,6838.08 
2011-02-15,6798.99 
2011-02-16,6806.80 
2011-02-17,6730.25 
2011-02-18,6858.77 
2011-02-21,6958.18 
2011-02-22,6778.81 
2011-02-23,6784.46 
2011-02-24,6796.03 
2011-02-25,6746.55 
2011-02-28,6760.38 
2011-03-01,6809.35 
2011-03-02,6801.92 
2011-03-03,6671.89 
2011-03-04,6704.85 
2011-03-07,6757.85 
2011-03-08,6796.04 
2011-03-09,6804.20 
2011-03-10,6927.51 
2011-03-11,6879.67 
2011-03-14,6940.80 
2011-03-15,6836.77 
2011-03-16,6957.86 
2011-03-17,6971.45 
2011-03-18,7006.48 
2011-03-21,6929.15 
2011-03-22,6890.71 
2011-03-23,6937.31 
2011-03-24,6889.78 
2011-03-25,6911.16 
2011-03-28,6842.21 
2011-03-29,6748.85 
2011-03-30,6747.31 
2011-03-31,6805.42 
2011-04-01,6794.20 
2011-04-06,6676.74 
2011-04-07,6639.04 
2011-04-08,6691.62 
2011-04-11,6723.79 
2011-04-12,6752.64 
2011-04-13,6817.98 
2011-04-14,6797.35 
2011-04-15,6734.93 
2011-04-18,6700.38 
2011-04-19,6733.49 
2011-04-20,6812.96 
2011-04-21,6797.12 
2011-04-22,6793.90 
2011-04-25,6912.52 
2011-04-26,6829.48 
2011-04-27,6824.14 
2011-04-28,6674.72 
2011-04-29,6820.89 
2011-05-03,6945.20 
2011-05-04,6866.25 
2011-05-05,6948.99 
2011-05-06,6966.13 
2011-05-09,6901.83 
2011-05-10,6877.44 
2011-05-11,6908.59 
2011-05-12,6941.33 
2011-05-13,6932.52 
2011-05-16,6943.92 
2011-05-17,6912.58 
2011-05-18,7055.13 
2011-05-19,7160.57 
2011-05-20,7153.63 
2011-05-23,6936.48 
2011-05-24,6889.23 
2011-05-25,6874.05 
2011-05-26,6866.45 
2011-05-27,6706.76 
2011-05-30,6818.09 
2011-05-31,6851.15 
2011-06-01,6985.94 
2011-06-02,6906.18 
2011-06-03,7049.63 
2011-06-07,7036.03 
2011-06-08,7101.04 
2011-06-09,6920.57 
2011-06-10,7001.88 
2011-06-13,6965.10 
2011-06-14,7005.37 
2011-06-15,6961.33 
2011-06-16,6876.14 
2011-06-17,6843.02 
2011-06-20,6760.17 
2011-06-21,6814.64 
2011-06-22,6908.49 
2011-06-23,7019.14 
2011-06-24,7050.84 
2011-06-27,7098.59 
2011-06-28,7184.84 
2011-06-29,7109.79 
2011-06-30,7169.21 
2011-07-01,7165.83 
2011-07-04,7266.60 
2011-07-05,7259.68 
2011-07-06,7355.04 
2011-07-07,7437.67 
2011-07-08,7413.96 
2011-07-11,7559.18 
2011-07-12,7495.28 
2011-07-13,7568.41 
2011-07-14,7519.85 
2011-07-15,7555.35 
2011-07-18,7645.53 
2011-07-19,7597.89 
2011-07-20,7678.48 
2011-07-21,7748.53 
2011-07-22,7809.21 
2011-07-25,7639.13 
2011-07-26,7612.63 
2011-07-27,7725.69 
2011-07-28,7789.87 
2011-07-29,7747.58 
2011-08-01,7654.41 
2011-08-02,7599.87 
2011-08-03,7687.74 
2011-08-04,7767.87 
2011-08-05,7694.38 
2011-08-08,7533.40 
2011-08-09,7549.19 
2011-08-10,7766.80 
2011-08-11,8028.21 
2011-08-12,8072.53 
2011-08-15,8034.29 
2011-08-16,7981.22 
2011-08-17,7955.84 
2011-08-18,7862.63 
2011-08-19,7903.95 
2011-08-22,7694.07 
2011-08-23,7747.03 
2011-08-24,7792.44 
2011-08-25,7879.99 
2011-08-26,7952.11 
2011-08-29,8034.35 
2011-08-30,7950.49 
2011-08-31,7984.17 
2011-09-01,7857.69 
2011-09-02,7800.82 
2011-09-05,7696.23 
2011-09-06,7552.79 
2011-09-07,7724.25 
2011-09-08,7651.61 
2011-09-09,7611.06 
2011-09-13,7464.10 
2011-09-14,7420.61 
2011-09-15,7443.17 
2011-09-16,7504.05 
2011-09-19,7442.63 
2011-09-20,7412.01 
2011-09-21,7558.13 
2011-09-22,7353.66 
2011-09-23,7201.94 
2011-09-26,7029.47 
2011-09-27,7063.40 
2011-09-28,6971.26 
2011-09-29,6909.72 
2011-09-30,6974.06 
2011-10-10,6885.44 
2011-10-11,6799.44 
2011-10-12,6991.21 
2011-10-13,7053.42 
2011-10-14,6992.60 
2011-10-17,7132.45 
2011-10-18,7065.76 
2011-10-19,7071.23 
2011-10-20,6857.46 
2011-10-21,6879.44 
2011-10-24,7065.91 
2011-10-25,7163.14 
2011-10-26,7201.10 
2011-10-27,7195.90 
2011-10-28,7306.18 
2011-10-31,7252.23 
2011-11-01,7295.69 
2011-11-02,7376.78 
2011-11-03,7378.55 
2011-11-04,7399.06 
2011-11-07,7375.06 
2011-11-08,7340.05 
2011-11-09,7419.32 
2011-11-10,7351.61 
2011-11-11,7300.97 
2011-11-14,7410.35 
2011-11-15,7339.68 
2011-11-16,7248.34 
2011-11-17,7277.43 
2011-11-18,7183.62 
2011-11-21,7219.89 
2011-11-22,7361.16 
2011-11-23,7449.08 
2011-11-24,7487.33 
2011-11-25,7576.34 
2011-11-28,7650.08 
2011-11-29,7612.90 
2011-11-30,7481.94 
2011-12-01,7537.93 
2011-12-02,7507.43 
2011-12-05,7311.06 
2011-12-06,7248.31 
2011-12-07,7276.50 
2011-12-08,7189.58 
2011-12-09,7010.30 
2011-12-12,6905.46 
2011-12-13,6761.94 
2011-12-14,6703.29 
2011-12-15,6636.35 
2011-12-16,6757.34 
2011-12-19,6697.43 
2011-12-20,6667.82 
2011-12-21,6555.42 
2011-12-22,6557.68 
2011-12-23,6579.25 
2011-12-26,6418.97 
2011-12-27,6219.50 
2011-12-28,6204.72 
2011-12-29,6258.86 
2011-12-30,6348.57 
2012-01-04,6096.23 
2012-01-05,6005.43 
2012-01-06,6063.90 
2012-01-09,6142.97 
2012-01-10,6358.71 
2012-01-11,6309.98 
2012-01-12,6287.65 
2012-01-13,6197.31 
2012-01-16,5881.66 
2012-01-17,6076.82 
2012-01-18,5900.66 
2012-01-19,5990.62 
2012-01-20,6158.17 
2012-01-30,6093.58 
2012-01-31,6178.31 
2012-02-01,6185.87 
2012-02-02,6225.84 
2012-02-03,6250.35 
2012-02-06,6331.27 
2012-02-07,6239.54 
2012-02-08,6370.43 
2012-02-09,6430.63 
2012-02-10,6449.75 
2012-02-13,6536.85 
2012-02-14,6539.14 
2012-02-15,6593.04 
2012-02-16,6534.33 
2012-02-17,6550.14 
2012-02-20,6528.28 
2012-02-21,6614.89 
2012-02-22,6672.44 
2012-02-23,6745.26 
2012-02-24,6834.59 
2012-02-27,6828.31 
2012-02-28,6889.32 
2012-02-29,6956.80 
2012-03-01,6950.97 
2012-03-02,6963.55 
2012-03-05,6978.38 
2012-03-06,6906.38 
2012-03-07,6834.36 
2012-03-08,6889.62 
2012-03-09,7142.45 
2012-03-12,7186.62 
2012-03-13,7283.64 
2012-03-14,7129.49 
2012-03-15,7198.05 
2012-03-16,7504.72 
2012-03-19,7437.92 
2012-03-20,7355.15 
2012-03-21,7273.12 
2012-03-22,7276.78 
2012-03-23,7280.84 
2012-03-26,7402.86 
2012-03-27,7073.79 
2012-03-28,6931.14 
2012-03-29,6895.76 
2012-03-30,6734.13 
2012-04-05,7050.27 
2012-04-06,7173.31 
2012-04-09,7152.19 
2012-04-10,7157.58 
2012-04-11,7146.39 
2012-04-12,7272.97 
2012-04-13,7238.77 
2012-04-16,7232.43 
2012-04-17,7132.83 
2012-04-18,7209.44 
2012-04-19,7115.07 
2012-04-20,7183.80 
2012-04-23,7131.93 
2012-04-24,7122.78 
2012-04-25,7135.44 
2012-04-26,7252.61 
2012-04-27,7427.63 
2012-05-02,7481.10 
2012-05-03,7589.66 
2012-05-04,7758.50 
2012-05-07,7809.22 
2012-05-08,7729.65 
2012-05-09,7638.03 
2012-05-10,7623.98 
2012-05-11,7641.66 
2012-05-14,7480.34 
2012-05-15,7516.94 
2012-05-16,7402.19 
2012-05-17,7447.24 
2012-05-18,7345.05 
2012-05-21,7518.25 
2012-05-22,7695.35 
2012-05-23,7742.44 
2012-05-24,7450.23 
2012-05-25,7341.04 
2012-05-28,7472.14 
2012-05-29,7506.22 
2012-05-30,7514.79 
2012-05-31,7603.19 
2012-06-01,7708.48 
2012-06-04,7569.73 
2012-06-05,7586.00 
2012-06-06,7525.09 
2012-06-07,7537.93 
2012-06-08,7492.35 
2012-06-11,7460.14 
2012-06-12,7417.49 
2012-06-13,7600.74 
2012-06-14,7718.31 
2012-06-15,7689.22 
2012-06-18,7799.11 
2012-06-19,7700.57 
2012-06-20,7670.20 
2012-06-21,7561.15 
2012-06-25,7469.35 
2012-06-26,7411.85 
2012-06-27,7506.84 
2012-06-28,7464.85 
2012-06-29,7639.34 
2012-07-02,7786.41 
2012-07-03,7967.98 
2012-07-04,7981.11 
2012-07-05,7847.07 
2012-07-06,8194.15 
2012-07-09,8092.44 
2012-07-10,7956.54 
2012-07-11,8195.01 
2012-07-12,8228.51 
2012-07-13,8322.70 
2012-07-16,8239.54 
2012-07-17,8027.46 
2012-07-18,7889.14 
2012-07-19,7890.21 
2012-07-20,7782.76 
2012-07-23,7668.53 
2012-07-24,7804.72 
2012-07-25,7816.29 
2012-07-26,7711.65 
2012-07-27,7677.55 
2012-07-30,7634.22 
2012-07-31,7469.55 
2012-08-01,7492.94 
2012-08-02,7441.31 
2012-08-03,7599.83 
2012-08-06,7711.94 
2012-08-07,7755.04 
2012-08-08,7688.84 
2012-08-09,7992.07 
2012-08-10,7786.09 
2012-08-13,7719.92 
2012-08-14,7738.10 
2012-08-15,7650.51 
2012-08-16,7488.50 
2012-08-17,7273.83 
2012-08-20,7365.24 
2012-08-21,7469.05 
2012-08-22,7342.81 
2012-08-23,7250.30 
2012-08-24,7246.60 
2012-08-27,7150.63 
2012-08-28,7088.57 
2012-08-29,6941.18 
2012-08-30,6801.60 
2012-08-31,6851.99 
2012-09-03,7026.58 
2012-09-04,7058.11 
2012-09-05,7029.62 
2012-09-06,7032.08 
2012-09-07,7310.22 
2012-09-10,7303.09 
2012-09-11,7265.46 
2012-09-12,7300.94 
2012-09-13,7242.52 
2012-09-14,7304.01 
2012-09-17,7139.58 
2012-09-18,7074.30 
2012-09-19,6951.08 
2012-09-20,6808.22 
2012-09-21,6836.47 
2012-09-24,6902.40 
2012-09-25,7009.60 
2012-09-26,6902.46 
2012-09-27,7063.67 
2012-09-28,7221.41 
2012-10-08,7084.87 
2012-10-09,7226.92 
2012-10-10,7246.29 
2012-10-11,7180.52 
2012-10-12,7191.42 
2012-10-15,7325.20 
2012-10-16,7468.39 
2012-10-17,7451.22 
2012-10-18,7544.14 
2012-10-19,7547.32 
2012-10-22,7512.89 
2012-10-23,7317.45 
2012-10-24,7319.00 
2012-10-25,7293.14 
2012-10-26,7170.00 
2012-10-29,7180.11 
2012-10-30,7220.11 
2012-10-31,7223.18 
2012-11-01,7343.65 
2012-11-02,7373.23 
2012-11-05,7255.58 
2012-11-06,7090.94 
2012-11-07,7097.55 
2012-11-08,7016.71 
2012-11-09,6992.14 
2012-11-12,6891.88 
2012-11-13,6785.50 
2012-11-14,6863.75 
2012-11-15,6755.06 
2012-11-16,6621.42 
2012-11-19,6334.87 
2012-11-20,6353.27 
2012-11-21,6354.13 
2012-11-22,6210.63 
2012-11-23,6310.39 
2012-11-26,6158.53 
2012-11-27,6140.81 
2012-11-28,6058.58 
2012-11-29,6048.83 
2012-11-30,6013.75 
2012-12-03,5563.50 
2012-12-04,5622.88 
2012-12-05,5677.71 
2012-12-06,5643.48 
2012-12-07,5757.03 
2012-12-10,5829.57 
2012-12-11,5857.67 
2012-12-12,5946.21 
2012-12-13,5814.32 
2012-12-14,5926.72 
2012-12-17,6104.98 
2012-12-18,6175.91 
2012-12-19,6290.87 
2012-12-20,6234.67 
2012-12-21,6200.44 
2012-12-24,6003.72 
2012-12-25,6076.08 
2012-12-26,6146.63 
2012-12-27,6240.44 
2012-12-28,6333.89 
2012-12-31,6325.28 
2013-01-04,6293.39 
2013-01-07,6236.69 
2013-01-08,6418.55 
2013-01-09,6578.20 
2013-01-10,6543.99 
2013-01-11,6442.25 
2013-01-14,6478.60 
2013-01-15,6483.98 
2013-01-16,6371.63 
2013-01-17,6368.12 
2013-01-18,6339.73 
2013-01-21,6194.48 
2013-01-22,6130.06 
2013-01-23,6159.28 
2013-01-24,6035.14 
2013-01-25,5850.67 
2013-01-28,5656.79 
2013-01-29,5703.00 
2013-01-30,5783.93 
2013-01-31,5717.77 
2013-02-01,5744.86 
2013-02-04,5650.30 
2013-02-05,5889.21 
2013-02-06,5843.28 
2013-02-07,5854.18 
2013-02-08,5895.18 
2013-02-18,5737.97 
2013-02-19,5741.39 
2013-02-20,5774.56 
2013-02-21,5845.64 
2013-02-22,6052.76 
2013-02-25,5939.65 
2013-02-26,5817.35 
2013-02-27,5774.41 
2013-02-28,5764.45 
2013-03-01,5774.33 
2013-03-04,5717.95 
2013-03-05,5802.90 
2013-03-06,5924.12 
2013-03-07,6032.78 
2013-03-08,5976.63 
2013-03-11,5919.22 
2013-03-12,5826.70 
2013-03-13,5855.42 
2013-03-14,5736.69 
2013-03-15,5648.68 
2013-03-18,5427.74 
2013-03-19,5357.00 
2013-03-20,5479.39 
2013-03-21,5446.75 
2013-03-22,5474.66 
2013-03-25,5469.66 
2013-03-26,5458.46 
2013-03-27,5310.33 
2013-03-28,5232.90 
2013-03-29,5232.61 
2013-04-01,5132.64 
2013-04-02,5130.06 
2013-04-03,5120.30 
2013-04-08,5130.30 
2013-04-09,5134.07 
2013-04-10,5330.15 
2013-04-11,5261.80 
2013-04-12,5305.50 
2013-04-15,5238.13 
2013-04-16,5213.40 
2013-04-17,5306.72 
2013-04-18,5282.98 
2013-04-19,5356.37 
2013-04-22,5218.85 
2013-04-23,5170.85 
2013-04-24,5192.29 
2013-04-25,5160.88 
2013-04-26,5095.15 
2013-05-02,4987.18 
2013-05-03,5034.91 
2013-05-06,5172.53 
2013-05-07,5346.96 
2013-05-08,5341.31 
2013-05-09,5451.79 
2013-05-10,5459.46 
2013-05-13,5478.36 
2013-05-14,5327.74 
2013-05-15,5381.05 
2013-05-16,5410.76 
2013-05-17,5496.24 
2013-05-20,5549.68 
2013-05-21,5561.50 
2013-05-22,5666.73 
2013-05-23,5652.95 
2013-05-24,5665.81 
2013-05-27,5658.64 
2013-05-28,5703.40 
2013-05-29,5714.49 
2013-05-30,5663.64 
2013-05-31,5598.00 
2013-06-03,5625.36 
2013-06-04,5556.10 
2013-06-05,5610.23 
2013-06-06,5562.77 
2013-06-07,5393.79 
2013-06-13,5292.53 
2013-06-14,5298.71 
2013-06-17,5207.05 
2013-06-18,5242.77 
2013-06-19,5357.22 
2013-06-20,5236.05 
2013-06-21,5237.97 
2013-06-24,5026.47 
2013-06-25,5021.52 
2013-06-26,5008.31 
2013-06-27,4931.85 
2013-06-28,4985.68 
2013-07-01,4998.89 
2013-07-02,5128.04 
2013-07-03,5104.40 
2013-07-04,5104.37 
2013-07-05,5110.01 
2013-07-08,5024.67 
2013-07-09,4975.23 
2013-07-10,5066.80 
2013-07-11,5190.84 
2013-07-12,5064.31 
2013-07-15,5072.11 
2013-07-16,5156.89 
2013-07-17,5043.59 
2013-07-18,4985.94 
2013-07-19,4825.85 
2013-07-22,4831.40 
2013-07-23,4937.76 
2013-07-24,4884.67 
2013-07-25,4996.18 
2013-07-26,4910.28 
2013-07-29,4813.81 
2013-07-30,4804.65 
2013-07-31,4751.99 
2013-08-01,4829.05 
2013-08-02,4873.20 
2013-08-05,4903.35 
2013-08-06,4931.47 
2013-08-07,4917.10 
2013-08-08,4898.32 
2013-08-09,4872.20 
2013-08-12,5010.18 
2013-08-13,5030.44 
2013-08-14,4995.91 
2013-08-15,4996.38 
2013-08-16,4925.83 
2013-08-19,4936.95 
2013-08-20,4897.13 
2013-08-21,4916.00 
2013-08-22,4906.84 
2013-08-23,4852.04 
2013-08-26,4906.98 
2013-08-27,4945.98 
2013-08-28,4876.79 
2013-08-29,4868.22 
2013-08-30,4835.73 
2013-09-02,4595.61 
2013-09-03,4645.54 
2013-09-04,4659.88 
2013-09-05,4637.68 
2013-09-06,4646.30 
2013-09-09,4685.98 
2013-09-10,4711.86 
2013-09-11,4762.32 
2013-09-12,4734.40 
2013-09-13,4785.86 
2013-09-16,4719.96 
2013-09-17,4571.39 
2013-09-18,4565.10 
2013-09-23,4568.91 
2013-09-24,4523.10 
2013-09-25,4483.09 
2013-09-26,4451.24 
2013-09-27,4428.39 
2013-09-30,4452.98 
2013-10-08,4472.18 
2013-10-09,4472.33 
2013-10-10,4428.93 
2013-10-11,4467.38 
2013-10-14,4603.11 
2013-10-15,4643.99 
2013-10-16,4597.31 
2013-10-17,4600.33 
2013-10-18,4587.87 
2013-10-21,4648.17 
2013-10-22,4605.81 
2013-10-23,4555.84 
2013-10-24,4530.75 
2013-10-25,4388.36 
2013-10-28,4273.90 
2013-10-29,4223.16 
2013-10-30,4239.58 
2013-10-31,4284.99 
2013-11-01,4268.60 
2013-11-04,4286.95 
2013-11-05,4289.41 
2013-11-06,4306.71 
2013-11-07,4283.70 
2013-11-08,4228.12 
2013-11-11,4320.62 
2013-11-12,4471.14 
2013-11-13,4411.59 
2013-11-14,4408.60 
2013-11-15,4434.73 
2013-11-18,4497.68 
2013-11-19,4484.68 
2013-11-20,4483.95 
2013-11-21,4412.25 
2013-11-22,4395.89 
2013-11-25,4423.92 
2013-11-26,4405.19 
2013-11-27,4425.62 
2013-11-28,4476.66 
2013-11-29,4460.60 
2013-12-02,4305.87 
2013-12-03,4374.83 
2013-12-04,4412.24 
2013-12-05,4406.47 
2013-12-06,4453.19 
2013-12-09,4470.88 
2013-12-10,4460.94 
2013-12-11,4432.38 
2013-12-12,4417.01 
2013-12-13,4416.36 
2013-12-16,4329.24 
2013-12-17,4327.13 
2013-12-18,4301.04 
2013-12-19,4277.33 
2013-12-20,4160.08 
2013-12-23,4146.11 
2013-12-24,4163.57 
2013-12-25,4186.32 
2013-12-26,4110.32 
2013-12-27,4165.57 
2013-12-30,4155.38 
2013-12-31,4278.48 
2014-01-02,4230.64 
2014-01-03,4176.99 
2014-01-06,4048.52 
2014-01-07,4042.26 
2014-01-08,4003.74 
2014-01-09,3991.03 
2014-01-10,3965.32 
2014-01-13,3995.62 
2014-01-14,4047.49 
2014-01-15,4002.36 
2014-01-16,4057.67 
2014-01-17,3977.28 
2014-01-20,4027.45 
2014-01-21,4026.51 
2014-01-22,4151.60 
2014-01-23,4122.97 
2014-01-24,4128.28 
2014-01-27,4170.47 
2014-01-28,4130.47 
2014-01-29,4068.85 
2014-01-30,3991.10 
2014-02-07,4015.30 
2014-02-10,4056.16 
2014-02-11,4099.68 
2014-02-12,4100.16 
2014-02-13,4110.96 
2014-02-14,4245.56 
2014-02-17,4375.42 
2014-02-18,4304.28 
2014-02-19,4357.77 
2014-02-20,4321.99 
2014-02-21,4292.25 
2014-02-24,4250.55 
2014-02-25,4116.66 
2014-02-26,4118.31 
2014-02-27,4109.03 
2014-02-28,4200.47 
2014-03-03,4266.98 
2014-03-04,4243.16 
2014-03-05,4344.75 
2014-03-06,4357.46 
2014-03-07,4401.82 
2014-03-10,4229.70 
2014-03-11,4376.92 
2014-03-12,4337.99 
2014-03-13,4546.30 
2014-03-14,4493.05 
2014-03-17,4529.05 
2014-03-18,4568.17 
2014-03-19,4571.68 
2014-03-20,4450.26 
2014-03-21,4517.68 
2014-03-24,4550.94 
2014-03-25,4458.74 
2014-03-26,4367.13 
2014-03-27,4334.63 
2014-03-28,4233.77 
2014-03-31,4253.72 
2014-04-01,4376.75 
2014-04-02,4426.61 
2014-04-03,4401.31 
2014-04-04,4397.73 
2014-04-08,4439.00 
2014-04-09,4443.94 
2014-04-10,4522.95 
2014-04-11,4608.89 
2014-04-14,4585.25 
2014-04-15,4548.47 
2014-04-16,4524.94 
2014-04-17,4568.78 
2014-04-18,4579.53 
2014-04-21,4479.70 
2014-04-22,4470.46 
2014-04-23,4561.62 
2014-04-24,4539.97 
2014-04-25,4362.51 
2014-04-28,4306.46 
2014-04-29,4342.41 
2014-04-30,4358.69 
2014-05-05,4311.93 
2014-05-06,4310.49 
2014-05-07,4281.01 
2014-05-08,4289.12 
2014-05-09,4286.19 
2014-05-12,4353.49 
2014-05-13,4373.86 
2014-05-14,4300.56 
2014-05-15,4254.67 
2014-05-16,4260.23 
2014-05-19,4162.79 
2014-05-20,4130.24 
2014-05-21,4217.79 
2014-05-22,4195.12 
2014-05-23,4229.92 
2014-05-26,4254.48 
2014-05-27,4243.96 
2014-05-28,4276.10 
2014-05-29,4261.37 
2014-05-30,4255.48 
2014-06-03,4236.54 
2014-06-04,4187.12 
2014-06-05,4249.16 
2014-06-06,4230.08 
2014-06-09,4227.33 
2014-06-10,4267.70 
2014-06-11,4284.15 
2014-06-12,4265.67 
2014-06-13,4280.90 
2014-06-16,4299.91 
2014-06-17,4253.54 
2014-06-18,4226.97 
2014-06-19,4183.22 
2014-06-20,4188.79 
2014-06-23,4222.15 
2014-06-24,4329.97 
2014-06-25,4251.10 
2014-06-26,4265.52 
2014-06-27,4264.65 
2014-06-30,4289.98 
2014-07-01,4250.92 
2014-07-02,4271.81 
2014-07-03,4300.18 
2014-07-04,4283.63 
2014-07-07,4289.40 
2014-07-08,4278.92 
2014-07-09,4219.03 
2014-07-10,4228.60 
2014-07-11,4255.07 
2014-07-14,4423.11 
2014-07-15,4525.29 
2014-07-16,4508.39 
2014-07-17,4468.05 
2014-07-18,4609.95 
2014-07-21,4588.09 
2014-07-22,4640.90 
2014-07-23,4624.32 
2014-07-24,4635.40 
2014-07-25,4673.30 
2014-07-28,4744.86 
2014-07-29,4691.61 
2014-07-30,4652.90 
2014-07-31,4710.73 
2014-08-01,4709.90 
2014-08-04,4781.37 
2014-08-05,4801.17 
2014-08-06,4779.72 
2014-08-07,4705.11 
2014-08-08,4735.64 
2014-08-11,4777.41 
2014-08-12,4765.95 
2014-08-13,4816.63 
2014-08-14,4784.77 
2014-08-15,4816.35 
2014-08-18,4833.01 
2014-08-19,4814.32 
2014-08-20,4862.00 
2014-08-21,4805.08 
2014-08-22,4814.18 
2014-08-25,4769.54 
2014-08-26,4693.55 
2014-08-27,4687.67 
2014-08-28,4661.20 
2014-08-29,4749.64 
2014-09-01,4789.45 
2014-09-02,4901.78 
2014-09-03,4944.43 
2014-09-04,4962.99 
2014-09-05,4987.26 
2014-09-09,4925.08 
2014-09-10,4940.05 
2014-09-11,4900.61 
2014-09-12,4911.41 
2014-09-15,4882.82 
2014-09-16,4782.20 
2014-09-17,4798.38 
2014-09-18,4817.82 
2014-09-19,4861.55 
2014-09-22,4750.33 
2014-09-23,4779.39 
2014-09-24,4848.15 
2014-09-25,4856.89 
2014-09-26,4861.02 
2014-09-29,4887.21 
2014-09-30,4890.03 
2014-10-08,4884.23 
2014-10-09,4894.24 
2014-10-10,4851.75 
2014-10-13,4786.21 
2014-10-14,4765.10 
2014-10-15,4791.52 
2014-10-16,4771.38 
2014-10-17,4815.65 
2014-10-20,4805.01 
2014-10-21,4796.66 
2014-10-22,4772.92 
2014-10-23,4710.77 
2014-10-24,4679.67 
2014-10-27,4684.34 
2014-10-28,4734.53 
2014-10-29,4755.36 
2014-10-30,4742.07 
2014-10-31,4790.39 
2014-11-03,4781.98 
2014-11-04,4712.93 
2014-11-05,4650.97 
2014-11-06,4677.95 
2014-11-07,4655.91 
2014-11-10,4816.38 
2014-11-11,4790.51 
2014-11-12,4820.49 
2014-11-13,4777.84 
2014-11-14,4876.94 
2014-11-17,4874.20 
2014-11-18,4804.47 
2014-11-19,4773.34 
2014-11-20,4751.87 
2014-11-21,4791.45 
2014-11-24,4824.91 
2014-11-25,4862.94 
2014-11-26,4928.74 
2014-11-27,4928.61 
2014-11-28,4908.81 
2014-12-01,5079.36 
2014-12-02,5116.35 
2014-12-03,5216.42 
2014-12-04,5375.09 
2014-12-05,5273.80 
2014-12-08,5327.13 
2014-12-09,5221.70 
2014-12-10,5415.43 
2014-12-11,5370.93 
2014-12-12,5423.06 
2014-12-15,5549.43 
2014-12-16,5479.22 
2014-12-17,5391.67 
2014-12-18,5386.03 
2014-12-19,5411.55 
2014-12-22,5464.55 
2014-12-23,5583.72 
2014-12-24,5535.30 
2014-12-25,5586.89 
2014-12-26,5616.52 
2014-12-29,5608.09 
2014-12-30,5568.83 
2014-12-31,5609.24 
2015-01-05,5938.94 
2015-01-06,5896.97 
2015-01-07,5811.01 
2015-01-08,5829.61 
2015-01-09,5788.31 
2015-01-12,5667.03 
2015-01-13,5632.98 
2015-01-14,5556.36 
2015-01-15,5621.85 
2015-01-16,5649.89 
2015-01-19,5332.74 
2015-01-20,5431.35 
2015-01-21,5565.38 
2015-01-22,5575.79 
2015-01-23,5514.93 
2015-01-26,5590.74 
2015-01-27,5592.76 
2015-01-28,5525.91 
2015-01-29,5473.65 
2015-01-30,5485.75 
2015-02-02,5395.39 
2015-02-03,5459.76 
2015-02-04,5438.14 
2015-02-05,5370.16 
2015-02-06,5269.68 
2015-02-09,5417.06 
2015-02-10,5455.17 
2015-02-11,5471.93 
2015-02-12,5486.73 
2015-02-13,5493.37 
2015-02-16,5510.86 
2015-02-17,5483.96 
2015-02-25,5451.71 
2015-02-26,5535.73 
2015-02-27,5609.96 
2015-03-02,5610.35 
2015-03-03,5521.27 
2015-03-04,5587.96 
2015-03-05,5562.59 
2015-03-06,5548.19 
2015-03-09,5652.71 
2015-03-10,5619.95 
2015-03-11,5675.35 
2015-03-12,5694.58 
2015-03-13,5696.09 
2015-03-16,5826.01 
2015-03-17,5925.96 
2015-03-18,6011.03 
2015-03-19,5963.93 
2015-03-20,5967.77 
2015-03-23,6041.84 
2015-03-24,6056.76 
2015-03-25,6016.24 
2015-03-26,6160.81 
2015-03-27,6106.59 
2015-03-30,6174.94 
2015-03-31,6122.45 
2015-04-01,6160.41 
2015-04-02,6192.82 
2015-04-03,6247.04 
2015-04-07,6388.73 
2015-04-08,6445.25 
2015-04-09,6344.00 
2015-04-10,6435.06 
2015-04-13,6558.28 
2015-04-14,6607.70 
2015-04-15,6481.27 
2015-04-16,6927.55 
2015-04-17,6934.77 
2015-04-20,6819.65 
2015-04-21,7294.78 
2015-04-22,7430.75 
2015-04-23,7368.56 
2015-04-24,7348.31 
2015-04-27,7354.93 
2015-04-28,7098.62 
2015-04-29,7172.54 
2015-04-30,7206.17 
2015-05-04,7290.82 
2015-05-05,6981.32 
2015-05-06,6909.50 
2015-05-07,6905.48 
2015-05-08,7137.71 
2015-05-11,7272.67 
2015-05-12,7261.06 
2015-05-13,7343.73 
2015-05-14,7268.84 
2015-05-15,7142.23 
2015-05-18,7147.84 
2015-05-19,7342.33 
2015-05-20,7421.29 
2015-05-21,7592.91 
2015-05-22,7853.45 
2015-05-25,8069.38 
2015-05-26,8232.65 
2015-05-27,8181.47 
2015-05-28,7749.78 
2015-05-29,7791.50 
2015-06-01,8138.66 
2015-06-02,8246.27 
2015-06-03,8213.25 
2015-06-04,8152.02 
2015-06-05,8251.26 
2015-06-08,8466.31 
2015-06-09,8370.69 
2015-06-10,8549.77 
2015-06-11,8635.59 
2015-06-12,8908.00 
2015-06-15,8895.30 
2015-06-16,8548.14 
2015-06-17,8674.76 
2015-06-18,8325.41 
2015-06-19,7814.56 
2015-06-23,8175.12 
2015-06-24,8512.53 
2015-06-25,8241.61 
2015-06-26,7702.07 
2015-06-29,7666.44 
2015-06-30,7981.19 
2015-07-01,7686.31 
2015-07-02,7267.01 
2015-07-03,6805.99 
2015-07-06,6777.61 
2015-07-07,6429.89 
2015-07-08,6112.36 
2015-07-09,6595.47 
2015-07-10,6993.18 
2015-07-13,7237.89 
2015-07-14,7033.52 
2015-07-15,6714.66 
2015-07-16,6804.88 
2015-07-17,7030.08 
2015-07-20,6981.44 
2015-07-21,7000.79 
2015-07-22,7001.71 
2015-07-23,7160.70 
2015-07-24,7080.25 
2015-07-27,6468.87 
2015-07-28,6504.25 
2015-07-29,6693.66 
2015-07-30,6589.19 
2015-07-31,6639.80 
2015-08-03,6655.75 
2015-08-04,6839.88 
2015-08-05,6724.84 
2015-08-06,6649.90 
2015-08-07,6751.97 
2015-08-10,6963.45 
2015-08-11,6937.68 
2015-08-12,6861.31 
2015-08-13,6924.52 
2015-08-14,6962.11 
2015-08-17,6981.73 
2015-08-18,6625.78 
2015-08-19,6743.78 
2015-08-20,6562.83 
2015-08-21,6239.17 
2015-08-24,5750.25 
2015-08-25,5589.09 
2015-08-26,5617.63 
2015-08-27,5865.00 
2015-08-28,5984.04 
2015-08-31,5909.91 
2015-09-01,5779.74 
2015-09-02,5819.24 
2015-09-07,5737.00 
2015-09-08,5853.70 
2015-09-09,5981.71 
2015-09-10,5926.02 
2015-09-11,5924.56 
2015-09-14,5822.47 
2015-09-15,5701.86 
2015-09-16,5918.14 
2015-09-17,5779.66 
2015-09-18,5801.61 
2015-09-21,5881.83 
2015-09-22,5919.52 
2015-09-23,5807.73 
2015-09-24,5839.40 
2015-09-25,5776.95 
2015-09-28,5779.68 
2015-09-29,5735.86 
2015-09-30,5754.45 
2015-10-08,5922.25 
2015-10-09,5950.76 
2015-10-12,6086.65 
2015-10-13,6111.70 
2015-10-14,6067.24 
2015-10-15,6160.50 
2015-10-16,6196.48 
2015-10-19,6200.97 
2015-10-20,6224.45 
2015-10-21,6027.14 
2015-10-22,6116.03 
2015-10-23,6298.97 
2015-10-26,6398.67 
2015-10-27,6372.87 
2015-10-28,6293.57 
2015-10-29,6356.04 
2015-10-30,6380.05 
2015-11-02,6301.17 
2015-11-03,6281.93 
2015-11-04,6524.18 
2015-11-05,6565.10 
2015-11-06,6639.79 
2015-11-09,6703.40 
2015-11-10,6709.45 
2015-11-11,6730.83 
2015-11-12,6710.42 
2015-11-13,6583.48 
2015-11-16,6625.01 
2015-11-17,6653.42 
2015-11-18,6632.54 
2015-11-19,6696.77 
2015-11-20,6683.54 
2015-11-23,6667.03 
2015-11-24,6659.98 
2015-11-25,6724.95 
2015-11-26,6692.22 
2015-11-27,6393.11 
2015-11-30,6452.88 
2015-12-01,6534.47 
2015-12-02,6710.42 
2015-12-03,6761.71 
2015-12-04,6688.53 
2015-12-07,6719.56 
2015-12-08,6555.69 
2015-12-09,6574.71 
2015-12-10,6524.64 
2015-12-11,6513.02 
2015-12-14,6627.91 
2015-12-15,6665.43 
2015-12-16,6646.49 
2015-12-17,6767.99 
2015-12-18,6839.59 
2015-12-21,7183.84 
2015-12-22,7145.96 
2015-12-23,7071.49 
2015-12-24,7082.36 
2015-12-25,7059.90 
2015-12-28,6892.19 
2015-12-29,6985.11 
2015-12-30,6991.74 
2015-12-31,6963.63 
2016-01-04,6503.51 
2016-01-05,6532.65 
2016-01-06,6637.88 
2016-01-07,6195.78 
2016-01-08,6289.51 
2016-01-11,5976.95 
2016-01-12,5934.91 
2016-01-13,5892.94 
2016-01-14,6035.17 
2016-01-15,5850.05 
2016-01-18,5890.74 
2016-01-19,6138.45 
2016-01-20,6006.65 
2016-01-21,5868.00 
2016-01-22,5926.77 
2016-01-25,5988.05 
2016-01-26,5750.16 
2016-01-27,5704.59 
2016-01-28,5566.73 
2016-01-29,5742.76 
2016-02-01,5746.86 
2016-02-02,5867.56 
2016-02-03,5862.49 
2016-02-04,5919.83 
2016-02-05,5851.68 
2016-02-15,5767.03 
2016-02-16,5929.70 
2016-02-17,5930.31 
2016-02-18,5903.06 
2016-02-19,5908.39 
2016-02-22,6042.71 
2016-02-23,6138.96 
2016-02-24,6197.18 
2016-02-25,5867.57 
2016-02-26,5935.39 
2016-02-29,5761.45 
2016-03-01,5865.03 
2016-03-02,6100.03 
2016-03-03,6168.77 
2016-03-04,6291.63 
2016-03-07,6311.21 
2016-03-08,6241.71 
2016-03-09,6155.27 
2016-03-10,6181.02 
2016-03-11,6171.08 
2016-03-14,6205.98 
2016-03-15,6260.03 
2016-03-16,6203.15 
2016-03-17,6288.16 
2016-03-18,6346.64 
2016-03-21,6466.65 
2016-03-22,6491.25 
2016-03-23,6494.02 
2016-03-24,6579.37 
2016-03-25,6656.08 
2016-03-28,6776.18 
2016-03-29,6682.12 
2016-03-30,6777.51 
2016-03-31,6780.51 
2016-04-01,6740.37 
2016-04-05,6813.41 
2016-04-06,6989.30 
2016-04-07,6862.33 
2016-04-08,6746.39 
2016-04-11,6742.54 
2016-04-12,6735.90 
2016-04-13,6744.92 
2016-04-14,6793.81 
2016-04-15,6818.22 
2016-04-18,6727.88 
2016-04-19,6733.79 
2016-04-20,6552.92 
2016-04-21,6582.49 
2016-04-22,6700.70 
2016-04-25,6719.70 
2016-04-26,6762.98 
2016-04-27,6787.99 
2016-04-28,6780.86 
2016-04-29,6917.16 
2016-05-03,7279.49 
2016-05-04,7218.71 
2016-05-05,7252.26 
2016-05-06,7005.28 
2016-05-09,6925.52 
2016-05-10,6998.34 
2016-05-11,7142.75 
2016-05-12,7069.66 
2016-05-13,7005.80 
2016-05-16,7081.79 
2016-05-17,6993.75 
2016-05-18,6853.03 
2016-05-19,6835.31 
2016-05-20,6926.39 
2016-05-23,7014.48 
2016-05-24,6912.03 
2016-05-25,6878.20 
2016-05-26,6865.39 
2016-05-27,6885.90 
2016-05-30,6892.10 
2016-05-31,7132.78 
2016-06-01,7141.74 
2016-06-02,7238.12 
2016-06-03,7535.11 
2016-06-06,7457.32 
2016-06-07,7522.52 
2016-06-08,7411.64 
2016-06-13,7188.00 
2016-06-14,7344.08 
2016-06-15,7507.48 
2016-06-16,7512.26 
2016-06-17,7640.68 
2016-06-20,7584.90 
2016-06-21,7493.64 
2016-06-22,7587.67 
2016-06-23,7531.12 
2016-06-24,7444.93 
2016-06-27,7699.42 
2016-06-28,7717.30 
2016-06-29,7696.21 
2016-06-30,7779.19 
2016-07-01,7697.02 
2016-07-04,7814.27 
2016-07-05,7936.06 
2016-07-06,8386.70 
2016-07-07,8293.18 
2016-07-08,8261.49 
2016-07-11,8456.87 
2016-07-12,8600.60 
2016-07-13,8444.55 
2016-07-14,8413.24 
2016-07-15,8429.98 
2016-07-18,8364.65 
2016-07-19,8164.46 
2016-07-20,8152.21 
2016-07-21,8240.82 
2016-07-22,8076.91 
2016-07-25,8114.91 
2016-07-26,8311.99 
2016-07-27,8105.23 
2016-07-28,8169.75 
2016-07-29,8152.90 
2016-08-01,7911.75 
2016-08-02,7914.58 
2016-08-03,7941.27 
2016-08-04,7949.70 
2016-08-05,7911.91 
2016-08-08,7996.63 
2016-08-09,8151.89 
2016-08-10,8114.96 
2016-08-11,8128.11 
2016-08-12,8144.97 
2016-08-15,8279.19 
2016-08-16,8161.22 
2016-08-17,8188.00 
2016-08-18,8146.17 
2016-08-19,8115.11 
2016-08-22,8095.49 
2016-08-23,8069.99 
2016-08-24,8033.94 
2016-08-25,7967.80 
2016-08-26,7951.09 
2016-08-29,7984.06 
2016-08-30,7988.80 
2016-08-31,8074.13 
2016-09-01,7999.57 
2016-09-02,7931.49 
2016-09-05,7978.75 
2016-09-06,8041.29 
2016-09-07,7976.47 
2016-09-08,7963.89 
2016-09-09,7908.35 
2016-09-12,7673.88 
2016-09-13,7736.21 
2016-09-14,7721.64 
2016-09-19,7776.17 
2016-09-20,7732.17 
2016-09-21,7721.81 
2016-09-22,7819.94 
2016-09-23,7808.69 
2016-09-26,7597.40 
2016-09-27,7655.37 
2016-09-28,7613.09 
2016-09-29,7669.47 
2016-09-30,7795.31 
2016-10-10,7924.26 
2016-10-11,7996.72 
2016-10-12,7977.79 
2016-10-13,7941.27 
2016-10-14,7958.50 
2016-10-17,7905.88 
2016-10-18,8045.03 
2016-10-19,8054.46 
2016-10-20,8021.75 
2016-10-21,7984.15 
2016-10-24,8038.23 
2016-10-25,8185.46 
2016-10-26,8288.52 
2016-10-27,8296.61 
2016-10-28,8296.28 
2016-10-31,8285.77 
2016-11-01,8345.83 
2016-11-02,8253.77 
2016-11-03,8286.19 
2016-11-04,8232.41 
2016-11-07,8224.65 
2016-11-08,8330.75 
2016-11-09,8257.40 
2016-11-10,8334.26 
2016-11-11,8283.76 
2016-11-14,8223.41 
2016-11-15,8314.13 
2016-11-16,8267.10 
2016-11-17,8225.26 
2016-11-18,8187.00 
2016-11-21,8187.49 
2016-11-22,8198.19 
2016-11-23,8278.91 
2016-11-24,8320.19 
2016-11-25,8328.04 
2016-11-28,8353.18 
2016-11-29,8447.13 
2016-11-30,8312.79 
2016-12-01,8343.49 
2016-12-02,8279.75 
2016-12-05,8194.75 
2016-12-06,8353.38 
2016-12-07,8380.95 
2016-12-08,8521.85 
2016-12-09,8523.91 
2016-12-12,8220.84 
2016-12-13,8403.67 
2016-12-14,8350.75 
2016-12-15,8308.16 
2016-12-16,8314.55 
2016-12-19,8338.63 
2016-12-20,8282.11 
2016-12-21,8333.98 
2016-12-22,8266.78 
2016-12-23,8129.50 
2016-12-26,8173.82 
2016-12-27,8186.06 
2016-12-28,8137.09 
2016-12-29,8164.79 
2016-12-30,8302.12 
2017-01-03,8341.67 
2017-01-04,8620.12 
2017-01-05,8573.48 
2017-01-06,8582.15 
2017-01-09,8575.41 
2017-01-10,8580.68 
2017-01-11,8463.04 
2017-01-12,8435.33 
2017-01-13,8356.09 
2017-01-16,8235.54 
2017-01-17,8359.70 
2017-01-18,8484.70 
2017-01-19,8441.55 
2017-01-20,8482.40 
2017-01-23,8486.82 
2017-01-24,8486.65 
2017-01-25,8474.72 
2017-01-26,8440.41 
2017-02-03,8424.73 
2017-02-06,8460.27 
2017-02-07,8433.71 
2017-02-08,8479.74 
2017-02-09,8585.25 
2017-02-10,8598.02 
2017-02-13,8770.31 
2017-02-14,8796.39 
2017-02-15,8730.66 
2017-02-16,8738.70 
2017-02-17,8800.05 
2017-02-20,9090.64 
2017-02-21,9060.71 
2017-02-22,9173.37 
2017-02-23,9109.39 
2017-02-24,9100.42 
2017-02-27,8923.56 
2017-02-28,8933.31 
2017-03-01,9002.43 
2017-03-02,8999.59 
2017-03-03,9014.18 
2017-03-06,9074.96 
2017-03-07,9258.95 
2017-03-08,9222.04 
2017-03-09,9198.12 
2017-03-10,9213.10 
2017-03-13,9323.21 
2017-03-14,9258.33 
2017-03-15,9301.97 
2017-03-16,9295.36 
2017-03-17,9303.76 
2017-03-20,9398.54 
2017-03-21,9665.79 
2017-03-22,9685.30 
2017-03-23,9595.19 
2017-03-24,9562.76 
2017-03-27,9414.62 
2017-03-28,9411.09 
2017-03-29,9445.15 
2017-03-30,9379.47 
2017-03-31,9404.37 
2017-04-05,9491.74 
2017-04-06,9494.63 
2017-04-07,9460.61 
2017-04-10,9292.99 
2017-04-11,9256.57 
2017-04-12,9342.27 
2017-04-13,9493.93 
2017-04-14,9391.18 
2017-04-17,9404.82 
2017-04-18,9577.14 
2017-04-19,9562.29 
2017-04-20,9808.38 
2017-04-21,9605.90 
2017-04-24,9403.30 
2017-04-25,9724.82 
2017-04-26,9667.29 
2017-04-27,9714.01 
2017-04-28,9519.61 
2017-05-02,9442.46 
2017-05-03,9515.86 
2017-05-04,9476.81 
2017-05-05,9426.43 
2017-05-08,9204.63 
2017-05-09,9290.08 
2017-05-10,9258.10 
2017-05-11,9302.90 
2017-05-12,9307.24 
2017-05-15,9429.64 
2017-05-16,9693.43 
2017-05-17,9589.99 
2017-05-18,9591.32 
2017-05-19,9711.87 
2017-05-22,9672.58 
2017-05-23,9838.42 
2017-05-24,9780.29 
2017-05-25,9803.20 
2017-05-26,9819.54 
2017-05-31,9743.59 
2017-06-01,9774.79 
2017-06-02,9744.62 
2017-06-05,9676.92 
2017-06-06,9806.46 
2017-06-07,10083.77 
2017-06-08,10186.14 
2017-06-09,10263.55 
2017-06-12,10453.64 
2017-06-13,10453.21 
2017-06-14,10406.82 
2017-06-15,10234.03 
2017-06-16,10168.11 
2017-06-19,10256.02 
2017-06-20,10203.96 
2017-06-21,10402.87 
2017-06-22,10347.56 
2017-06-23,10382.59 
2017-06-26,10644.42 
2017-06-27,10648.73 
2017-06-28,10465.54 
2017-06-29,10442.73 
2017-06-30,10456.05 
2017-07-03,10257.81 
2017-07-04,10094.76 
2017-07-05,10227.18 
2017-07-06,10161.06 
2017-07-07,10020.94 
2017-07-10,10143.92 
2017-07-11,10254.02 
2017-07-12,10120.37 
2017-07-13,10131.21 
2017-07-14,10177.73 
2017-07-17,9941.83 
2017-07-18,10029.41 
2017-07-19,10173.48 
2017-07-20,10350.43 
2017-07-21,10456.25 
2017-07-24,10591.39 
2017-07-25,10564.03 
2017-07-26,10423.14 
2017-07-27,10477.90 
2017-07-28,10789.92 
2017-07-31,10833.89 
2017-08-01,10853.15 
2017-08-02,10779.86 
2017-08-03,10657.26 
2017-08-04,10579.89 
2017-08-07,10857.92 
2017-08-08,10835.69 
2017-08-09,11091.12 
2017-08-10,11171.76 
2017-08-11,10925.59 
2017-08-14,11158.38 
2017-08-15,11133.24 
2017-08-16,11099.91 
2017-08-17,11001.93 
2017-08-18,10952.14 
2017-08-21,10923.32 
