指标名称,产量:石油:世界总量:当月值,Wind行业指数:石油、天然气与供消费用燃料,申万行业指数:石油化工
2010-01-04,,4815.01 ,4183.38 
2010-01-05,,4893.86 ,4210.58 
2010-01-06,,4833.08 ,4122.38 
2010-01-07,,4724.08 ,4014.26 
2010-01-08,,4670.24 ,3979.34 
2010-01-11,,4643.81 ,3961.65 
2010-01-12,,4727.98 ,4048.14 
2010-01-13,,4521.54 ,3909.98 
2010-01-14,,4562.41 ,3938.24 
2010-01-15,,4579.42 ,3976.67 
2010-01-18,,4548.44 ,3944.05 
2010-01-19,,4590.19 ,3978.52 
2010-01-20,,4393.23 ,3795.77 
2010-01-21,,4326.69 ,3762.45 
2010-01-22,,4248.16 ,3716.89 
2010-01-25,,4225.96 ,3696.52 
2010-01-26,,4056.71 ,3551.82 
2010-01-27,,4023.87 ,3504.80 
2010-01-28,,4040.63 ,3514.54 
2010-01-29,,4012.74 ,3489.22 
2010-01-31,86664.62 ,,
2010-02-01,,3886.72 ,3406.16 
2010-02-02,,3881.55 ,3392.75 
2010-02-03,,4034.84 ,3465.91 
2010-02-04,,3978.63 ,3423.47 
2010-02-05,,3860.83 ,3341.10 
2010-02-08,,3854.80 ,3310.04 
2010-02-09,,3877.25 ,3324.32 
2010-02-10,,3939.45 ,3373.08 
2010-02-11,,3946.90 ,3386.99 
2010-02-12,,4014.11 ,3437.70 
2010-02-22,,3971.18 ,3405.11 
2010-02-23,,3908.09 ,3364.89 
2010-02-24,,3964.51 ,3418.13 
2010-02-25,,4024.46 ,3464.76 
2010-02-26,,4002.95 ,3466.67 
2010-02-28,87283.63 ,,
2010-03-01,,4053.11 ,3500.78 
2010-03-02,,3997.64 ,3465.31 
2010-03-03,,4024.01 ,3477.47 
2010-03-04,,3928.40 ,3394.61 
2010-03-05,,3919.42 ,3394.28 
2010-03-08,,3951.65 ,3416.70 
2010-03-09,,3999.83 ,3435.09 
2010-03-10,,3999.35 ,3454.69 
2010-03-11,,4041.72 ,3518.31 
2010-03-12,,3980.41 ,3464.18 
2010-03-15,,3906.28 ,3414.11 
2010-03-16,,3935.83 ,3467.86 
2010-03-17,,4003.09 ,3516.44 
2010-03-18,,4010.07 ,3514.17 
2010-03-19,,4061.94 ,3559.01 
2010-03-22,,4075.03 ,3560.78 
2010-03-23,,4072.07 ,3550.66 
2010-03-24,,4062.14 ,3547.26 
2010-03-25,,4017.91 ,3517.44 
2010-03-26,,4105.13 ,3608.16 
2010-03-29,,4215.97 ,3672.54 
2010-03-30,,4220.20 ,3658.79 
2010-03-31,87628.10 ,4151.25 ,3598.29 
2010-04-01,,4201.56 ,3636.09 
2010-04-02,,4272.71 ,3677.74 
2010-04-06,,4261.71 ,3636.81 
2010-04-07,,4229.65 ,3605.87 
2010-04-08,,4128.59 ,3537.37 
2010-04-09,,4170.34 ,3564.47 
2010-04-12,,4101.03 ,3493.26 
2010-04-13,,4182.96 ,3566.70 
2010-04-14,,4179.79 ,3557.70 
2010-04-15,,4244.45 ,3609.59 
2010-04-16,,4157.90 ,3541.82 
2010-04-19,,3922.08 ,3360.01 
2010-04-20,,3874.96 ,3297.72 
2010-04-21,,3946.58 ,3328.47 
2010-04-22,,3893.70 ,3265.26 
2010-04-23,,3874.52 ,3215.89 
2010-04-26,,3843.39 ,3191.56 
2010-04-27,,3755.06 ,3117.47 
2010-04-28,,3760.20 ,3126.13 
2010-04-29,,3705.27 ,3093.02 
2010-04-30,87883.65 ,3741.13 ,3125.44 
2010-05-04,,3713.43 ,3091.21 
2010-05-05,,3692.84 ,3073.58 
2010-05-06,,3461.77 ,2912.32 
2010-05-07,,3316.88 ,2820.02 
2010-05-10,,3358.54 ,2837.47 
2010-05-11,,3308.80 ,2787.32 
2010-05-12,,3317.70 ,2794.28 
2010-05-13,,3427.21 ,2882.33 
2010-05-14,,3393.95 ,2857.76 
2010-05-17,,3211.08 ,2724.55 
2010-05-18,,3252.44 ,2729.05 
2010-05-19,,3277.27 ,2752.70 
2010-05-20,,3243.30 ,2718.53 
2010-05-21,,3269.04 ,2734.59 
2010-05-24,,3399.73 ,2828.05 
2010-05-25,,3304.93 ,2755.07 
2010-05-26,,3296.26 ,2754.34 
2010-05-27,,3347.09 ,2783.68 
2010-05-28,,3341.83 ,2778.80 
2010-05-31,88221.83 ,3242.15 ,2702.79 
2010-06-01,,3196.56 ,2663.45 
2010-06-02,,3209.96 ,2661.06 
2010-06-03,,3171.15 ,2632.66 
2010-06-04,,3175.94 ,2636.18 
2010-06-07,,3095.14 ,2575.17 
2010-06-08,,3086.65 ,2569.17 
2010-06-09,,3177.76 ,2638.58 
2010-06-10,,3131.98 ,2605.62 
2010-06-11,,3168.09 ,2626.76 
2010-06-17,,3161.15 ,2629.30 
2010-06-18,,3130.22 ,2610.68 
2010-06-21,,3214.97 ,2675.94 
2010-06-22,,3226.77 ,2700.56 
2010-06-23,,3179.05 ,2673.28 
2010-06-24,,3164.92 ,2658.57 
2010-06-25,,3142.26 ,2648.58 
2010-06-28,,3090.39 ,2614.23 
2010-06-29,,2980.85 ,2529.19 
2010-06-30,88348.95 ,2897.86 ,2469.84 
2010-07-01,,2872.65 ,2463.70 
2010-07-02,,2869.39 ,2467.67 
2010-07-05,,2831.23 ,2446.25 
2010-07-06,,2895.72 ,2491.00 
2010-07-07,,2905.05 ,2499.46 
2010-07-08,,2900.63 ,2506.45 
2010-07-09,,3003.10 ,2555.33 
2010-07-12,,3037.53 ,2574.50 
2010-07-13,,2979.83 ,2525.01 
2010-07-14,,3014.57 ,2562.10 
2010-07-15,,2946.55 ,2507.12 
2010-07-16,,2953.09 ,2481.97 
2010-07-19,,3069.75 ,2555.75 
2010-07-20,,3174.47 ,2645.93 
2010-07-21,,3179.57 ,2656.84 
2010-07-22,,3206.33 ,2675.28 
2010-07-23,,3219.29 ,2677.31 
2010-07-26,,3250.66 ,2707.30 
2010-07-27,,3232.61 ,2695.17 
2010-07-28,,3323.70 ,2765.24 
2010-07-29,,3348.89 ,2795.87 
2010-07-30,,3332.69 ,2810.07 
2010-07-31,88776.71 ,,
2010-08-02,,3356.06 ,2817.98 
2010-08-03,,3315.63 ,2758.43 
2010-08-04,,3318.58 ,2755.81 
2010-08-05,,3264.06 ,2716.77 
2010-08-06,,3308.23 ,2753.17 
2010-08-09,,3320.78 ,2747.32 
2010-08-10,,3196.88 ,2640.92 
2010-08-11,,3196.95 ,2642.61 
2010-08-12,,3147.82 ,2610.55 
2010-08-13,,3197.82 ,2648.34 
2010-08-16,,3285.85 ,2716.82 
2010-08-17,,3290.34 ,2705.55 
2010-08-18,,3279.63 ,2686.84 
2010-08-19,,3391.03 ,2780.02 
2010-08-20,,3293.76 ,2712.80 
2010-08-23,,3268.64 ,2693.88 
2010-08-24,,3277.50 ,2697.35 
2010-08-25,,3190.84 ,2628.94 
2010-08-26,,3213.79 ,2635.43 
2010-08-27,,3210.05 ,2642.13 
2010-08-30,,3256.40 ,2675.33 
2010-08-31,88731.96 ,3227.44 ,2644.45 
2010-09-01,,3221.44 ,2632.11 
2010-09-02,,3268.37 ,2682.53 
2010-09-03,,3249.15 ,2666.65 
2010-09-06,,3343.41 ,2741.97 
2010-09-07,,3333.41 ,2732.22 
2010-09-08,,3322.23 ,2712.80 
2010-09-09,,3239.59 ,2660.45 
2010-09-10,,3232.86 ,2659.52 
2010-09-13,,3266.54 ,2693.03 
2010-09-14,,3254.53 ,2694.24 
2010-09-15,,3219.24 ,2686.83 
2010-09-16,,3147.81 ,2630.78 
2010-09-17,,3137.87 ,2617.17 
2010-09-20,,3122.47 ,2608.38 
2010-09-21,,3135.98 ,2623.05 
2010-09-27,,3165.02 ,2632.02 
2010-09-28,,3111.87 ,2590.96 
2010-09-29,,3161.17 ,2610.43 
2010-09-30,88868.45 ,3228.48 ,2667.20 
2010-10-08,,3405.63 ,2753.61 
2010-10-11,,3571.05 ,2823.46 
2010-10-12,,3713.65 ,2932.10 
2010-10-13,,3673.28 ,2903.50 
2010-10-14,,3735.69 ,2923.69 
2010-10-15,,3857.89 ,3038.01 
2010-10-18,,3811.78 ,3014.68 
2010-10-19,,3919.04 ,3035.76 
2010-10-20,,3945.20 ,2953.71 
2010-10-21,,3934.74 ,2962.50 
2010-10-22,,3917.29 ,2936.25 
2010-10-25,,4050.58 ,2997.47 
2010-10-26,,4026.78 ,2991.33 
2010-10-27,,3929.76 ,2947.08 
2010-10-28,,3890.45 ,2939.51 
2010-10-29,,3863.86 ,2910.88 
2010-10-31,88700.87 ,,
2010-11-01,,4017.97 ,2973.99 
2010-11-02,,3941.29 ,2972.53 
2010-11-03,,3870.58 ,2975.04 
2010-11-04,,3955.85 ,3028.90 
2010-11-05,,3985.54 ,3039.03 
2010-11-08,,4019.15 ,3059.39 
2010-11-09,,3958.87 ,3013.86 
2010-11-10,,3937.84 ,2984.46 
2010-11-11,,4156.81 ,3121.52 
2010-11-12,,4021.95 ,3009.11 
2010-11-15,,3944.90 ,2954.55 
2010-11-16,,3691.48 ,2808.89 
2010-11-17,,3624.14 ,2745.68 
2010-11-18,,3660.67 ,2771.12 
2010-11-19,,3636.83 ,2770.63 
2010-11-22,,3603.34 ,2751.93 
2010-11-23,,3513.34 ,2698.98 
2010-11-24,,3555.57 ,2728.30 
2010-11-25,,3615.41 ,2759.30 
2010-11-26,,3587.90 ,2742.46 
2010-11-29,,3563.53 ,2746.18 
2010-11-30,89173.90 ,3565.20 ,2715.26 
2010-12-01,,3542.94 ,2707.65 
2010-12-02,,3579.67 ,2729.20 
2010-12-03,,3600.41 ,2733.72 
2010-12-06,,3713.38 ,2776.35 
2010-12-07,,3724.81 ,2761.80 
2010-12-08,,3664.92 ,2732.70 
2010-12-09,,3603.03 ,2694.42 
2010-12-10,,3633.06 ,2711.84 
2010-12-13,,3786.76 ,2789.53 
2010-12-14,,3760.70 ,2768.24 
2010-12-15,,3755.79 ,2767.84 
2010-12-16,,3747.02 ,2751.20 
2010-12-17,,3711.28 ,2738.77 
2010-12-20,,3641.99 ,2697.09 
2010-12-21,,3740.63 ,2744.38 
2010-12-22,,3707.85 ,2736.27 
2010-12-23,,3695.27 ,2703.44 
2010-12-24,,3679.56 ,2694.20 
2010-12-27,,3635.76 ,2662.09 
2010-12-28,,3583.40 ,2637.77 
2010-12-29,,3574.88 ,2646.17 
2010-12-30,,3590.42 ,2639.00 
2010-12-31,89017.77 ,3647.08 ,2662.06 
2011-01-04,,3714.84 ,2704.52 
2011-01-05,,3696.36 ,2684.93 
2011-01-06,,3660.75 ,2684.93 
2011-01-07,,3653.75 ,2665.85 
2011-01-10,,3627.73 ,2667.14 
2011-01-11,,3667.29 ,2678.67 
2011-01-12,,3671.61 ,2705.07 
2011-01-13,,3711.73 ,2729.13 
2011-01-14,,3683.31 ,2708.21 
2011-01-17,,3628.21 ,2619.37 
2011-01-18,,3602.73 ,2603.57 
2011-01-19,,3670.52 ,2658.83 
2011-01-20,,3544.97 ,2559.78 
2011-01-21,,3587.78 ,2585.83 
2011-01-24,,3595.87 ,2553.27 
2011-01-25,,3564.57 ,2521.29 
2011-01-26,,3584.52 ,2558.96 
2011-01-27,,3639.49 ,2580.39 
2011-01-28,,3620.84 ,2593.80 
2011-01-31,89641.34 ,3679.03 ,2663.50 
2011-02-01,,3736.05 ,2669.16 
2011-02-09,,3656.42 ,2614.20 
2011-02-10,,3693.44 ,2650.41 
2011-02-11,,3676.34 ,2668.19 
2011-02-14,,3779.56 ,2726.50 
2011-02-15,,3791.00 ,2742.37 
2011-02-16,,3818.51 ,2769.86 
2011-02-17,,3813.53 ,2797.81 
2011-02-18,,3761.52 ,2752.98 
2011-02-21,,3812.67 ,2805.93 
2011-02-22,,3732.80 ,2727.92 
2011-02-23,,3699.97 ,2779.38 
2011-02-24,,3731.61 ,2793.90 
2011-02-25,,3702.08 ,2777.64 
2011-02-28,88536.31 ,3719.44 ,2798.38 
2011-03-01,,3733.45 ,2806.00 
2011-03-02,,3738.39 ,2788.42 
2011-03-03,,3744.15 ,2737.66 
2011-03-04,,3802.56 ,2773.24 
2011-03-07,,3965.43 ,2827.45 
2011-03-08,,3959.19 ,2803.51 
2011-03-09,,3936.11 ,2806.61 
2011-03-10,,3865.97 ,2786.79 
2011-03-11,,3832.04 ,2785.24 
2011-03-14,,3819.72 ,2793.58 
2011-03-15,,3746.67 ,2746.61 
2011-03-16,,3787.59 ,2775.29 
2011-03-17,,3811.32 ,2761.67 
2011-03-18,,3807.72 ,2777.97 
2011-03-21,,3839.79 ,2791.32 
2011-03-22,,3839.41 ,2760.24 
2011-03-23,,3865.36 ,2793.61 
2011-03-24,,3878.52 ,2815.65 
2011-03-25,,3908.28 ,2832.19 
2011-03-28,,3929.17 ,2834.16 
2011-03-29,,3883.75 ,2804.48 
2011-03-30,,3897.11 ,2790.18 
2011-03-31,87680.97 ,3876.08 ,2732.58 
2011-04-01,,3931.37 ,2742.16 
2011-04-06,,3982.85 ,2801.66 
2011-04-07,,3972.13 ,2817.70 
2011-04-08,,4001.86 ,2885.96 
2011-04-11,,4018.83 ,2872.05 
2011-04-12,,3987.41 ,2882.47 
2011-04-13,,4003.76 ,2915.38 
2011-04-14,,3982.15 ,2944.55 
2011-04-15,,3978.70 ,2994.46 
2011-04-18,,4011.49 ,3008.08 
2011-04-19,,3921.96 ,2946.83 
2011-04-20,,3924.03 ,2930.70 
2011-04-21,,3959.81 ,2938.53 
2011-04-22,,3921.65 ,2922.34 
2011-04-25,,3854.20 ,2875.03 
2011-04-26,,3834.04 ,2845.16 
2011-04-27,,3831.00 ,2810.60 
2011-04-28,,3822.00 ,2748.28 
2011-04-29,,3859.39 ,2812.82 
2011-04-30,87649.83 ,,
2011-05-03,,3867.25 ,2858.12 
2011-05-04,,3745.20 ,2770.40 
2011-05-05,,3733.75 ,2785.63 
2011-05-06,,3663.86 ,2754.94 
2011-05-09,,3667.40 ,2742.53 
2011-05-10,,3692.69 ,2763.63 
2011-05-11,,3682.90 ,2787.24 
2011-05-12,,3631.40 ,2750.49 
2011-05-13,,3674.92 ,2788.29 
2011-05-16,,3646.33 ,2810.55 
2011-05-17,,3668.87 ,2780.25 
2011-05-18,,3680.11 ,2797.78 
2011-05-19,,3671.34 ,2791.20 
2011-05-20,,3681.26 ,2822.49 
2011-05-23,,3593.02 ,2716.90 
2011-05-24,,3559.99 ,2714.09 
2011-05-25,,3579.93 ,2681.95 
2011-05-26,,3580.69 ,2669.41 
2011-05-27,,3599.24 ,2586.22 
2011-05-30,,3591.35 ,2559.11 
2011-05-31,87472.33 ,3630.75 ,2585.05 
2011-06-01,,3639.08 ,2605.66 
2011-06-02,,3601.07 ,2551.22 
2011-06-03,,3606.50 ,2579.14 
2011-06-07,,3635.67 ,2612.20 
2011-06-08,,3637.56 ,2622.55 
2011-06-09,,3610.03 ,2574.18 
2011-06-10,,3611.47 ,2578.70 
2011-06-13,,3603.54 ,2589.41 
2011-06-14,,3652.47 ,2639.67 
2011-06-15,,3657.43 ,2622.89 
2011-06-16,,3596.61 ,2563.63 
2011-06-17,,3604.55 ,2556.02 
2011-06-20,,3590.49 ,2515.22 
2011-06-21,,3629.67 ,2533.30 
2011-06-22,,3629.72 ,2532.07 
2011-06-23,,3669.53 ,2574.37 
2011-06-24,,3699.83 ,2637.63 
2011-06-27,,3708.53 ,2648.84 
2011-06-28,,3696.48 ,2657.14 
2011-06-29,,3681.27 ,2637.76 
2011-06-30,88395.09 ,3735.44 ,2677.27 
2011-07-01,,3754.83 ,2667.33 
2011-07-04,,3798.77 ,2731.97 
2011-07-05,,3803.92 ,2771.05 
2011-07-06,,3810.12 ,2782.18 
2011-07-07,,3774.50 ,2773.32 
2011-07-08,,3774.38 ,2773.49 
2011-07-11,,3762.84 ,2773.57 
2011-07-12,,3688.73 ,2739.45 
2011-07-13,,3723.87 ,2794.56 
2011-07-14,,3742.85 ,2823.18 
2011-07-15,,3739.93 ,2822.75 
2011-07-18,,3721.18 ,2816.71 
2011-07-19,,3722.19 ,2795.00 
2011-07-20,,3711.20 ,2789.54 
2011-07-21,,3671.63 ,2760.54 
2011-07-22,,3679.18 ,2771.14 
2011-07-25,,3601.01 ,2675.24 
2011-07-26,,3645.82 ,2686.29 
2011-07-27,,3683.69 ,2717.26 
2011-07-28,,3708.81 ,2699.74 
2011-07-29,,3666.30 ,2680.92 
2011-07-31,88836.39 ,,
2011-08-01,,3673.91 ,2692.89 
2011-08-02,,3640.44 ,2688.57 
2011-08-03,,3631.98 ,2689.53 
2011-08-04,,3636.72 ,2703.38 
2011-08-05,,3543.23 ,2635.34 
2011-08-08,,3401.56 ,2489.38 
2011-08-09,,3380.31 ,2489.00 
2011-08-10,,3408.95 ,2514.70 
2011-08-11,,3438.59 ,2549.24 
2011-08-12,,3446.83 ,2576.18 
2011-08-15,,3475.77 ,2603.69 
2011-08-16,,3461.01 ,2599.54 
2011-08-17,,3442.87 ,2596.46 
2011-08-18,,3384.22 ,2542.08 
2011-08-19,,3345.67 ,2518.83 
2011-08-22,,3328.36 ,2510.70 
2011-08-23,,3377.45 ,2549.82 
2011-08-24,,3361.67 ,2552.39 
2011-08-25,,3472.87 ,2607.81 
2011-08-26,,3457.96 ,2618.04 
2011-08-29,,3429.27 ,2628.55 
2011-08-30,,3422.36 ,2604.29 
2011-08-31,89326.46 ,3422.54 ,2595.47 
2011-09-01,,3407.47 ,2570.43 
2011-09-02,,3366.87 ,2532.15 
2011-09-05,,3288.25 ,2467.04 
2011-09-06,,3301.43 ,2468.96 
2011-09-07,,3353.99 ,2522.10 
2011-09-08,,3342.66 ,2484.89 
2011-09-09,,3343.18 ,2476.65 
2011-09-13,,3314.40 ,2428.46 
2011-09-14,,3337.39 ,2455.76 
2011-09-15,,3345.97 ,2474.69 
2011-09-16,,3352.26 ,2485.91 
2011-09-19,,3296.18 ,2430.34 
2011-09-20,,3314.39 ,2434.92 
2011-09-21,,3401.31 ,2499.55 
2011-09-22,,3317.59 ,2407.12 
2011-09-23,,3317.00 ,2390.02 
2011-09-26,,3306.25 ,2342.84 
2011-09-27,,3345.23 ,2377.01 
2011-09-28,,3346.67 ,2339.29 
2011-09-29,,3355.20 ,2315.15 
2011-09-30,88544.12 ,3354.67 ,2297.38 
2011-10-10,,3327.42 ,2226.19 
2011-10-11,,3279.53 ,2223.15 
2011-10-12,,3337.09 ,2312.04 
2011-10-13,,3357.03 ,2337.26 
2011-10-14,,3343.36 ,2323.37 
2011-10-17,,3359.10 ,2320.76 
2011-10-18,,3281.82 ,2260.60 
2011-10-19,,3284.88 ,2260.71 
2011-10-20,,3247.48 ,2240.23 
2011-10-21,,3215.88 ,2209.64 
2011-10-24,,3289.21 ,2258.11 
2011-10-25,,3331.68 ,2306.97 
2011-10-26,,3341.71 ,2315.70 
2011-10-27,,3349.95 ,2323.51 
2011-10-28,,3409.82 ,2369.62 
2011-10-31,89041.05 ,3381.62 ,2362.82 
2011-11-01,,3377.83 ,2369.99 
2011-11-02,,3407.74 ,2392.23 
2011-11-03,,3407.55 ,2408.07 
2011-11-04,,3453.70 ,2435.29 
2011-11-07,,3443.40 ,2450.20 
2011-11-08,,3479.88 ,2467.32 
2011-11-09,,3495.70 ,2481.68 
2011-11-10,,3440.19 ,2425.12 
2011-11-11,,3453.54 ,2440.41 
2011-11-14,,3518.09 ,2484.63 
2011-11-15,,3514.25 ,2514.63 
2011-11-16,,3420.89 ,2446.10 
2011-11-17,,3418.95 ,2482.58 
2011-11-18,,3356.84 ,2395.92 
2011-11-21,,3345.78 ,2421.02 
2011-11-22,,3335.46 ,2411.11 
2011-11-23,,3301.79 ,2386.49 
2011-11-24,,3301.88 ,2410.05 
2011-11-25,,3285.11 ,2406.80 
2011-11-28,,3303.94 ,2411.90 
2011-11-29,,3339.99 ,2463.19 
2011-11-30,89986.74 ,3229.34 ,2384.61 
2011-12-01,,3293.02 ,2440.63 
2011-12-02,,3270.47 ,2415.48 
2011-12-05,,3268.86 ,2400.31 
2011-12-06,,3289.61 ,2397.18 
2011-12-07,,3297.23 ,2399.22 
2011-12-08,,3287.01 ,2390.32 
2011-12-09,,3273.20 ,2361.18 
2011-12-12,,3227.22 ,2306.69 
2011-12-13,,3198.40 ,2225.51 
2011-12-14,,3194.88 ,2186.71 
2011-12-15,,3129.89 ,2155.76 
2011-12-16,,3180.26 ,2214.00 
2011-12-19,,3167.23 ,2204.56 
2011-12-20,,3177.71 ,2194.11 
2011-12-21,,3167.96 ,2153.74 
2011-12-22,,3181.28 ,2137.50 
2011-12-23,,3212.11 ,2162.26 
2011-12-26,,3183.00 ,2160.39 
2011-12-27,,3165.76 ,2105.43 
2011-12-28,,3189.80 ,2104.18 
2011-12-29,,3201.09 ,2078.09 
2011-12-30,,3211.85 ,2113.93 
2011-12-31,90436.02 ,,
2012-01-04,,3198.07 ,2112.81 
2012-01-05,,3195.91 ,2082.66 
2012-01-06,,3235.26 ,2100.37 
2012-01-09,,3337.99 ,2198.17 
2012-01-10,,3398.08 ,2263.19 
2012-01-11,,3371.64 ,2251.41 
2012-01-12,,3368.38 ,2245.49 
2012-01-13,,3377.08 ,2192.13 
2012-01-16,,3333.28 ,2169.57 
2012-01-17,,3454.87 ,2264.71 
2012-01-18,,3401.21 ,2209.90 
2012-01-19,,3426.99 ,2211.43 
2012-01-20,,3439.36 ,2232.76 
2012-01-30,,3388.59 ,2223.43 
2012-01-31,90680.91 ,3411.89 ,2225.71 
2012-02-01,,3392.58 ,2223.60 
2012-02-02,,3430.96 ,2255.72 
2012-02-03,,3433.18 ,2286.48 
2012-02-06,,3436.14 ,2291.07 
2012-02-07,,3383.09 ,2250.62 
2012-02-08,,3460.73 ,2316.21 
2012-02-09,,3455.83 ,2302.72 
2012-02-10,,3455.54 ,2297.49 
2012-02-13,,3441.34 ,2308.61 
2012-02-14,,3437.96 ,2301.97 
2012-02-15,,3454.88 ,2325.69 
2012-02-16,,3423.83 ,2305.62 
2012-02-17,,3419.67 ,2304.74 
2012-02-20,,3443.01 ,2321.03 
2012-02-21,,3444.10 ,2320.60 
2012-02-22,,3460.38 ,2353.87 
2012-02-23,,3479.12 ,2357.17 
2012-02-24,,3523.10 ,2395.51 
2012-02-27,,3544.46 ,2418.72 
2012-02-28,,3546.85 ,2419.23 
2012-02-29,91044.86 ,3515.97 ,2385.91 
2012-03-01,,3497.20 ,2390.87 
2012-03-02,,3548.22 ,2434.38 
2012-03-05,,3516.37 ,2445.39 
2012-03-06,,3452.63 ,2412.73 
2012-03-07,,3428.62 ,2404.89 
2012-03-08,,3454.37 ,2433.21 
2012-03-09,,3482.22 ,2458.97 
2012-03-12,,3459.57 ,2456.69 
2012-03-13,,3493.69 ,2489.01 
2012-03-14,,3415.90 ,2416.61 
2012-03-15,,3418.13 ,2402.80 
2012-03-16,,3446.94 ,2441.76 
2012-03-19,,3446.07 ,2482.00 
2012-03-20,,3420.54 ,2429.62 
2012-03-21,,3412.09 ,2413.53 
2012-03-22,,3389.42 ,2389.99 
2012-03-23,,3367.77 ,2350.93 
2012-03-26,,3375.14 ,2365.99 
2012-03-27,,3372.05 ,2362.06 
2012-03-28,,3287.98 ,2279.31 
2012-03-29,,3234.66 ,2249.06 
2012-03-30,,3242.39 ,2243.94 
2012-03-31,90556.68 ,,
2012-04-05,,3270.50 ,2282.21 
2012-04-06,,3272.37 ,2310.53 
2012-04-09,,3236.56 ,2287.73 
2012-04-10,,3257.30 ,2287.28 
2012-04-11,,3263.63 ,2289.07 
2012-04-12,,3324.74 ,2342.24 
2012-04-13,,3325.64 ,2356.55 
2012-04-16,,3319.24 ,2347.31 
2012-04-17,,3298.94 ,2337.04 
2012-04-18,,3350.71 ,2378.03 
2012-04-19,,3341.77 ,2378.18 
2012-04-20,,3372.13 ,2386.63 
2012-04-23,,3338.91 ,2351.51 
2012-04-24,,3343.44 ,2347.06 
2012-04-25,,3364.90 ,2345.48 
2012-04-26,,3369.89 ,2353.17 
2012-04-27,,3365.33 ,2312.78 
2012-04-30,90967.09 ,,
2012-05-02,,3454.18 ,2363.35 
2012-05-03,,3450.28 ,2376.06 
2012-05-04,,3445.09 ,2431.52 
2012-05-07,,3420.59 ,2453.45 
2012-05-08,,3404.21 ,2447.48 
2012-05-09,,3336.21 ,2415.45 
2012-05-10,,3326.25 ,2426.57 
2012-05-11,,3316.65 ,2412.29 
2012-05-14,,3295.24 ,2384.77 
2012-05-15,,3273.29 ,2387.40 
2012-05-16,,3240.18 ,2352.28 
2012-05-17,,3278.70 ,2373.18 
2012-05-18,,3235.12 ,2327.36 
2012-05-21,,3257.63 ,2357.17 
2012-05-22,,3281.68 ,2383.00 
2012-05-23,,3269.90 ,2366.87 
2012-05-24,,3256.51 ,2350.98 
2012-05-25,,3245.10 ,2336.79 
2012-05-28,,3276.37 ,2332.92 
2012-05-29,,3299.49 ,2372.81 
2012-05-30,,3282.42 ,2355.93 
2012-05-31,90544.86 ,3244.39 ,2383.65 
2012-06-01,,3239.63 ,2384.70 
2012-06-04,,3155.31 ,2290.66 
2012-06-05,,3162.10 ,2275.85 
2012-06-06,,3145.54 ,2276.46 
2012-06-07,,3129.41 ,2273.36 
2012-06-08,,3119.76 ,2275.46 
2012-06-11,,3162.57 ,2318.13 
2012-06-12,,3128.10 ,2285.29 
2012-06-13,,3135.73 ,2316.64 
2012-06-14,,3112.32 ,2278.12 
2012-06-15,,3131.66 ,2274.91 
2012-06-18,,3145.44 ,2273.64 
2012-06-19,,3121.24 ,2249.21 
2012-06-20,,3137.37 ,2249.86 
2012-06-21,,3080.30 ,2199.87 
2012-06-25,,3031.11 ,2118.01 
2012-06-26,,3020.39 ,2119.46 
2012-06-27,,3011.73 ,2136.35 
2012-06-28,,2987.27 ,2115.41 
2012-06-29,,3015.51 ,2133.51 
2012-06-30,90359.95 ,,
2012-07-02,,3008.96 ,2147.66 
2012-07-03,,3022.17 ,2146.03 
2012-07-04,,3025.31 ,2155.17 
2012-07-05,,3003.63 ,2088.71 
2012-07-06,,3019.89 ,2121.49 
2012-07-09,,2916.16 ,2095.85 
2012-07-10,,2932.64 ,2082.10 
2012-07-11,,2944.44 ,2078.70 
2012-07-12,,2981.44 ,2126.51 
2012-07-13,,2983.67 ,2122.59 
2012-07-16,,2959.68 ,2068.15 
2012-07-17,,2972.97 ,2080.18 
2012-07-18,,2987.79 ,2088.82 
2012-07-19,,3006.82 ,2104.38 
2012-07-20,,2984.22 ,2067.59 
2012-07-23,,2946.52 ,2038.49 
2012-07-24,,2950.04 ,2048.95 
2012-07-25,,2936.81 ,2043.44 
2012-07-26,,2929.92 ,2035.49 
2012-07-27,,2952.85 ,2035.81 
2012-07-30,,2948.41 ,2011.00 
2012-07-31,90791.74 ,2935.65 ,1954.23 
2012-08-01,,2958.63 ,1980.35 
2012-08-02,,2938.84 ,1934.60 
2012-08-03,,2983.94 ,1991.20 
2012-08-06,,3003.08 ,2027.59 
2012-08-07,,3002.43 ,2042.14 
2012-08-08,,3006.83 ,2034.26 
2012-08-09,,3014.16 ,2072.07 
2012-08-10,,2996.60 ,2092.58 
2012-08-13,,2973.76 ,2041.40 
2012-08-14,,2988.94 ,2090.88 
2012-08-15,,2957.35 ,2061.71 
2012-08-16,,2954.42 ,2023.83 
2012-08-17,,2968.75 ,2036.82 
2012-08-20,,2950.20 ,2031.97 
2012-08-21,,2960.77 ,2044.20 
2012-08-22,,2944.30 ,2036.03 
2012-08-23,,2947.20 ,2043.50 
2012-08-24,,2914.11 ,2023.38 
2012-08-27,,2862.69 ,1991.69 
2012-08-28,,2924.14 ,2045.37 
2012-08-29,,2868.08 ,1991.51 
2012-08-30,,2883.71 ,1969.48 
2012-08-31,90940.51 ,2865.99 ,1990.45 
2012-09-03,,2874.66 ,2005.28 
2012-09-04,,2866.56 ,2016.60 
2012-09-05,,2845.91 ,2006.70 
2012-09-06,,2858.41 ,2026.56 
2012-09-07,,2961.60 ,2103.00 
2012-09-10,,2969.91 ,2168.37 
2012-09-11,,2940.95 ,2145.49 
2012-09-12,,2956.62 ,2155.97 
2012-09-13,,2936.87 ,2141.91 
2012-09-14,,2964.72 ,2143.22 
2012-09-17,,2921.51 ,2081.58 
2012-09-18,,2905.84 ,2072.55 
2012-09-19,,2911.57 ,2076.12 
2012-09-20,,2848.55 ,2028.22 
2012-09-21,,2874.06 ,2036.12 
2012-09-24,,2876.28 ,2063.98 
2012-09-25,,2882.16 ,2060.07 
2012-09-26,,2843.94 ,2032.39 
2012-09-27,,2925.49 ,2069.96 
2012-09-28,,2957.07 ,2091.04 
2012-09-30,90173.48 ,,
2012-10-08,,2929.83 ,2135.29 
2012-10-09,,2982.78 ,2171.98 
2012-10-10,,2991.11 ,2210.40 
2012-10-11,,2969.43 ,2222.49 
2012-10-12,,2975.05 ,2254.39 
2012-10-15,,2970.73 ,2233.97 
2012-10-16,,2967.77 ,2243.44 
2012-10-17,,3000.58 ,2277.23 
2012-10-18,,3031.05 ,2302.06 
2012-10-19,,3020.31 ,2269.42 
2012-10-22,,3015.04 ,2298.48 
2012-10-23,,2990.22 ,2262.29 
2012-10-24,,2987.63 ,2251.28 
2012-10-25,,2964.65 ,2237.14 
2012-10-26,,2927.42 ,2194.63 
2012-10-29,,2922.99 ,2203.23 
2012-10-30,,2930.41 ,2187.14 
2012-10-31,90899.85 ,2931.33 ,2220.12 
2012-11-01,,2966.79 ,2270.09 
2012-11-02,,2978.03 ,2276.95 
2012-11-05,,2987.81 ,2265.37 
2012-11-06,,2973.62 ,2237.94 
2012-11-07,,2981.99 ,2223.79 
2012-11-08,,2928.38 ,2162.03 
2012-11-09,,2919.98 ,2177.95 
2012-11-12,,2935.65 ,2187.69 
2012-11-13,,2892.93 ,2150.35 
2012-11-14,,2905.78 ,2148.17 
2012-11-15,,2872.71 ,2125.35 
2012-11-16,,2842.73 ,2101.67 
2012-11-19,,2846.61 ,2123.36 
2012-11-20,,2829.51 ,2104.92 
2012-11-21,,2860.72 ,2146.86 
2012-11-22,,2832.43 ,2121.78 
2012-11-23,,2841.78 ,2137.41 
2012-11-26,,2831.03 ,2118.69 
2012-11-27,,2825.14 ,2057.34 
2012-11-28,,2817.78 ,2022.33 
2012-11-29,,2801.46 ,2001.32 
2012-11-30,91334.11 ,2804.66 ,2039.49 
2012-12-03,,2786.81 ,2022.76 
2012-12-04,,2814.19 ,2056.25 
2012-12-05,,2876.44 ,2119.08 
2012-12-06,,2868.71 ,2127.46 
2012-12-07,,2912.62 ,2171.91 
2012-12-10,,2923.72 ,2174.48 
2012-12-11,,2913.12 ,2151.84 
2012-12-12,,2916.77 ,2158.46 
2012-12-13,,2892.64 ,2115.29 
2012-12-14,,2988.41 ,2186.83 
2012-12-17,,3015.50 ,2202.24 
2012-12-18,,3013.24 ,2184.00 
2012-12-19,,3023.32 ,2202.05 
2012-12-20,,3033.64 ,2217.70 
2012-12-21,,3011.04 ,2215.44 
2012-12-24,,3004.73 ,2253.31 
2012-12-25,,3074.69 ,2284.85 
2012-12-26,,3082.71 ,2304.71 
2012-12-27,,3073.34 ,2288.97 
2012-12-28,,3093.42 ,2279.54 
2012-12-31,91084.65 ,3129.12 ,2313.15 
2013-01-04,,3125.44 ,2299.97 
2013-01-07,,3123.66 ,2304.03 
2013-01-08,,3113.23 ,2332.92 
2013-01-09,,3136.61 ,2349.97 
2013-01-10,,3131.18 ,2362.03 
2013-01-11,,3081.32 ,2316.97 
2013-01-14,,3143.31 ,2386.91 
2013-01-15,,3146.67 ,2424.49 
2013-01-16,,3121.63 ,2438.11 
2013-01-17,,3087.47 ,2398.76 
2013-01-18,,3130.58 ,2425.48 
2013-01-21,,3168.10 ,2431.27 
2013-01-22,,3126.15 ,2428.28 
2013-01-23,,3125.46 ,2432.83 
2013-01-24,,3104.42 ,2413.84 
2013-01-25,,3090.86 ,2391.62 
2013-01-28,,3137.15 ,2455.45 
2013-01-29,,3146.69 ,2448.92 
2013-01-30,,3208.47 ,2461.93 
2013-01-31,90203.89 ,3197.68 ,2461.53 
2013-02-01,,3208.28 ,2493.07 
2013-02-04,,3289.72 ,2480.38 
2013-02-05,,3299.39 ,2428.30 
2013-02-06,,3267.99 ,2429.05 
2013-02-07,,3255.07 ,2481.73 
2013-02-08,,3276.64 ,2512.95 
2013-02-18,,3277.58 ,2521.36 
2013-02-19,,3183.32 ,2511.44 
2013-02-20,,3221.69 ,2536.45 
2013-02-21,,3097.77 ,2489.76 
2013-02-22,,3088.56 ,2497.54 
2013-02-25,,3100.50 ,2520.13 
2013-02-26,,3039.84 ,2501.36 
2013-02-27,,3069.08 ,2519.61 
2013-02-28,89958.48 ,3149.66 ,2578.88 
2013-03-01,,3139.51 ,2626.60 
2013-03-04,,2994.99 ,2582.82 
2013-03-05,,3032.32 ,2633.36 
2013-03-06,,3041.00 ,2643.20 
2013-03-07,,3069.26 ,2618.07 
2013-03-08,,3059.16 ,2628.78 
2013-03-11,,3033.20 ,2637.07 
2013-03-12,,2999.89 ,2618.39 
2013-03-13,,2992.98 ,2603.79 
2013-03-14,,3024.75 ,2629.56 
2013-03-15,,3013.84 ,2660.78 
2013-03-18,,2941.84 ,2582.94 
2013-03-19,,2969.21 ,2605.86 
2013-03-20,,3032.53 ,2648.16 
2013-03-21,,3043.93 ,2677.91 
2013-03-22,,3066.49 ,2746.22 
2013-03-25,,3069.39 ,2763.25 
2013-03-26,,2994.81 ,2684.40 
2013-03-27,,3005.92 ,2725.66 
2013-03-28,,2949.70 ,2687.35 
2013-03-29,,2937.90 ,2688.83 
2013-03-31,90206.33 ,,
2013-04-01,,2940.31 ,2691.31 
2013-04-02,,2922.90 ,2640.84 
2013-04-03,,2899.10 ,2609.95 
2013-04-08,,2852.94 ,2608.25 
2013-04-09,,2855.74 ,2569.32 
2013-04-10,,2882.34 ,2560.26 
2013-04-11,,2855.74 ,2568.66 
2013-04-12,,2826.86 ,2527.97 
2013-04-15,,2756.95 ,2484.45 
2013-04-16,,2764.76 ,2486.70 
2013-04-17,,2754.66 ,2475.98 
2013-04-18,,2753.19 ,2476.06 
2013-04-19,,2825.73 ,2547.69 
2013-04-22,,2815.20 ,2533.11 
2013-04-23,,2731.29 ,2455.79 
2013-04-24,,2767.43 ,2488.72 
2013-04-25,,2736.53 ,2472.46 
2013-04-26,,2697.23 ,2433.79 
2013-04-30,91097.69 ,,
2013-05-02,,2638.57 ,2407.79 
2013-05-03,,2670.60 ,2466.93 
2013-05-06,,2708.57 ,2493.02 
2013-05-07,,2740.89 ,2521.94 
2013-05-08,,2738.94 ,2535.78 
2013-05-09,,2691.14 ,2521.77 
2013-05-10,,2725.78 ,2548.28 
2013-05-13,,2708.65 ,2536.86 
2013-05-14,,2666.54 ,2494.71 
2013-05-15,,2658.26 ,2491.65 
2013-05-16,,2694.86 ,2519.94 
2013-05-17,,2786.30 ,2559.48 
2013-05-20,,2789.23 ,2599.01 
2013-05-21,,2795.58 ,2590.60 
2013-05-22,,2786.79 ,2572.44 
2013-05-23,,2739.05 ,2548.61 
2013-05-24,,2762.46 ,2603.20 
2013-05-27,,2757.70 ,2635.01 
2013-05-28,,2805.84 ,2658.73 
2013-05-29,,2795.58 ,2673.27 
2013-05-30,,2782.99 ,2648.59 
2013-05-31,91234.21 ,2775.81 ,2669.23 
2013-06-03,,2781.76 ,2643.96 
2013-06-04,,2744.30 ,2640.55 
2013-06-05,,2743.72 ,2641.47 
2013-06-06,,2722.20 ,2599.53 
2013-06-07,,2672.98 ,2577.70 
2013-06-13,,2577.50 ,2506.82 
2013-06-14,,2574.89 ,2511.64 
2013-06-17,,2558.89 ,2514.09 
2013-06-18,,2560.66 ,2553.98 
2013-06-19,,2563.40 ,2542.53 
2013-06-20,,2474.99 ,2465.68 
2013-06-21,,2450.48 ,2462.74 
2013-06-24,,2298.53 ,2364.90 
2013-06-25,,2247.85 ,2302.10 
2013-06-26,,2236.01 ,2342.35 
2013-06-27,,2217.38 ,2356.55 
2013-06-28,,2248.13 ,2371.60 
2013-06-30,91337.38 ,,
2013-07-01,,2258.90 ,2418.82 
2013-07-02,,2256.39 ,2418.71 
2013-07-03,,2239.98 ,2380.14 
2013-07-04,,2272.02 ,2358.05 
2013-07-05,,2244.31 ,2290.62 
2013-07-08,,2136.72 ,2178.11 
2013-07-09,,2142.59 ,2156.79 
2013-07-10,,2226.17 ,2250.48 
2013-07-11,,2304.83 ,2307.80 
2013-07-12,,2243.98 ,2268.29 
2013-07-15,,2242.84 ,2242.03 
2013-07-16,,2243.70 ,2253.29 
2013-07-17,,2230.82 ,2215.42 
2013-07-18,,2190.80 ,2195.63 
2013-07-19,,2130.19 ,2108.96 
2013-07-22,,2139.48 ,2112.90 
2013-07-23,,2181.93 ,2128.73 
2013-07-24,,2154.44 ,2122.15 
2013-07-25,,2153.74 ,2112.02 
2013-07-26,,2132.13 ,2103.21 
2013-07-29,,2082.17 ,2027.28 
2013-07-30,,2104.78 ,2045.71 
2013-07-31,92185.49 ,2117.52 ,2054.04 
2013-08-01,,2166.35 ,2108.19 
2013-08-02,,2180.28 ,2098.04 
2013-08-05,,2200.92 ,2104.93 
2013-08-06,,2230.57 ,2167.35 
2013-08-07,,2226.03 ,2156.57 
2013-08-08,,2210.98 ,2149.07 
2013-08-09,,2246.35 ,2183.57 
2013-08-12,,2385.23 ,2247.03 
2013-08-13,,2373.71 ,2242.83 
2013-08-14,,2357.32 ,2226.98 
2013-08-15,,2315.55 ,2185.75 
2013-08-16,,2294.97 ,2169.04 
2013-08-19,,2315.21 ,2192.96 
2013-08-20,,2277.17 ,2171.57 
2013-08-21,,2297.22 ,2164.87 
2013-08-22,,2273.50 ,2136.03 
2013-08-23,,2253.76 ,2134.11 
2013-08-26,,2300.31 ,2165.46 
2013-08-27,,2303.68 ,2166.69 
2013-08-28,,2323.06 ,2155.31 
2013-08-29,,2290.54 ,2152.04 
2013-08-30,,2261.43 ,2130.55 
2013-08-31,92042.89 ,,
2013-09-02,,2272.90 ,2119.57 
2013-09-03,,2304.85 ,2144.56 
2013-09-04,,2323.90 ,2176.34 
2013-09-05,,2298.52 ,2170.74 
2013-09-06,,2316.46 ,2214.16 
2013-09-09,,2359.03 ,2234.84 
2013-09-10,,2415.31 ,2277.28 
2013-09-11,,2443.77 ,2283.34 
2013-09-12,,2432.91 ,2280.59 
2013-09-13,,2393.25 ,2269.24 
2013-09-16,,2380.39 ,2266.79 
2013-09-17,,2336.33 ,2253.20 
2013-09-18,,2334.29 ,2239.25 
2013-09-23,,2359.97 ,2258.81 
2013-09-24,,2330.35 ,2247.38 
2013-09-25,,2311.24 ,2200.94 
2013-09-26,,2280.91 ,2196.88 
2013-09-27,,2292.53 ,2177.73 
2013-09-30,91347.19 ,2293.82 ,2177.17 
2013-10-08,,2326.96 ,2262.93 
2013-10-09,,2326.42 ,2282.34 
2013-10-10,,2308.19 ,2273.47 
2013-10-11,,2360.13 ,2373.59 
2013-10-14,,2386.73 ,2394.41 
2013-10-15,,2379.06 ,2388.49 
2013-10-16,,2343.44 ,2384.83 
2013-10-17,,2368.46 ,2363.33 
2013-10-18,,2351.58 ,2342.01 
2013-10-21,,2388.83 ,2397.83 
2013-10-22,,2393.98 ,2361.66 
2013-10-23,,2378.48 ,2347.11 
2013-10-24,,2322.29 ,2307.55 
2013-10-25,,2300.53 ,2319.37 
2013-10-28,,2285.33 ,2371.88 
2013-10-29,,2271.45 ,2401.56 
2013-10-30,,2306.97 ,2440.57 
2013-10-31,91670.55 ,2291.72 ,2414.22 
2013-11-01,,2270.49 ,2311.73 
2013-11-04,,2278.26 ,2354.18 
2013-11-05,,2289.32 ,2391.54 
2013-11-06,,2321.15 ,2472.72 
2013-11-07,,2329.28 ,2471.42 
2013-11-08,,2282.24 ,2434.19 
2013-11-11,,2266.03 ,2408.10 
2013-11-12,,2289.34 ,2399.06 
2013-11-13,,2230.09 ,2321.91 
2013-11-14,,2244.10 ,2330.59 
2013-11-15,,2282.65 ,2385.81 
2013-11-18,,2338.09 ,2445.13 
2013-11-19,,2344.75 ,2463.04 
2013-11-20,,2347.06 ,2450.85 
2013-11-21,,2386.15 ,2493.43 
2013-11-22,,2376.49 ,2471.24 
2013-11-25,,2335.30 ,2407.45 
2013-11-26,,2322.09 ,2394.87 
2013-11-27,,2352.60 ,2418.53 
2013-11-28,,2385.67 ,2461.37 
2013-11-29,,2370.73 ,2450.25 
2013-11-30,92009.31 ,,
2013-12-02,,2327.34 ,2394.27 
2013-12-03,,2345.93 ,2405.32 
2013-12-04,,2369.16 ,2420.63 
2013-12-05,,2368.96 ,2410.23 
2013-12-06,,2333.32 ,2329.34 
2013-12-09,,2327.88 ,2325.07 
2013-12-10,,2301.83 ,2283.40 
2013-12-11,,2276.59 ,2293.50 
2013-12-12,,2275.76 ,2312.36 
2013-12-13,,2258.44 ,2305.34 
2013-12-16,,2215.13 ,2278.77 
2013-12-17,,2203.81 ,2266.54 
2013-12-18,,2201.57 ,2256.18 
2013-12-19,,2191.70 ,2225.74 
2013-12-20,,2142.60 ,2188.35 
2013-12-23,,2134.21 ,2214.09 
2013-12-24,,2138.57 ,2192.40 
2013-12-25,,2140.70 ,2207.07 
2013-12-26,,2095.03 ,2163.22 
2013-12-27,,2111.98 ,2177.64 
2013-12-30,,2100.40 ,2169.60 
2013-12-31,92121.82 ,2119.57 ,2180.24 
2014-01-02,,2097.99 ,2180.01 
2014-01-03,,2075.26 ,2158.91 
2014-01-06,,2022.91 ,2136.64 
2014-01-07,,2013.43 ,2126.65 
2014-01-08,,1991.12 ,2123.00 
2014-01-09,,1977.70 ,2122.60 
2014-01-10,,1963.43 ,2094.49 
2014-01-13,,1946.15 ,2023.84 
2014-01-14,,1957.67 ,2040.22 
2014-01-15,,1939.72 ,2031.50 
2014-01-16,,1951.56 ,2041.25 
2014-01-17,,1919.25 ,2026.89 
2014-01-20,,1899.18 ,2006.46 
2014-01-21,,1911.85 ,2018.31 
2014-01-22,,1954.51 ,2060.78 
2014-01-23,,1933.79 ,2040.45 
2014-01-24,,1948.42 ,2047.61 
2014-01-27,,1938.49 ,2029.42 
2014-01-28,,1924.86 ,2020.20 
2014-01-29,,1915.60 ,2015.19 
2014-01-30,,1892.30 ,2003.57 
2014-01-31,92074.97 ,,
2014-02-07,,1904.80 ,2022.74 
2014-02-10,,1944.88 ,2066.78 
2014-02-11,,1996.01 ,2138.52 
2014-02-12,,1996.53 ,2174.10 
2014-02-13,,1979.21 ,2137.21 
2014-02-14,,1993.03 ,2168.05 
2014-02-17,,2016.54 ,2189.77 
2014-02-18,,1986.35 ,2154.47 
2014-02-19,,2019.40 ,2237.81 
2014-02-20,,2073.38 ,2370.32 
2014-02-21,,2019.97 ,2288.10 
2014-02-24,,1964.89 ,2248.17 
2014-02-25,,1917.72 ,2196.52 
2014-02-26,,1942.27 ,2263.87 
2014-02-27,,1955.62 ,2355.26 
2014-02-28,92623.21 ,1950.67 ,2340.31 
2014-03-03,,1959.83 ,2378.67 
2014-03-04,,1942.27 ,2367.10 
2014-03-05,,1942.67 ,2325.11 
2014-03-06,,1944.57 ,2362.51 
2014-03-07,,1947.18 ,2391.07 
2014-03-10,,1874.71 ,2297.50 
2014-03-11,,1881.71 ,2294.10 
2014-03-12,,1869.90 ,2235.24 
2014-03-13,,1888.53 ,2228.51 
2014-03-14,,1856.08 ,2179.25 
2014-03-17,,1881.74 ,2210.59 
2014-03-18,,1875.94 ,2198.00 
2014-03-19,,1884.26 ,2196.03 
2014-03-20,,1857.52 ,2195.84 
2014-03-21,,1925.55 ,2246.10 
2014-03-24,,1942.85 ,2250.66 
2014-03-25,,1935.38 ,2234.67 
2014-03-26,,1920.20 ,2220.39 
2014-03-27,,1892.78 ,2175.62 
2014-03-28,,1883.96 ,2164.43 
2014-03-31,92121.32 ,1886.55 ,2182.31 
2014-04-01,,1897.69 ,2192.98 
2014-04-02,,1913.90 ,2195.95 
2014-04-03,,1898.85 ,2206.16 
2014-04-04,,1904.36 ,2189.30 
2014-04-08,,1946.21 ,2216.75 
2014-04-09,,1962.63 ,2251.34 
2014-04-10,,1984.24 ,2262.28 
2014-04-11,,1970.50 ,2225.02 
2014-04-14,,1990.19 ,2270.32 
2014-04-15,,1959.58 ,2227.33 
2014-04-16,,1968.41 ,2239.16 
2014-04-17,,1953.67 ,2237.10 
2014-04-18,,1959.82 ,2261.08 
2014-04-21,,1926.88 ,2222.12 
2014-04-22,,1931.64 ,2236.99 
2014-04-23,,1930.11 ,2235.63 
2014-04-24,,1927.25 ,2227.46 
2014-04-25,,1904.50 ,2199.21 
2014-04-28,,1844.35 ,2097.05 
2014-04-29,,1863.28 ,2074.54 
2014-04-30,92480.04 ,1858.58 ,2067.52 
2014-05-05,,1863.20 ,2066.70 
2014-05-06,,1861.41 ,2070.31 
2014-05-07,,1839.61 ,2025.98 
2014-05-08,,1862.26 ,2032.52 
2014-05-09,,1877.58 ,2027.89 
2014-05-12,,1981.30 ,2088.41 
2014-05-13,,1961.01 ,2110.61 
2014-05-14,,1950.10 ,2093.18 
2014-05-15,,1912.24 ,2050.77 
2014-05-16,,1912.66 ,2064.11 
2014-05-19,,1888.81 ,2040.40 
2014-05-20,,1888.19 ,2052.94 
2014-05-21,,1924.25 ,2085.20 
2014-05-22,,1915.13 ,2090.42 
2014-05-23,,1915.07 ,2096.30 
2014-05-26,,1921.18 ,2091.92 
2014-05-27,,1913.09 ,2093.78 
2014-05-28,,1928.35 ,2113.32 
2014-05-29,,1913.58 ,2112.82 
2014-05-30,,1913.36 ,2123.10 
2014-05-31,92785.61 ,,
2014-06-03,,1924.84 ,2142.35 
2014-06-04,,1919.73 ,2153.43 
2014-06-05,,1931.98 ,2145.84 
2014-06-06,,1917.46 ,2126.74 
2014-06-09,,1909.97 ,2115.54 
2014-06-10,,1931.61 ,2140.36 
2014-06-11,,1929.98 ,2134.00 
2014-06-12,,1923.32 ,2125.09 
2014-06-13,,1939.70 ,2152.85 
2014-06-16,,1953.16 ,2162.08 
2014-06-17,,1933.19 ,2135.53 
2014-06-18,,1925.88 ,2111.41 
2014-06-19,,1884.60 ,2070.80 
2014-06-20,,1892.10 ,2084.91 
2014-06-23,,1905.45 ,2097.16 
2014-06-24,,1916.71 ,2118.57 
2014-06-25,,1922.66 ,2138.70 
2014-06-26,,1931.09 ,2156.75 
2014-06-27,,1932.84 ,2175.12 
2014-06-30,93594.27 ,1936.80 ,2188.43 
2014-07-01,,1940.03 ,2186.25 
2014-07-02,,1956.34 ,2181.30 
2014-07-03,,1951.82 ,2174.27 
2014-07-04,,1948.78 ,2171.40 
2014-07-07,,1948.30 ,2167.53 
2014-07-08,,1949.38 ,2175.30 
2014-07-09,,1917.29 ,2135.63 
2014-07-10,,1917.54 ,2126.76 
2014-07-11,,1929.27 ,2140.15 
2014-07-14,,1942.75 ,2158.77 
2014-07-15,,1948.69 ,2156.88 
2014-07-16,,1952.07 ,2171.20 
2014-07-17,,1944.11 ,2174.36 
2014-07-18,,1943.05 ,2158.19 
2014-07-21,,1926.79 ,2130.53 
2014-07-22,,1955.65 ,2163.84 
2014-07-23,,1966.90 ,2160.99 
2014-07-24,,2012.94 ,2183.83 
2014-07-25,,2047.11 ,2211.00 
2014-07-28,,2118.13 ,2277.33 
2014-07-29,,2112.82 ,2277.82 
2014-07-30,,2142.17 ,2342.63 
2014-07-31,93735.97 ,2171.81 ,2353.43 
2014-08-01,,2169.37 ,2324.89 
2014-08-04,,2225.80 ,2378.53 
2014-08-05,,2233.88 ,2374.40 
2014-08-06,,2225.68 ,2358.30 
2014-08-07,,2179.84 ,2344.47 
2014-08-08,,2186.50 ,2381.64 
2014-08-11,,2216.66 ,2400.84 
2014-08-12,,2217.39 ,2409.26 
2014-08-13,,2249.76 ,2404.27 
2014-08-14,,2203.92 ,2370.60 
2014-08-15,,2222.56 ,2390.89 
2014-08-18,,2242.77 ,2409.58 
2014-08-19,,2267.97 ,2463.84 
2014-08-20,,2248.42 ,2434.87 
2014-08-21,,2231.75 ,2429.06 
2014-08-22,,2233.73 ,2428.93 
2014-08-25,,2205.33 ,2425.91 
2014-08-26,,2177.20 ,2380.32 
2014-08-27,,2184.04 ,2408.53 
2014-08-28,,2211.01 ,2485.54 
2014-08-29,,2215.56 ,2489.76 
2014-08-31,94150.04 ,,
2014-09-01,,2225.97 ,2498.94 
2014-09-02,,2261.05 ,2536.31 
2014-09-03,,2290.29 ,2567.56 
2014-09-04,,2298.83 ,2564.73 
2014-09-05,,2307.92 ,2565.20 
2014-09-09,,2314.13 ,2564.77 
2014-09-10,,2292.92 ,2567.47 
2014-09-11,,2277.80 ,2543.98 
2014-09-12,,2298.14 ,2574.75 
2014-09-15,,2325.38 ,2581.36 
2014-09-16,,2259.39 ,2489.36 
2014-09-17,,2259.77 ,2492.27 
2014-09-18,,2277.45 ,2496.64 
2014-09-19,,2290.52 ,2510.12 
2014-09-22,,2260.80 ,2495.40 
2014-09-23,,2272.54 ,2510.62 
2014-09-24,,2329.18 ,2548.06 
2014-09-25,,2314.83 ,2541.79 
2014-09-26,,2316.50 ,2544.11 
2014-09-29,,2343.44 ,2552.03 
2014-09-30,94698.85 ,2360.10 ,2562.85 
2014-10-08,,2363.71 ,2568.00 
2014-10-09,,2385.41 ,2571.13 
2014-10-10,,2375.39 ,2551.03 
2014-10-13,,2398.48 ,2520.92 
2014-10-14,,2386.42 ,2508.22 
2014-10-15,,2371.07 ,2508.68 
2014-10-16,,2334.90 ,2484.68 
2014-10-17,,2303.65 ,2456.12 
2014-10-20,,2325.71 ,2480.43 
2014-10-21,,2305.49 ,2477.77 
2014-10-22,,2287.80 ,2463.03 
2014-10-23,,2248.44 ,2420.64 
2014-10-24,,2232.91 ,2392.98 
2014-10-27,,2220.22 ,2383.43 
2014-10-28,,2270.79 ,2442.09 
2014-10-29,,2297.88 ,2469.13 
2014-10-30,,2311.78 ,2482.35 
2014-10-31,95909.09 ,2350.81 ,2505.41 
2014-11-03,,2355.05 ,2507.93 
2014-11-04,,2370.04 ,2497.01 
2014-11-05,,2347.42 ,2510.88 
2014-11-06,,2345.30 ,2498.36 
2014-11-07,,2319.95 ,2478.78 
2014-11-10,,2367.28 ,2514.23 
2014-11-11,,2353.13 ,2457.98 
2014-11-12,,2388.38 ,2474.39 
2014-11-13,,2375.28 ,2442.51 
2014-11-14,,2367.76 ,2418.86 
2014-11-17,,2350.42 ,2426.76 
2014-11-18,,2322.43 ,2413.10 
2014-11-19,,2323.05 ,2426.66 
2014-11-20,,2328.61 ,2434.58 
2014-11-21,,2345.54 ,2459.91 
2014-11-24,,2392.68 ,2484.22 
2014-11-25,,2433.91 ,2511.28 
2014-11-26,,2452.53 ,2537.15 
2014-11-27,,2482.06 ,2541.27 
2014-11-28,,2483.70 ,2539.78 
2014-11-30,95400.92 ,,
2014-12-01,,2528.88 ,2531.09 
2014-12-02,,2582.11 ,2582.68 
2014-12-03,,2629.19 ,2601.29 
2014-12-04,,2814.74 ,2762.41 
2014-12-05,,2771.86 ,2773.48 
2014-12-08,,2809.21 ,2751.20 
2014-12-09,,2632.30 ,2606.27 
2014-12-10,,2687.19 ,2658.98 
2014-12-11,,2686.52 ,2657.55 
2014-12-12,,2700.06 ,2673.14 
2014-12-15,,2690.50 ,2695.13 
2014-12-16,,2760.41 ,2719.42 
2014-12-17,,2725.21 ,2714.72 
2014-12-18,,2729.02 ,2711.68 
2014-12-19,,2798.44 ,2746.56 
2014-12-22,,2867.39 ,2729.78 
2014-12-23,,2717.07 ,2618.45 
2014-12-24,,2676.09 ,2608.61 
2014-12-25,,2743.05 ,2649.74 
2014-12-26,,2793.78 ,2686.58 
2014-12-29,,2779.98 ,2679.80 
2014-12-30,,2745.80 ,2643.14 
2014-12-31,96089.87 ,2806.67 ,2702.07 
2015-01-05,,3057.71 ,2881.71 
2015-01-06,,3031.35 ,2839.44 
2015-01-07,,3063.32 ,2866.57 
2015-01-08,,3018.40 ,2811.41 
2015-01-09,,2954.75 ,2770.86 
2015-01-12,,2874.79 ,2728.29 
2015-01-13,,2882.51 ,2752.16 
2015-01-14,,2837.61 ,2738.00 
2015-01-15,,2941.77 ,2815.49 
2015-01-16,,2963.90 ,2839.14 
2015-01-19,,2708.65 ,2641.97 
2015-01-20,,2760.25 ,2699.79 
2015-01-21,,2868.38 ,2774.75 
2015-01-22,,2889.86 ,2793.48 
2015-01-23,,2887.57 ,2805.61 
2015-01-26,,2927.94 ,2839.99 
2015-01-27,,2887.25 ,2821.19 
2015-01-28,,2838.48 ,2782.16 
2015-01-29,,2814.81 ,2731.29 
2015-01-30,,2763.07 ,2699.36 
2015-01-31,95178.47 ,,
2015-02-02,,2711.58 ,2678.22 
2015-02-03,,2776.76 ,2730.03 
2015-02-04,,2755.15 ,2703.94 
2015-02-05,,2695.65 ,2639.51 
2015-02-06,,2624.06 ,2586.42 
2015-02-09,,2625.26 ,2570.70 
2015-02-10,,2655.36 ,2592.08 
2015-02-11,,2655.00 ,2585.22 
2015-02-12,,2667.53 ,2617.40 
2015-02-13,,2696.78 ,2643.82 
2015-02-16,,2717.27 ,2678.04 
2015-02-17,,2720.33 ,2689.88 
2015-02-25,,2742.34 ,2746.23 
2015-02-26,,2797.79 ,2770.87 
2015-02-27,,2819.50 ,2837.58 
2015-02-28,95069.88 ,,
2015-03-02,,2850.06 ,2855.85 
2015-03-03,,2771.93 ,2793.88 
2015-03-04,,2805.37 ,2853.18 
2015-03-05,,2770.80 ,2837.69 
2015-03-06,,2789.69 ,2805.62 
2015-03-09,,2829.88 ,2866.82 
2015-03-10,,2828.29 ,2864.99 
2015-03-11,,2816.30 ,2855.08 
2015-03-12,,2848.64 ,2873.54 
2015-03-13,,2898.22 ,2892.03 
2015-03-16,,2949.51 ,2940.16 
2015-03-17,,2988.32 ,2985.70 
2015-03-18,,3048.70 ,3031.07 
2015-03-19,,3076.32 ,3069.93 
2015-03-20,,3066.85 ,3057.27 
2015-03-23,,3120.47 ,3097.43 
2015-03-24,,3089.19 ,3075.16 
2015-03-25,,3051.98 ,3039.76 
2015-03-26,,3128.10 ,3092.43 
2015-03-27,,3128.76 ,3084.54 
2015-03-30,,3210.43 ,3148.26 
2015-03-31,96075.49 ,3155.88 ,3112.33 
2015-04-01,,3213.62 ,3173.26 
2015-04-02,,3264.94 ,3230.92 
2015-04-03,,3274.30 ,3241.46 
2015-04-07,,3364.61 ,3312.90 
2015-04-08,,3343.37 ,3336.18 
2015-04-09,,3312.68 ,3304.29 
2015-04-10,,3375.98 ,3348.97 
2015-04-13,,3438.54 ,3424.45 
2015-04-14,,3420.75 ,3421.42 
2015-04-15,,3356.17 ,3389.96 
2015-04-16,,3467.36 ,3480.88 
2015-04-17,,3599.78 ,3621.10 
2015-04-20,,3558.09 ,3562.91 
2015-04-21,,3642.89 ,3639.47 
2015-04-22,,3737.27 ,3724.07 
2015-04-23,,3817.25 ,3771.35 
2015-04-24,,3809.01 ,3866.30 
2015-04-27,,4023.11 ,4118.59 
2015-04-28,,3930.64 ,4102.24 
2015-04-29,,3937.26 ,4094.32 
2015-04-30,96119.19 ,3836.02 ,4000.71 
2015-05-04,,3858.71 ,4016.27 
2015-05-05,,3716.25 ,3922.84 
2015-05-06,,3609.20 ,3861.13 
2015-05-07,,3472.27 ,3723.32 
2015-05-08,,3550.21 ,3811.68 
2015-05-11,,3663.06 ,3911.45 
2015-05-12,,3678.98 ,3937.88 
2015-05-13,,3637.67 ,3873.03 
2015-05-14,,3671.32 ,3924.67 
2015-05-15,,3540.04 ,3815.43 
2015-05-18,,3510.71 ,3772.42 
2015-05-19,,3612.03 ,3864.87 
2015-05-20,,3614.59 ,3893.97 
2015-05-21,,3692.68 ,3956.82 
2015-05-22,,3837.71 ,4117.35 
2015-05-25,,3963.37 ,4258.42 
2015-05-26,,4041.78 ,4348.44 
2015-05-27,,4168.65 ,4444.99 
2015-05-28,,3810.22 ,4104.90 
2015-05-29,,3770.31 ,4036.33 
2015-05-31,96354.50 ,,
2015-06-01,,4046.58 ,4192.98 
2015-06-02,,4100.52 ,4224.07 
2015-06-03,,4086.31 ,4223.43 
2015-06-04,,4271.98 ,4231.09 
2015-06-05,,4343.84 ,4342.76 
2015-06-08,,4436.68 ,4442.03 
2015-06-09,,4557.68 ,4464.94 
2015-06-10,,4498.69 ,4503.55 
2015-06-11,,4463.37 ,4494.99 
2015-06-12,,4525.23 ,4537.58 
2015-06-15,,4427.96 ,4413.19 
2015-06-16,,4298.07 ,4280.85 
2015-06-17,,4418.76 ,4393.09 
2015-06-18,,4260.50 ,4256.07 
2015-06-19,,3943.24 ,3972.38 
2015-06-23,,4031.86 ,4009.65 
2015-06-24,,4224.28 ,4191.50 
2015-06-25,,4043.31 ,4070.42 
2015-06-26,,3716.92 ,3851.23 
2015-06-29,,3651.40 ,3847.98 
2015-06-30,96954.21 ,3778.97 ,3888.16 
2015-07-01,,3554.58 ,3742.77 
2015-07-02,,3377.82 ,3649.55 
2015-07-03,,3116.69 ,3379.82 
2015-07-06,,3129.00 ,3421.40 
2015-07-07,,3054.05 ,3307.16 
2015-07-08,,2788.87 ,3079.89 
2015-07-09,,3018.30 ,3225.62 
2015-07-10,,3210.70 ,3332.46 
2015-07-13,,3341.08 ,3395.33 
2015-07-14,,3269.86 ,3384.03 
2015-07-15,,3173.96 ,3346.89 
2015-07-16,,3187.20 ,3315.17 
2015-07-17,,3307.93 ,3410.11 
2015-07-20,,3363.91 ,3478.43 
2015-07-21,,3375.34 ,3488.62 
2015-07-22,,3431.40 ,3566.42 
2015-07-23,,3508.25 ,3615.81 
2015-07-24,,3489.27 ,3572.55 
2015-07-27,,3173.44 ,3294.98 
2015-07-28,,3082.69 ,3222.63 
2015-07-29,,3189.73 ,3326.15 
2015-07-30,,3106.06 ,3240.00 
2015-07-31,97521.52 ,3051.87 ,3175.90 
2015-08-03,,3035.57 ,3052.09 
2015-08-04,,3160.29 ,3196.25 
2015-08-05,,3102.83 ,3135.68 
2015-08-06,,3093.14 ,3116.85 
2015-08-07,,3168.53 ,3186.15 
2015-08-10,,3347.26 ,3349.52 
2015-08-11,,3377.13 ,3393.64 
2015-08-12,,3369.34 ,3319.37 
2015-08-13,,3405.46 ,3367.45 
2015-08-14,,3441.49 ,3445.09 
2015-08-17,,3474.96 ,3486.05 
2015-08-18,,3217.40 ,3252.71 
2015-08-19,,3236.67 ,3256.68 
2015-08-20,,3095.74 ,3119.68 
2015-08-21,,2953.90 ,3002.74 
2015-08-24,,2680.50 ,2739.44 
2015-08-25,,2414.61 ,2489.80 
2015-08-26,,2308.68 ,2384.52 
2015-08-27,,2413.63 ,2474.14 
2015-08-28,,2586.83 ,2652.35 
2015-08-31,97562.05 ,2563.73 ,2638.98 
2015-09-01,,2547.12 ,2611.08 
2015-09-02,,2463.15 ,2540.67 
2015-09-07,,2449.20 ,2551.38 
2015-09-08,,2520.09 ,2644.60 
2015-09-09,,2609.77 ,2722.85 
2015-09-10,,2555.20 ,2656.62 
2015-09-11,,2545.71 ,2665.21 
2015-09-14,,2413.06 ,2539.78 
2015-09-15,,2317.31 ,2477.28 
2015-09-16,,2471.32 ,2620.84 
2015-09-17,,2419.08 ,2593.32 
2015-09-18,,2432.17 ,2604.72 
2015-09-21,,2486.99 ,2659.06 
2015-09-22,,2519.26 ,2675.25 
2015-09-23,,2436.43 ,2597.00 
2015-09-24,,2475.83 ,2621.09 
2015-09-25,,2438.02 ,2585.85 
2015-09-28,,2436.78 ,2586.25 
2015-09-29,,2352.43 ,2530.22 
2015-09-30,97152.42 ,2359.41 ,2538.81 
2015-10-08,,2446.32 ,2634.31 
2015-10-09,,2497.19 ,2689.26 
2015-10-12,,2603.99 ,2791.65 
2015-10-13,,2595.18 ,2785.16 
2015-10-14,,2579.43 ,2756.47 
2015-10-15,,2653.13 ,2807.99 
2015-10-16,,2704.14 ,2841.99 
2015-10-19,,2696.10 ,2813.15 
2015-10-20,,2718.20 ,2829.02 
2015-10-21,,2569.95 ,2700.03 
2015-10-22,,2623.41 ,2738.74 
2015-10-23,,2662.26 ,2779.41 
2015-10-26,,2665.57 ,2799.72 
2015-10-27,,2638.77 ,2777.07 
2015-10-28,,2610.89 ,2750.60 
2015-10-29,,2625.29 ,2768.26 
2015-10-30,,2595.78 ,2757.57 
2015-10-31,97387.74 ,,
2015-11-02,,2537.50 ,2681.82 
2015-11-03,,2532.14 ,2662.53 
2015-11-04,,2641.97 ,2775.62 
2015-11-05,,2698.53 ,2828.51 
2015-11-06,,2738.30 ,2867.40 
2015-11-09,,2788.57 ,2933.14 
2015-11-10,,2825.35 ,2979.61 
2015-11-11,,2824.30 ,3008.18 
2015-11-12,,2794.52 ,2982.81 
2015-11-13,,2725.34 ,2914.29 
2015-11-16,,2751.31 ,2960.00 
2015-11-17,,2756.24 ,2938.18 
2015-11-18,,2720.78 ,2900.51 
2015-11-19,,2750.43 ,2936.95 
2015-11-20,,2756.37 ,2960.33 
2015-11-23,,2727.07 ,2916.99 
2015-11-24,,2736.35 ,2966.62 
2015-11-25,,2758.55 ,2982.47 
2015-11-26,,2773.80 ,2970.94 
2015-11-27,,2585.28 ,2788.88 
2015-11-30,97698.92 ,2578.00 ,2772.62 
2015-12-01,,2591.67 ,2766.95 
2015-12-02,,2635.07 ,2797.77 
2015-12-03,,2675.96 ,2861.59 
2015-12-04,,2634.74 ,2825.25 
2015-12-07,,2636.02 ,2832.37 
2015-12-08,,2554.31 ,2753.06 
2015-12-09,,2544.84 ,2753.00 
2015-12-10,,2535.68 ,2758.85 
2015-12-11,,2516.70 ,2728.84 
2015-12-14,,2595.81 ,2786.49 
2015-12-15,,2574.25 ,2793.27 
2015-12-16,,2601.49 ,2847.40 
2015-12-17,,2639.50 ,2875.76 
2015-12-18,,2644.47 ,2870.24 
2015-12-21,,2676.49 ,2868.90 
2015-12-22,,2684.83 ,2877.10 
2015-12-23,,2661.67 ,2859.38 
2015-12-24,,2640.56 ,2849.71 
2015-12-25,,2652.44 ,2853.34 
2015-12-28,,2580.09 ,2796.27 
2015-12-29,,2611.58 ,2827.49 
2015-12-30,,2614.96 ,2830.65 
2015-12-31,97722.92 ,2595.05 ,2810.97 
2016-01-04,,2423.10 ,2633.79 
2016-01-05,,2424.89 ,2598.56 
2016-01-06,,2584.40 ,2684.49 
2016-01-07,,2394.81 ,2488.28 
2016-01-08,,2533.47 ,2533.37 
2016-01-11,,2399.27 ,2403.68 
2016-01-12,,2366.47 ,2388.31 
2016-01-13,,2314.47 ,2315.52 
2016-01-14,,2369.78 ,2356.79 
2016-01-15,,2244.16 ,2245.40 
2016-01-18,,2218.21 ,2256.99 
2016-01-19,,2286.72 ,2328.81 
2016-01-20,,2253.92 ,2315.72 
2016-01-21,,2196.91 ,2237.12 
2016-01-22,,2256.60 ,2280.20 
2016-01-25,,2314.12 ,2309.04 
2016-01-26,,2150.73 ,2165.74 
2016-01-27,,2187.67 ,2165.45 
2016-01-28,,2117.23 ,2106.35 
2016-01-29,,2162.78 ,2165.26 
2016-01-31,97471.71 ,,
2016-02-01,,2084.47 ,2115.44 
2016-02-02,,2121.48 ,2152.83 
2016-02-03,,2092.79 ,2142.27 
2016-02-04,,2124.74 ,2186.45 
2016-02-05,,2123.44 ,2199.31 
2016-02-15,,2117.99 ,2182.75 
2016-02-16,,2195.68 ,2272.23 
2016-02-17,,2225.96 ,2300.91 
2016-02-18,,2226.27 ,2299.79 
2016-02-19,,2219.53 ,2291.58 
2016-02-22,,2298.00 ,2360.78 
2016-02-23,,2317.64 ,2361.39 
2016-02-24,,2338.21 ,2391.05 
2016-02-25,,2166.90 ,2216.88 
2016-02-26,,2249.80 ,2270.84 
2016-02-29,96715.24 ,2212.87 ,2206.84 
2016-03-01,,2254.04 ,2243.66 
2016-03-02,,2372.35 ,2354.24 
2016-03-03,,2370.65 ,2357.87 
2016-03-04,,2376.07 ,2361.51 
2016-03-07,,2417.14 ,2405.67 
2016-03-08,,2406.07 ,2436.91 
2016-03-09,,2300.28 ,2335.44 
2016-03-10,,2249.01 ,2287.18 
2016-03-11,,2258.49 ,2296.80 
2016-03-14,,2304.29 ,2360.07 
2016-03-15,,2281.31 ,2358.92 
2016-03-16,,2274.99 ,2358.74 
2016-03-17,,2318.60 ,2416.68 
2016-03-18,,2366.04 ,2472.54 
2016-03-21,,2404.60 ,2517.86 
2016-03-22,,2381.41 ,2513.78 
2016-03-23,,2390.24 ,2526.41 
2016-03-24,,2321.02 ,2444.68 
2016-03-25,,2328.95 ,2441.81 
2016-03-28,,2312.69 ,2429.96 
2016-03-29,,2290.32 ,2407.82 
2016-03-30,,2365.60 ,2519.54 
2016-03-31,96802.25 ,2366.81 ,2536.41 
2016-04-01,,2411.12 ,2588.27 
2016-04-05,,2448.33 ,2619.58 
2016-04-06,,2460.27 ,2669.79 
2016-04-07,,2445.10 ,2639.19 
2016-04-08,,2424.57 ,2599.56 
2016-04-11,,2474.19 ,2633.53 
2016-04-12,,2498.30 ,2623.40 
2016-04-13,,2572.64 ,2675.84 
2016-04-14,,2578.74 ,2700.75 
2016-04-15,,2566.46 ,2699.69 
2016-04-18,,2533.06 ,2636.55 
2016-04-19,,2525.72 ,2650.43 
2016-04-20,,2445.90 ,2553.27 
2016-04-21,,2479.89 ,2565.23 
2016-04-22,,2475.50 ,2590.59 
2016-04-25,,2493.34 ,2571.69 
2016-04-26,,2494.71 ,2593.45 
2016-04-27,,2465.85 ,2623.49 
2016-04-28,,2469.43 ,2612.41 
2016-04-29,,2464.17 ,2583.66 
2016-04-30,96478.35 ,,
2016-05-03,,2483.55 ,2623.82 
2016-05-04,,2458.94 ,2623.62 
2016-05-05,,2459.56 ,2634.47 
2016-05-06,,2358.96 ,2539.59 
2016-05-09,,2248.04 ,2456.22 
2016-05-10,,2238.78 ,2437.22 
2016-05-11,,2236.51 ,2417.90 
2016-05-12,,2237.77 ,2414.78 
2016-05-13,,2226.69 ,2404.37 
2016-05-16,,2241.11 ,2430.88 
2016-05-17,,2270.13 ,2470.99 
2016-05-18,,2221.13 ,2412.12 
2016-05-19,,2216.13 ,2405.79 
2016-05-20,,2227.68 ,2417.26 
2016-05-23,,2236.52 ,2430.64 
2016-05-24,,2215.47 ,2405.49 
2016-05-25,,2224.59 ,2411.24 
2016-05-26,,2240.34 ,2418.12 
2016-05-27,,2230.48 ,2401.05 
2016-05-30,,2218.96 ,2396.97 
2016-05-31,96030.41 ,2287.07 ,2464.97 
2016-06-01,,2297.76 ,2490.72 
2016-06-02,,2308.06 ,2498.64 
2016-06-03,,2300.50 ,2490.69 
2016-06-06,,2290.79 ,2490.76 
2016-06-07,,2293.02 ,2493.36 
2016-06-08,,2296.59 ,2493.72 
2016-06-13,,2199.35 ,2372.25 
2016-06-14,,2191.20 ,2368.00 
2016-06-15,,2225.84 ,2406.37 
2016-06-16,,2204.98 ,2387.16 
2016-06-17,,2244.90 ,2402.85 
2016-06-20,,2241.96 ,2422.30 
2016-06-21,,2241.45 ,2415.06 
2016-06-22,,2299.79 ,2452.77 
2016-06-23,,2294.82 ,2437.54 
2016-06-24,,2260.90 ,2393.41 
2016-06-27,,2316.58 ,2426.67 
2016-06-28,,2326.75 ,2445.83 
2016-06-29,,2332.26 ,2460.32 
2016-06-30,96604.80 ,2330.66 ,2476.29 
2016-07-01,,2331.97 ,2467.64 
2016-07-04,,2411.87 ,2539.30 
2016-07-05,,2423.70 ,2562.08 
2016-07-06,,2426.45 ,2550.00 
2016-07-07,,2438.18 ,2567.88 
2016-07-08,,2408.27 ,2535.79 
2016-07-11,,2448.38 ,2543.46 
2016-07-12,,2487.40 ,2572.55 
2016-07-13,,2491.81 ,2580.89 
2016-07-14,,2474.24 ,2585.63 
2016-07-15,,2473.22 ,2598.65 
2016-07-18,,2439.82 ,2563.72 
2016-07-19,,2447.45 ,2569.81 
2016-07-20,,2437.68 ,2564.56 
2016-07-21,,2442.66 ,2559.07 
2016-07-22,,2417.44 ,2531.12 
2016-07-25,,2422.92 ,2542.24 
2016-07-26,,2459.61 ,2573.18 
2016-07-27,,2384.29 ,2525.74 
2016-07-28,,2394.82 ,2533.95 
2016-07-29,,2382.95 ,2523.12 
2016-07-31,97570.75 ,,
2016-08-01,,2376.43 ,2492.11 
2016-08-02,,2392.69 ,2501.43 
2016-08-03,,2394.89 ,2506.88 
2016-08-04,,2396.31 ,2513.18 
2016-08-05,,2392.64 ,2507.23 
2016-08-08,,2470.57 ,2538.56 
2016-08-09,,2483.35 ,2565.37 
2016-08-10,,2488.90 ,2559.13 
2016-08-11,,2454.44 ,2532.11 
2016-08-12,,2481.48 ,2560.84 
2016-08-15,,2524.75 ,2610.97 
2016-08-16,,2547.84 ,2614.98 
2016-08-17,,2540.24 ,2614.50 
2016-08-18,,2520.08 ,2602.92 
2016-08-19,,2518.13 ,2609.73 
2016-08-22,,2495.63 ,2581.79 
2016-08-23,,2488.20 ,2597.49 
2016-08-24,,2483.42 ,2590.70 
2016-08-25,,2469.51 ,2572.91 
2016-08-26,,2469.43 ,2577.98 
2016-08-29,,2472.61 ,2581.89 
2016-08-30,,2485.16 ,2594.14 
2016-08-31,96642.42 ,2493.15 ,2592.92 
2016-09-01,,2459.97 ,2577.88 
2016-09-02,,2463.07 ,2571.31 
2016-09-05,,2491.77 ,2591.58 
2016-09-06,,2514.47 ,2617.76 
2016-09-07,,2497.63 ,2625.85 
2016-09-08,,2515.99 ,2624.54 
2016-09-09,,2494.42 ,2615.95 
2016-09-12,,2422.52 ,2555.67 
2016-09-13,,2428.52 ,2558.94 
2016-09-14,,2410.86 ,2539.14 
2016-09-19,,2431.65 ,2542.45 
2016-09-20,,2443.23 ,2534.12 
2016-09-21,,2443.92 ,2520.92 
2016-09-22,,2455.67 ,2538.32 
2016-09-23,,2457.61 ,2539.93 
2016-09-26,,2426.28 ,2499.68 
2016-09-27,,2432.45 ,2507.94 
2016-09-28,,2426.33 ,2500.31 
2016-09-29,,2470.50 ,2543.61 
2016-09-30,96787.86 ,2487.51 ,2564.79 
2016-10-10,,2521.31 ,2607.18 
2016-10-11,,2542.46 ,2617.05 
2016-10-12,,2536.87 ,2626.24 
2016-10-13,,2526.44 ,2604.29 
2016-10-14,,2532.39 ,2611.45 
2016-10-17,,2524.96 ,2602.41 
2016-10-18,,2557.08 ,2629.62 
2016-10-19,,2569.60 ,2636.99 
2016-10-20,,2568.56 ,2633.00 
2016-10-21,,2560.86 ,2626.91 
2016-10-24,,2652.90 ,2658.77 
2016-10-25,,2688.33 ,2646.14 
2016-10-26,,2651.47 ,2629.91 
2016-10-27,,2630.99 ,2605.86 
2016-10-28,,2628.74 ,2599.21 
2016-10-31,97919.32 ,2620.30 ,2592.47 
2016-11-01,,2627.90 ,2606.86 
2016-11-02,,2593.19 ,2577.35 
2016-11-03,,2605.18 ,2587.54 
2016-11-04,,2618.69 ,2585.95 
2016-11-07,,2664.96 ,2590.47 
2016-11-08,,2638.34 ,2598.04 
2016-11-09,,2637.10 ,2580.86 
2016-11-10,,2662.98 ,2614.86 
2016-11-11,,2712.29 ,2648.00 
2016-11-14,,2754.72 ,2653.37 
2016-11-15,,2724.28 ,2646.82 
2016-11-16,,2718.32 ,2642.11 
2016-11-17,,2717.90 ,2642.47 
2016-11-18,,2692.25 ,2635.24 
2016-11-21,,2705.09 ,2671.38 
2016-11-22,,2770.22 ,2712.39 
2016-11-23,,2731.70 ,2693.80 
2016-11-24,,2732.24 ,2689.42 
2016-11-25,,2733.43 ,2699.95 
2016-11-28,,2757.55 ,2711.11 
2016-11-29,,2709.34 ,2719.64 
2016-11-30,99080.49 ,2647.32 ,2676.51 
2016-12-01,,2682.42 ,2727.96 
2016-12-02,,2668.55 ,2761.48 
2016-12-05,,2653.84 ,2710.73 
2016-12-06,,2652.76 ,2710.72 
2016-12-07,,2685.00 ,2724.53 
2016-12-08,,2672.04 ,2728.59 
2016-12-09,,2676.41 ,2749.99 
2016-12-12,,2596.57 ,2709.09 
2016-12-13,,2637.81 ,2777.95 
2016-12-14,,2646.68 ,2810.56 
2016-12-15,,2639.67 ,2784.24 
2016-12-16,,2633.90 ,2803.94 
2016-12-19,,2650.15 ,2819.62 
2016-12-20,,2618.03 ,2787.78 
2016-12-21,,2657.95 ,2851.71 
2016-12-22,,2654.00 ,2876.62 
2016-12-23,,2612.58 ,2852.67 
2016-12-26,,2603.71 ,2846.62 
2016-12-27,,2597.17 ,2824.11 
2016-12-28,,2596.07 ,2817.56 
2016-12-29,,2586.79 ,2781.93 
2016-12-30,,2595.94 ,2791.85 
2016-12-31,97978.67 ,,
2017-01-03,,2625.91 ,2831.72 
2017-01-04,,2646.90 ,2862.30 
2017-01-05,,2683.26 ,2929.68 
2017-01-06,,2697.64 ,2957.97 
2017-01-09,,2704.77 ,2975.07 
2017-01-10,,2715.73 ,2962.13 
2017-01-11,,2677.07 ,2910.77 
2017-01-12,,2662.07 ,2916.69 
2017-01-13,,2654.19 ,2912.20 
2017-01-16,,2634.76 ,2866.32 
2017-01-17,,2641.36 ,2894.47 
2017-01-18,,2648.51 ,2897.96 
2017-01-19,,2623.89 ,2863.25 
2017-01-20,,2639.79 ,2890.53 
2017-01-23,,2671.05 ,2925.10 
2017-01-24,,2706.18 ,2983.32 
2017-01-25,,2696.93 ,2978.08 
2017-01-26,,2712.09 ,2975.23 
2017-01-31,96982.03 ,,
2017-02-03,,2681.58 ,2945.57 
2017-02-06,,2692.49 ,2985.31 
2017-02-07,,2684.79 ,2962.16 
2017-02-08,,2698.93 ,2966.04 
2017-02-09,,2704.71 ,2977.09 
2017-02-10,,2742.12 ,3005.44 
2017-02-13,,2766.04 ,3027.91 
2017-02-14,,2771.72 ,3017.96 
2017-02-15,,2745.73 ,3001.47 
2017-02-16,,2779.38 ,3030.14 
2017-02-17,,2735.59 ,2994.76 
2017-02-20,,2770.28 ,3038.42 
2017-02-21,,2776.61 ,3037.69 
2017-02-22,,2783.49 ,3077.82 
2017-02-23,,2753.22 ,3044.97 
2017-02-24,,2736.72 ,3027.28 
2017-02-27,,2707.31 ,2974.65 
2017-02-28,97246.43 ,2725.08 ,2988.39 
2017-03-01,,2739.59 ,2992.01 
2017-03-02,,2719.64 ,2968.71 
2017-03-03,,2692.55 ,2931.06 
2017-03-06,,2724.09 ,2949.42 
2017-03-07,,2706.27 ,2926.65 
2017-03-08,,2700.83 ,2940.19 
2017-03-09,,2659.87 ,2899.86 
2017-03-10,,2650.93 ,2877.40 
2017-03-13,,2675.55 ,2886.66 
2017-03-14,,2674.62 ,2882.61 
2017-03-15,,2678.73 ,2879.94 
2017-03-16,,2705.50 ,2911.26 
2017-03-17,,2674.56 ,2881.84 
2017-03-20,,2722.75 ,2907.59 
2017-03-21,,2735.52 ,2911.13 
2017-03-22,,2722.39 ,2913.81 
2017-03-23,,2713.05 ,2903.79 
2017-03-24,,2720.39 ,2924.67 
2017-03-27,,2692.43 ,2906.67 
2017-03-28,,2689.57 ,2905.33 
2017-03-29,,2697.71 ,2900.55 
2017-03-30,,2682.03 ,2887.91 
2017-03-31,96296.06 ,2701.83 ,2892.27 
2017-04-05,,2749.05 ,2945.91 
2017-04-06,,2747.68 ,2950.11 
2017-04-07,,2762.78 ,2983.58 
2017-04-10,,2753.74 ,2956.47 
2017-04-11,,2750.16 ,2971.98 
2017-04-12,,2735.98 ,2954.16 
2017-04-13,,2747.45 ,2952.60 
2017-04-14,,2729.93 ,2914.42 
2017-04-17,,2705.18 ,2897.62 
2017-04-18,,2682.43 ,2873.92 
2017-04-19,,2631.35 ,2852.53 
2017-04-20,,2611.06 ,2842.25 
2017-04-21,,2623.23 ,2844.05 
2017-04-24,,2584.14 ,2807.58 
2017-04-25,,2573.76 ,2800.19 
2017-04-26,,2567.16 ,2791.88 
2017-04-27,,2575.98 ,2806.36 
2017-04-28,,2589.96 ,2823.99 
2017-05-02,,2587.54 ,2810.57 
2017-05-03,,2583.02 ,2807.80 
2017-05-04,,2555.44 ,2792.08 
2017-05-05,,2504.14 ,2745.62 
2017-05-08,,2486.80 ,2743.84 
2017-05-09,,,2748.78 
2017-05-10,,2469.37 ,2710.31 
2017-05-11,,2467.42 ,2720.28 
2017-05-12,,2474.87 ,2734.78 
2017-05-15,,2495.29 ,2744.07 
2017-05-16,,2512.99 ,2759.19 
2017-05-17,,2510.48 ,2746.33 
2017-05-18,,2510.98 ,2766.60 
2017-05-19,,2522.40 ,2773.83 
2017-05-22,,2512.47 ,2770.04 
2017-05-23,,2493.64 ,2734.61 
2017-05-24,,2494.97 ,2741.47 
2017-05-25,,2551.01 ,2793.67 
2017-05-26,,2544.54 ,2781.18 
2017-05-31,,2550.23 ,2814.09 
2017-06-01,,2527.23 ,2802.47 
2017-06-02,,2537.05 ,2784.38 
2017-06-05,,2537.60 ,2754.52 
2017-06-06,,2540.15 ,2753.19 
2017-06-07,,2565.57 ,2776.79 
2017-06-08,,2563.71 ,2784.96 
2017-06-09,,2564.97 ,2777.43 
2017-06-12,,2545.64 ,2753.08 
2017-06-13,,2578.73 ,2755.73 
2017-06-14,,2573.75 ,2736.01 
2017-06-15,,2578.25 ,2731.03 
2017-06-16,,2569.01 ,2714.72 
2017-06-19,,2591.19 ,2716.16 
2017-06-20,,2584.84 ,2708.77 
2017-06-21,,2583.73 ,2712.67 
2017-06-22,,2564.55 ,2690.61 
2017-06-23,,2570.86 ,2694.52 
2017-06-26,,2597.47 ,2708.58 
2017-06-27,,2608.05 ,2692.23 
2017-06-28,,2606.29 ,2690.11 
2017-06-29,,2630.14 ,2699.93 
2017-06-30,,2628.67 ,2704.19 
2017-07-03,,2659.68 ,2726.73 
2017-07-04,,2660.80 ,2749.73 
2017-07-05,,2679.81 ,2758.62 
2017-07-06,,2700.02 ,2759.05 
2017-07-07,,2724.37 ,2759.00 
2017-07-10,,2733.91 ,2779.82 
2017-07-11,,2692.29 ,2757.47 
2017-07-12,,2701.13 ,2746.76 
2017-07-13,,2724.47 ,2776.66 
2017-07-14,,2725.33 ,2777.92 
2017-07-17,,2693.81 ,2726.08 
2017-07-18,,2743.81 ,2725.76 
2017-07-19,,2837.76 ,2735.03 
2017-07-20,,2844.70 ,2773.82 
2017-07-21,,2855.61 ,2792.79 
2017-07-24,,2834.06 ,2787.34 
2017-07-25,,2830.80 ,2793.07 
2017-07-26,,2840.34 ,2829.94 
2017-07-27,,2795.75 ,2825.91 
2017-07-28,,2813.21 ,2806.51 
2017-07-31,,2882.88 ,2832.99 
2017-08-01,,2854.35 ,2848.36 
2017-08-02,,2852.50 ,2810.71 
2017-08-03,,2868.22 ,2805.32 
2017-08-04,,2869.94 ,2814.21 
2017-08-07,,2898.57 ,2812.81 
2017-08-08,,2873.61 ,2813.59 
2017-08-09,,2945.97 ,2818.06 
2017-08-10,,2916.05 ,2806.66 
2017-08-11,,2803.94 ,2742.67 
2017-08-14,,2822.05 ,2759.52 
2017-08-15,,2814.51 ,2757.93 
2017-08-16,,2799.10 ,2734.04 
2017-08-17,,2836.67 ,2745.36 
2017-08-18,,2834.92 ,2762.33 
