指标名称,平均价(不含税):铜精矿:20%:江西,平均价(不含税):铜精矿:20%:湖北,平均价(不含税):铜精矿:20%:内蒙古,平均价(不含税):铜精矿:20%:云南,产量:火电:当月值,产量:水电:当月值,期货收盘价(活跃合约):焦煤,铜运费价差,进口数量:废铜:当月值,期货收盘价(活跃合约):燃料油,进口金额:铜矿砂及其精矿
2010-01-04,,,,,,,,,,4549.00 ,
2010-01-05,,,,,,,,,,4696.00 ,
2010-01-06,,,,,,,,,,4704.00 ,
2010-01-07,,,,,,,,,,4603.00 ,
2010-01-08,,,,,,,,,,4604.00 ,
2010-01-11,,,,,,,,,,4719.00 ,
2010-01-12,,,,,,,,,,4658.00 ,
2010-01-13,,,,,,,,,,4584.00 ,
2010-01-14,,,,,,,,,,4615.00 ,
2010-01-15,,,,,,,,,,4577.00 ,
2010-01-18,,,,,,,,,,4580.00 ,
2010-01-19,,,,,,,,,,4600.00 ,
2010-01-20,,,,,,,,,,4588.00 ,
2010-01-21,,,,,,,,,,4630.00 ,
2010-01-22,,,,,,,,,,4586.00 ,
2010-01-25,,,,,,,,,,4563.00 ,
2010-01-26,,,,,,,,,,4519.00 ,
2010-01-27,,,,,,,,,,4526.00 ,
2010-01-28,,,,,,,,,,4544.00 ,
2010-01-29,,,,,,,,,,4496.00 ,
2010-01-31,,,,,2932.35 ,302.09 ,,,337443.00 ,,
2010-02-01,,,,,,,,,,4407.00 ,
2010-02-02,,,,,,,,,,4439.00 ,
2010-02-03,,,,,,,,,,4498.00 ,
2010-02-04,,,,,,,,,,4457.00 ,
2010-02-05,,,,,,,,,,4331.00 ,
2010-02-08,,,,,,,,,,4332.00 ,
2010-02-09,,,,,,,,,,4341.00 ,
2010-02-10,,,,,,,,,,4352.00 ,
2010-02-11,,,,,,,,,,4380.00 ,
2010-02-12,,,,,,,,,,4426.00 ,
2010-02-22,,,,,,,,,,4530.00 ,
2010-02-23,,,,,,,,,,4515.00 ,
2010-02-24,,,,,,,,,,4506.00 ,
2010-02-25,,,,,,,,,,4509.00 ,
2010-02-26,,,,,,,,,,4507.00 ,
2010-02-28,,,,,2299.00 ,260.00 ,,,376634.00 ,,
2010-03-01,,,,,,,,,,4534.00 ,
2010-03-02,,,,,,,,,,4503.00 ,
2010-03-03,,,,,,,,,,4520.00 ,
2010-03-04,,,,,,,,,,4528.00 ,
2010-03-05,,,,,,,,,,4545.00 ,
2010-03-08,,,,,,,,,,4567.00 ,
2010-03-09,,,,,,,,,,4563.00 ,
2010-03-10,,,,,,,,,,4560.00 ,
2010-03-11,,,,,,,,,,4547.00 ,
2010-03-12,,,,,,,,,,4563.00 ,
2010-03-15,,,,,,,,,,4544.00 ,
2010-03-16,,,,,,,,,,4535.00 ,
2010-03-17,,,,,,,,,,4596.00 ,
2010-03-18,,,,,,,,,,4637.00 ,
2010-03-19,,,,,,,,,,4636.00 ,
2010-03-22,,,,,,,,,,4605.00 ,
2010-03-23,,,,,,,,,,4613.00 ,
2010-03-24,,,,,,,,,,4615.00 ,
2010-03-25,,,,,,,,,,4611.00 ,
2010-03-26,,,,,,,,,,4637.00 ,
2010-03-29,,,,,,,,,,4652.00 ,
2010-03-30,,,,,,,,,,4660.00 ,
2010-03-31,,,,,2883.00 ,339.20 ,,,364883.00 ,4650.00 ,
2010-04-01,,,,,,,,,,4682.00 ,
2010-04-02,,,,,,,,,,4705.00 ,
2010-04-06,,,,,,,,,,4739.00 ,
2010-04-07,,,,,,,,,,4732.00 ,
2010-04-08,,,,,,,,,,4712.00 ,
2010-04-09,,,,,,,,,,4745.00 ,
2010-04-12,,,,,,,,,,4751.00 ,
2010-04-13,,,,,,,,,,4749.00 ,
2010-04-14,,,,,,,,,,4759.00 ,
2010-04-15,,,,,,,,,,4772.00 ,
2010-04-16,,,,,,,,,,4774.00 ,
2010-04-19,,,,,,,,,,4722.00 ,
2010-04-20,,,,,,,,,,4755.00 ,
2010-04-21,,,,,,,,,,4766.00 ,
2010-04-22,,,,,,,,,,4748.00 ,
2010-04-23,,,,,,,,,,4749.00 ,
2010-04-26,,,,,,,,,,4766.00 ,
2010-04-27,,,,,,,,,,4748.00 ,
2010-04-28,,,,,,,,,,4718.00 ,
2010-04-29,,,,,,,,,,4733.00 ,
2010-04-30,,,,,2764.30 ,416.20 ,,,371705.00 ,4785.00 ,
2010-05-04,,,,,,,,,,4787.00 ,
2010-05-05,,,,,,,,,,4758.00 ,
2010-05-06,,,,,,,,,,4710.00 ,
2010-05-07,,,,,,,,,,4638.00 ,
2010-05-10,,,,,,,,,,4688.00 ,
2010-05-11,,,,,,,,,,4669.00 ,
2010-05-12,,,,,,,,,,4670.00 ,
2010-05-13,,,,,,,,,,4690.00 ,
2010-05-14,,,,,,,,,,4657.00 ,
2010-05-17,,,,,,,,,,4512.00 ,
2010-05-18,,,,,,,,,,4540.00 ,
2010-05-19,,,,,,,,,,4468.00 ,
2010-05-20,,,,,,,,,,4495.00 ,
2010-05-21,,,,,,,,,,4360.00 ,
2010-05-24,,,,,,,,,,4407.00 ,
2010-05-25,,,,,,,,,,4341.00 ,
2010-05-26,,,,,,,,,,4379.00 ,
2010-05-27,,,,,,,,,,4416.00 ,
2010-05-28,,,,,,,,,,4467.00 ,
2010-05-31,,,,,2709.30 ,558.70 ,,,326867.00 ,4437.00 ,
2010-06-01,,,,,,,,,,4409.00 ,
2010-06-02,,,,,,,,,,4359.00 ,
2010-06-03,,,,,,,,,,4392.00 ,
2010-06-04,,,,,,,,,,4381.00 ,
2010-06-07,,,,,,,,,,4226.00 ,
2010-06-08,,,,,,,,,,4295.00 ,
2010-06-09,,,,,,,,,,4340.00 ,
2010-06-10,,,,,,,,,,4321.00 ,
2010-06-11,,,,,,,,,,4361.00 ,
2010-06-17,,,,,,,,,,4340.00 ,
2010-06-18,,,,,,,,,,4356.00 ,
2010-06-21,,,,,,,,,,4418.00 ,
2010-06-22,,,,,,,,,,4386.00 ,
2010-06-23,,,,,,,,,,4386.00 ,
2010-06-24,,,,,,,,,,4370.00 ,
2010-06-25,,,,,,,,,,4360.00 ,
2010-06-28,,,,,,,,,,4395.00 ,
2010-06-29,,,,,,,,,,4357.00 ,
2010-06-30,,,,,2616.60 ,703.80 ,,,353470.00 ,4336.00 ,
2010-07-01,,,,,,,,,,4297.00 ,
2010-07-02,,,,,,,,,,4300.00 ,
2010-07-05,,,,,,,,,,4300.00 ,
2010-07-06,,,,,,,,,,4280.00 ,
2010-07-07,,,,,,,,,,4273.00 ,
2010-07-08,,,,,,,,,,4311.00 ,
2010-07-09,,,,,,,,,,4303.00 ,
2010-07-12,,,,,,,,,,4281.00 ,
2010-07-13,,,,,,,,,,4260.00 ,
2010-07-14,,,,,,,,,,4295.00 ,
2010-07-15,,,,,,,,,,4275.00 ,
2010-07-16,,,,,,,,,,4262.00 ,
2010-07-19,,,,,,,,,,4257.00 ,
2010-07-20,,,,,,,,,,4276.00 ,
2010-07-21,,,,,,,,,,4262.00 ,
2010-07-22,,,,,,,,,,4261.00 ,
2010-07-23,,,,,,,,,,4301.00 ,
2010-07-26,,,,,,,,,,4320.00 ,
2010-07-27,,,,,,,,,,4323.00 ,
2010-07-28,,,,,,,,,,4306.00 ,
2010-07-29,,,,,,,,,,4339.00 ,
2010-07-30,,,,,,,,,,4428.00 ,
2010-07-31,,,,,2809.10 ,826.80 ,,,378519.00 ,,
2010-08-02,,,,,,,,,,4475.00 ,
2010-08-03,,,,,,,,,,4480.00 ,
2010-08-04,,,,,,,,,,4479.00 ,
2010-08-05,,,,,,,,,,4464.00 ,
2010-08-06,,,,,,,,,,4495.00 ,
2010-08-09,,,,,,,,,,4499.00 ,
2010-08-10,,,,,,,,,,4473.00 ,
2010-08-11,,,,,,,,,,4456.00 ,
2010-08-12,,,,,,,,,,4405.00 ,
2010-08-13,,,,,,,,,,4416.00 ,
2010-08-16,,,,,,,,,,4428.00 ,
2010-08-17,,,,,,,,,,4428.00 ,
2010-08-18,,,,,,,,,,4441.00 ,
2010-08-19,,,,,,,,,,4491.00 ,
2010-08-20,,,,,,,,,,4447.00 ,
2010-08-23,,,,,,,,,,4399.00 ,
2010-08-24,,,,,,,,,,4353.00 ,
2010-08-25,,,,,,,,,,4382.00 ,
2010-08-26,,,,,,,,,,4391.00 ,
2010-08-27,,,,,,,,,,4378.00 ,
2010-08-30,,,,,,,,,,4424.00 ,
2010-08-31,,,,,2951.20 ,822.50 ,,,398152.00 ,4352.00 ,
2010-09-01,,,,,,,,,,4352.00 ,
2010-09-02,,,,,,,,,,4383.00 ,
2010-09-03,,,,,,,,,,4375.00 ,
2010-09-06,,,,,,,,,,4412.00 ,
2010-09-07,,,,,,,,,,4406.00 ,
2010-09-08,,,,,,,,,,4435.00 ,
2010-09-09,,,,,,,,,,4370.00 ,
2010-09-10,,,,,,,,,,4394.00 ,
2010-09-13,,,,,,,,,,4425.00 ,
2010-09-14,,,,,,,,,,4368.00 ,
2010-09-15,,,,,,,,,,4358.00 ,
2010-09-16,,,,,,,,,,4365.00 ,
2010-09-17,,,,,,,,,,4376.00 ,
2010-09-20,,,,,,,,,,4435.00 ,
2010-09-21,,,,,,,,,,4439.00 ,
2010-09-27,,,,,,,,,,4465.00 ,
2010-09-28,,,,,,,,,,4416.00 ,
2010-09-29,,,,,,,,,,4420.00 ,
2010-09-30,,,,,2600.90 ,755.50 ,,,408511.00 ,4461.00 ,
2010-10-08,,,,,,,,,,4477.00 ,
2010-10-11,,,,,,,,,,4598.00 ,
2010-10-12,,,,,,,,,,4647.00 ,
2010-10-13,,,,,,,,,,4748.00 ,
2010-10-14,,,,,,,,,,4779.00 ,
2010-10-15,,,,,,,,,,4750.00 ,
2010-10-18,,,,,,,,,,4656.00 ,
2010-10-19,,,,,,,,,,4685.00 ,
2010-10-20,,,,,,,,,,4634.00 ,
2010-10-21,,,,,,,,,,4644.00 ,
2010-10-22,,,,,,,,,,4649.00 ,
2010-10-25,,,,,,,,,,4743.00 ,
2010-10-26,,,,,,,,,,4707.00 ,
2010-10-27,,,,,,,,,,4635.00 ,
2010-10-28,,,,,,,,,,4668.00 ,
2010-10-29,,,,,,,,,,4635.00 ,
2010-10-31,,,,,2562.60 ,630.30 ,,,314708.00 ,,
2010-11-01,,,,,,,,,,4662.00 ,
2010-11-02,,,,,,,,,,4699.00 ,
2010-11-03,,,,,,,,,,4687.00 ,
2010-11-04,,,,,,,,,,4750.00 ,
2010-11-05,,,,,,,,,,4839.00 ,
2010-11-08,,,,,,,,,,4816.00 ,
2010-11-09,,,,,,,,,,5063.00 ,
2010-11-10,,,,,,,,,,4999.00 ,
2010-11-11,,,,,,,,,,5088.00 ,
2010-11-12,,,,,,,,,,4914.00 ,
2010-11-15,,,,,,,,,,4907.00 ,
2010-11-16,,,,,,,,,,4859.00 ,
2010-11-17,,,,,,,,,,4717.00 ,
2010-11-18,,,,,,,,,,4760.00 ,
2010-11-19,,,,,,,,,,4764.00 ,
2010-11-22,,,,,,,,,,4773.00 ,
2010-11-23,,,,,,,,,,4668.00 ,
2010-11-24,,,,,,,,,,4706.00 ,
2010-11-25,,,,,,,,,,4714.00 ,
2010-11-26,,,,,,,,,,4690.00 ,
2010-11-29,,,,,,,,,,4744.00 ,
2010-11-30,,,,,2789.50 ,507.20 ,,,398726.00 ,4795.00 ,
2010-12-01,,,,,,,,,,4769.00 ,
2010-12-02,,,,,,,,,,4834.00 ,
2010-12-03,,,,,,,,,,4865.00 ,
2010-12-06,,,,,,,,,,4910.00 ,
2010-12-07,,,,,,,,,,4893.00 ,
2010-12-08,,,,,,,,,,4818.00 ,
2010-12-09,,,,,,,,,,4854.00 ,
2010-12-10,,,,,,,,,,4875.00 ,
2010-12-13,,,,,,,,,,4895.00 ,
2010-12-14,,,,,,,,,,4889.00 ,
2010-12-15,,,,,,,,,,4841.00 ,
2010-12-16,,,,,,,,,,4879.00 ,
2010-12-17,,,,,,,,,,4868.00 ,
2010-12-20,,,,,,,,,,4870.00 ,
2010-12-21,,,,,,,,,,4878.00 ,
2010-12-22,,,,,,,,,,4863.00 ,
2010-12-23,,,,,,,,,,4881.00 ,
2010-12-24,,,,,,,,,,4890.00 ,
2010-12-27,,,,,,,,,,4864.00 ,
2010-12-28,,,,,,,,,,4824.00 ,
2010-12-29,,,,,,,,,,4754.00 ,
2010-12-30,,,,,,,,,,4771.00 ,
2010-12-31,,,,,3040.90 ,472.30 ,,,434745.00 ,4735.00 ,1267855.90 
2011-01-04,,,,,,,,,,4783.00 ,
2011-01-05,,,,,,,,,,4735.00 ,
2011-01-06,,,,,,,,,,4752.00 ,
2011-01-07,,,,,,,,,,4682.00 ,
2011-01-10,,,,,,,,,,4695.00 ,
2011-01-11,,,,,,,,,,4879.00 ,
2011-01-12,,,,,,,,,,4892.00 ,
2011-01-13,,,,,,,,,,4887.00 ,
2011-01-14,,,,,,,,,,4866.00 ,
2011-01-17,,,,,,,,,,4855.00 ,
2011-01-18,,,,,,,,,,4846.00 ,
2011-01-19,,,,,,,,,,4881.00 ,
2011-01-20,,,,,,,,,,4848.00 ,
2011-01-21,,,,,,,,,,4765.00 ,
2011-01-24,,,,,,,,,,4775.00 ,
2011-01-25,,,,,,,,,,4676.00 ,
2011-01-26,,,,,,,,,,4694.00 ,
2011-01-27,,,,,,,,,,4689.00 ,
2011-01-28,,,,,,,,,,4688.00 ,
2011-01-31,,,,,3113.30 ,398.43 ,,,364857.74 ,4751.00 ,
2011-02-01,,,,,,,,,,4792.00 ,
2011-02-09,,,,,,,,,,4752.00 ,
2011-02-10,,,,,,,,,,4801.00 ,
2011-02-11,,,,,,,,,,4804.00 ,
2011-02-14,,,,,,,,,,4812.00 ,
2011-02-15,,,,,,,,,,4829.00 ,
2011-02-16,,,,,,,,,,4797.00 ,
2011-02-17,,,,,,,,,,4792.00 ,
2011-02-18,,,,,,,,,,4787.00 ,
2011-02-21,,,,,,,,,,4818.00 ,
2011-02-22,,,,,,,,,,4879.00 ,
2011-02-23,,,,,,,,,,4821.00 ,
2011-02-24,,,,,,,,,,4870.00 ,
2011-02-25,,,,,,,,,,4854.00 ,
2011-02-28,,,,,2624.00 ,325.40 ,,,245711.00 ,4868.00 ,
2011-03-01,,,,,,,,,,4816.00 ,
2011-03-02,,,,,,,,,,4838.00 ,
2011-03-03,,,,,,,,,,4847.00 ,
2011-03-04,,,,,,,,,,4837.00 ,
2011-03-07,,,,,,,,,,4867.00 ,
2011-03-08,,,,,,,,,,4827.00 ,
2011-03-09,,,,,,,,,,4806.00 ,
2011-03-10,,,,,,,,,,4823.00 ,
2011-03-11,,,,,,,,,,4756.00 ,
2011-03-14,,,,,,,,,,4677.00 ,
2011-03-15,,,,,,,,,,4659.00 ,
2011-03-16,,,,,,,,,,4640.00 ,
2011-03-17,,,,,,,,,,4676.00 ,
2011-03-18,,,,,,,,,,4717.00 ,
2011-03-21,,,,,,,,,,4754.00 ,
2011-03-22,,,,,,,,,,4735.00 ,
2011-03-23,,,,,,,,,,4736.00 ,
2011-03-24,,,,,,,,,,4712.00 ,
2011-03-25,,,,,,,,,,4715.00 ,
2011-03-28,,,,,,,,,,4690.00 ,
2011-03-29,,,,,,,,,,4672.00 ,
2011-03-30,,,,,,,,,,4654.00 ,
2011-03-31,,,,,3232.40 ,411.60 ,,,387133.00 ,4625.00 ,
2011-04-01,,,,,,,,,,4649.00 ,
2011-04-06,,,,,,,,,,4978.00 ,
2011-04-07,,,,,,,,,,4980.00 ,
2011-04-08,,,,,,,,,,5063.00 ,
2011-04-11,,,,,,,,,,5062.00 ,
2011-04-12,,,,,,,,,,4987.00 ,
2011-04-13,,,,,,,,,,4969.00 ,
2011-04-14,,,,,,,,,,4953.00 ,
2011-04-15,,,,,,,,,,4942.00 ,
2011-04-18,,,,,,,,,,4936.00 ,
2011-04-19,,,,,,,,,,4862.00 ,
2011-04-20,,,,,,,,,,4895.00 ,
2011-04-21,,,,,,,,,,4929.00 ,
2011-04-22,,,,,,,,,,4928.00 ,
2011-04-25,,,,,,,,,,4930.00 ,
2011-04-26,,,,,,,,,,4908.00 ,
2011-04-27,,,,,,,,,,4920.00 ,
2011-04-28,,,,,,,,,,4955.00 ,
2011-04-29,,,,,,,,,,4939.00 ,
2011-04-30,,,,,3070.40 ,421.00 ,,,378475.00 ,,
2011-05-03,,,,,,,,,,4951.00 ,
2011-05-04,,,,,,,,,,4915.00 ,
2011-05-05,,,,,,,,,,4917.00 ,
2011-05-06,,,,,,,,,,4832.00 ,
2011-05-09,,,,,,,,,,4865.00 ,
2011-05-10,,,,,,,,,,4888.00 ,
2011-05-11,,,,,,,,,,4945.00 ,
2011-05-12,,,,,,,,,,4905.00 ,
2011-05-13,,,,,,,,,,4942.00 ,
2011-05-16,,,,,,,,,,4945.00 ,
2011-05-17,,,,,,,,,,4926.00 ,
2011-05-18,,,,,,,,,,4934.00 ,
2011-05-19,,,,,,,,,,4955.00 ,
2011-05-20,,,,,,,,,,4949.00 ,
2011-05-23,,,,,,,,,,4968.00 ,
2011-05-24,,,,,,,,,,5009.00 ,
2011-05-25,,,,,,,,,,4995.00 ,
2011-05-26,,,,,,,,,,5013.00 ,
2011-05-27,,,,,,,,,,5015.00 ,
2011-05-30,,,,,,,,,,5035.00 ,
2011-05-31,,,,,3087.00 ,511.40 ,,,398745.00 ,5039.00 ,
2011-06-01,,,,,,,,,,5027.00 ,
2011-06-02,,,,,,,,,,5010.00 ,
2011-06-03,,,,,,,,,,5023.00 ,
2011-06-07,,,,,,,,,,5032.00 ,
2011-06-08,,,,,,,,,,5056.00 ,
2011-06-09,,,,,,,,,,5066.00 ,
2011-06-10,,,,,,,,,,5042.00 ,
2011-06-13,,,,,,,,,,5037.00 ,
2011-06-14,,,,,,,,,,5026.00 ,
2011-06-15,,,,,,,,,,5036.00 ,
2011-06-16,,,,,,,,,,4990.00 ,
2011-06-17,,,,,,,,,,4983.00 ,
2011-06-20,,,,,,,,,,4960.00 ,
2011-06-21,,,,,,,,,,4983.00 ,
2011-06-22,,,,,,,,,,4975.00 ,
2011-06-23,,,,,,,,,,4990.00 ,
2011-06-24,,,,,,,,,,4963.00 ,
2011-06-27,,,,,,,,,,4925.00 ,
2011-06-28,,,,,,,,,,4928.00 ,
2011-06-29,,,,,,,,,,4945.00 ,
2011-06-30,,,,,3127.50 ,664.10 ,,,421761.00 ,4965.00 ,
2011-07-01,,,,,,,,,,4951.00 ,
2011-07-04,,,,,,,,,,4974.00 ,
2011-07-05,,,,,,,,,,4964.00 ,
2011-07-06,,,,,,,,,,4975.00 ,
2011-07-07,,,,,,,,,,4966.00 ,
2011-07-08,,,,,,,,,,4987.00 ,
2011-07-11,,,,,,,,,,4970.00 ,
2011-07-12,,,,,,,,,,4969.00 ,
2011-07-13,,,,,,,,,,4999.00 ,
2011-07-14,,,,,,,,,,5000.00 ,
2011-07-15,,,,,,,,,,4982.00 ,
2011-07-18,,,,,,,,,,4999.00 ,
2011-07-19,,,,,,,,,,5011.00 ,
2011-07-20,,,,,,,,,,5034.00 ,
2011-07-21,,,,,,,,,,5034.00 ,
2011-07-22,,,,,,,,,,5050.00 ,
2011-07-25,,,,,,,,,,5039.00 ,
2011-07-26,,,,,,,,,,5040.00 ,
2011-07-27,,,,,,,,,,5063.00 ,
2011-07-28,,,,,,,,,,5065.00 ,
2011-07-29,,,,,,,,,,5075.00 ,
2011-07-31,,,,,3392.00 ,698.30 ,,,432317.00 ,,
2011-08-01,,,,,,,,,,5086.00 ,
2011-08-02,,,,,,,,,,5095.00 ,
2011-08-03,,,,,,,,,,5089.00 ,
2011-08-04,,,,,,,,,,5071.00 ,
2011-08-05,,,,,,,,,,5090.00 ,
2011-08-08,,,,,,,,,,5053.00 ,
2011-08-09,,,,,,,,,,5040.00 ,
2011-08-10,,,,,,,,,,4921.00 ,
2011-08-11,,,,,,,,,,4931.00 ,
2011-08-12,,,,,,,,,,4933.00 ,
2011-08-15,,,,,,,,,,4942.00 ,
2011-08-16,,,,,,,,,,4923.00 ,
2011-08-17,,,,,,,,,,4934.00 ,
2011-08-18,,,,,,,,,,4934.00 ,
2011-08-19,,,,,,,,,,4874.00 ,
2011-08-22,,,,,,,,,,4869.00 ,
2011-08-23,,,,,,,,,,4917.00 ,
2011-08-24,,,,,,,,,,4916.00 ,
2011-08-25,,,,,,,,,,4928.00 ,
2011-08-26,,,,,,,,,,4921.00 ,
2011-08-29,,,,,,,,,,4931.00 ,
2011-08-30,,,,,,,,,,4941.00 ,
2011-08-31,,,,,3457.70 ,656.10 ,,,382175.00 ,4942.00 ,
2011-09-01,,,,,,,,,,4939.00 ,
2011-09-02,,,,,,,,,,4929.00 ,
2011-09-05,,,,,,,,,,4907.00 ,
2011-09-06,,,,,,,,,,4879.00 ,
2011-09-07,,,,,,,,,,4916.00 ,
2011-09-08,,,,,,,,,,4917.00 ,
2011-09-09,,,,,,,,,,4910.00 ,
2011-09-13,,,,,,,,,,4900.00 ,
2011-09-14,,,,,,,,,,4890.00 ,
2011-09-15,,,,,,,,,,4888.00 ,
2011-09-16,,,,,,,,,,4900.00 ,
2011-09-19,,,,,,,,,,4860.00 ,
2011-09-20,,,,,,,,,,4865.00 ,
2011-09-21,,,,,,,,,,4879.00 ,
2011-09-22,,,,,,,,,,4841.00 ,
2011-09-23,,,,,,,,,,4823.00 ,
2011-09-26,,,,,,,,,,4700.00 ,
2011-09-27,,,,,,,,,,4802.00 ,
2011-09-28,,,,,,,,,,4819.00 ,
2011-09-29,,,,,,,,,,4748.00 ,
2011-09-30,,,,,3146.40 ,568.50 ,,,418359.00 ,4790.00 ,
2011-10-10,,,,,,,,,,4778.00 ,
2011-10-11,,,,,,,,,,4787.00 ,
2011-10-12,,,,,,,,,,4797.00 ,
2011-10-13,,,,,,,,,,4760.00 ,
2011-10-14,,,,,,,,,,4780.00 ,
2011-10-17,,,,,,,,,,4793.00 ,
2011-10-18,,,,,,,,,,4779.00 ,
2011-10-19,,,,,,,,,,4783.00 ,
2011-10-20,,,,,,,,,,4802.00 ,
2011-10-21,,,,,,,,,,4820.00 ,
2011-10-24,,,,,,,,,,4838.00 ,
2011-10-25,,,,,,,,,,4853.00 ,
2011-10-26,,,,,,,,,,4837.00 ,
2011-10-27,,,,,,,,,,4870.00 ,
2011-10-28,,,,,,,,,,4860.00 ,
2011-10-31,,,,,2990.30 ,501.20 ,,,377462.00 ,4868.00 ,
2011-11-01,,,,,,,,,,4870.00 ,
2011-11-02,,,,,,,,,,4900.00 ,
2011-11-03,,,,,,,,,,4880.00 ,
2011-11-04,,,,,,,,,,4873.00 ,
2011-11-07,,,,,,,,,,4871.00 ,
2011-11-08,,,,,,,,,,4862.00 ,
2011-11-09,,,,,,,,,,4873.00 ,
2011-11-10,,,,,,,,,,4861.00 ,
2011-11-11,,,,,,,,,,4915.00 ,
2011-11-14,,,,,,,,,,4869.00 ,
2011-11-15,,,,,,,,,,4851.00 ,
2011-11-16,,,,,,,,,,4856.00 ,
2011-11-17,,,,,,,,,,4880.00 ,
2011-11-18,,,,,,,,,,4870.00 ,
2011-11-21,,,,,,,,,,4890.00 ,
2011-11-22,,,,,,,,,,4860.00 ,
2011-11-23,,,,,,,,,,4855.00 ,
2011-11-24,,,,,,,,,,4845.00 ,
2011-11-25,,,,,,,,,,4900.00 ,
2011-11-28,,,,,,,,,,4850.00 ,
2011-11-29,,,,,,,,,,4800.00 ,
2011-11-30,,,,,3063.20 ,493.50 ,,,433476.00 ,4750.00 ,
2011-12-01,,,,,,,,,,5117.00 ,
2011-12-02,,,,,,,,,,5116.00 ,
2011-12-05,,,,,,,,,,5120.00 ,
2011-12-06,,,,,,,,,,5110.00 ,
2011-12-07,,,,,,,,,,5115.00 ,
2011-12-08,,,,,,,,,,5118.00 ,
2011-12-09,,,,,,,,,,5055.00 ,
2011-12-12,,,,,,,,,,5068.00 ,
2011-12-13,,,,,,,,,,5042.00 ,
2011-12-14,,,,,,,,,,5060.00 ,
2011-12-15,,,,,,,,,,5006.00 ,
2011-12-16,,,,,,,,,,5035.00 ,
2011-12-19,,,,,,,,,,5012.00 ,
2011-12-20,,,,,,,,,,5016.00 ,
2011-12-21,,,,,,,,,,5048.00 ,
2011-12-22,,,,,,,,,,5050.00 ,
2011-12-23,,,,,,,,,,5066.00 ,
2011-12-26,,,,,,,,,,5049.00 ,
2011-12-27,,,,,,,,,,5051.00 ,
2011-12-28,,,,,,,,,,5069.00 ,
2011-12-29,,,,,,,,,,5050.00 ,
2011-12-30,,,,,,,,,,5054.00 ,
2011-12-31,,,,,3425.10 ,442.10 ,,,446819.00 ,,1551813.50 
2012-01-04,,,,,,,,,,5089.00 ,
2012-01-05,,,,,,,,,,5156.00 ,
2012-01-06,,,,,,,,,,5155.00 ,
2012-01-09,,,,,,,,,,5160.00 ,
2012-01-10,,,,,,,,,,5154.00 ,
2012-01-11,,,,,,,,,,5172.00 ,
2012-01-12,,,,,,,,,,5155.00 ,
2012-01-13,,,,,,,,,,5130.00 ,
2012-01-16,,,,,,,,,,5161.00 ,
2012-01-17,,,,,,,,,,5210.00 ,
2012-01-18,,,,,,,,,,5227.00 ,
2012-01-19,,,,,,,,,,5215.00 ,
2012-01-20,,,,,,,,,,5205.00 ,
2012-01-30,,,,,,,,,,5223.00 ,
2012-01-31,,,,,2942.68 ,350.93 ,,,229022.00 ,5256.00 ,
2012-02-01,,,,,,,,,,5330.00 ,
2012-02-02,,,,,,,,,,5332.00 ,
2012-02-03,,,,,,,,,,5315.00 ,
2012-02-06,,,,,,,,,,5325.00 ,
2012-02-07,,,,,,,,,,5331.00 ,
2012-02-08,,,,,,,,,,5363.00 ,
2012-02-09,,,,,,,,,,5375.00 ,
2012-02-10,,,,,,,,,,5389.00 ,
2012-02-13,,,,,,,,,,5387.00 ,
2012-02-14,,,,,,,,,,5394.00 ,
2012-02-15,,,,,,,,,,5393.00 ,
2012-02-16,,,,,,,,,,5373.00 ,
2012-02-17,,,,,,,,,,5370.00 ,
2012-02-20,,,,,,,,,,5366.00 ,
2012-02-21,,,,,,,,,,5365.00 ,
2012-02-22,,,,,,,,,,5364.00 ,
2012-02-23,,,,,,,,,,5358.00 ,
2012-02-24,,,,,,,,,,5385.00 ,
2012-02-27,,,,,,,,,,5386.00 ,
2012-02-28,,,,,,,,,,5384.00 ,
2012-02-29,,,,,3146.15 ,336.63 ,,,402681.00 ,5428.00 ,
2012-03-01,,,,,,,,,,5410.00 ,
2012-03-02,,,,,,,,,,5415.00 ,
2012-03-05,,,,,,,,,,5422.00 ,
2012-03-06,,,,,,,,,,5439.00 ,
2012-03-07,,,,,,,,,,5435.00 ,
2012-03-08,,,,,,,,,,5445.00 ,
2012-03-09,,,,,,,,,,5468.00 ,
2012-03-12,,,,,,,,,,5465.00 ,
2012-03-13,,,,,,,,,,5470.00 ,
2012-03-14,,,,,,,,,,5466.00 ,
2012-03-15,,,,,,,,,,5468.00 ,
2012-03-16,,,,,,,,,,5472.00 ,
2012-03-19,,,,,,,,,,5489.00 ,
2012-03-20,,,,,,,,,,5468.00 ,
2012-03-21,,,,,,,,,,5426.00 ,
2012-03-22,,,,,,,,,,5453.00 ,
2012-03-23,,,,,,,,,,5475.00 ,
2012-03-26,,,,,,,,,,5488.00 ,
2012-03-27,,,,,,,,,,5610.00 ,
2012-03-28,,,,,,,,,,5615.00 ,
2012-03-29,,,,,,,,,,5544.00 ,
2012-03-30,,,,,,,,,,5540.00 ,
2012-03-31,,,,,3443.50 ,413.10 ,,,430076.00 ,,
2012-04-05,,,,,,,,,,5549.00 ,
2012-04-06,,,,,,,,,,5545.00 ,
2012-04-09,,,,,,,,,,5499.00 ,
2012-04-10,,,,,,,,,,5466.00 ,
2012-04-11,,,,,,,,,,5499.00 ,
2012-04-12,,,,,,,,,,5529.00 ,
2012-04-13,,,,,,,,,,5477.00 ,
2012-04-16,,,,,,,,,,5458.00 ,
2012-04-17,,,,,,,,,,5475.00 ,
2012-04-18,,,,,,,,,,5468.00 ,
2012-04-19,,,,,,,,,,5487.00 ,
2012-04-20,,,,,,,,,,5441.00 ,
2012-04-23,,,,,,,,,,5436.00 ,
2012-04-24,,,,,,,,,,5473.00 ,
2012-04-25,,,,,,,,,,5488.00 ,
2012-04-26,,,,,,,,,,5443.00 ,
2012-04-27,,,,,,,,,,5435.00 ,
2012-04-30,,,,,3049.10 ,438.30 ,,,370919.00 ,,
2012-05-02,,,,,,,,,,5458.00 ,
2012-05-03,,,,,,,,,,5410.00 ,
2012-05-04,,,,,,,,,,5448.00 ,
2012-05-07,,,,,,,,,,5305.00 ,
2012-05-08,,,,,,,,,,5308.00 ,
2012-05-09,,,,,,,,,,5299.00 ,
2012-05-10,,,,,,,,,,5310.00 ,
2012-05-11,,,,,,,,,,5220.00 ,
2012-05-14,,,,,,,,,,5218.00 ,
2012-05-15,,,,,,,,,,5229.00 ,
2012-05-16,,,,,,,,,,5140.00 ,
2012-05-17,,,,,,,,,,5178.00 ,
2012-05-18,,,,,,,,,,5120.00 ,
2012-05-21,,,,,,,,,,5150.00 ,
2012-05-22,,,,,,,,,,5143.00 ,
2012-05-23,,,,,,,,,,5080.00 ,
2012-05-24,,,,,,,,,,5086.00 ,
2012-05-25,,,,,,,,,,5080.00 ,
2012-05-28,,,,,,,,,,5061.00 ,
2012-05-29,,,,,,,,,,5020.00 ,
2012-05-30,,,,,,,,,,4934.00 ,
2012-05-31,,,,,3014.70 ,665.50 ,,,423869.00 ,4860.00 ,
2012-06-01,,,,,,,,,,4834.00 ,
2012-06-04,,,,,,,,,,4666.00 ,
2012-06-05,,,,,,,,,,4700.00 ,
2012-06-06,,,,,,,,,,4660.00 ,
2012-06-07,,,,,,,,,,4700.00 ,
2012-06-08,,,,,,,,,,4686.00 ,
2012-06-11,,,,,,,,,,4732.00 ,
2012-06-12,,,,,,,,,,4700.00 ,
2012-06-13,,,,,,,,,,4750.00 ,
2012-06-14,,,,,,,,,,4721.00 ,
2012-06-15,,,,,,,,,,4745.00 ,
2012-06-18,,,,,,,,,,4741.00 ,
2012-06-19,,,,,,,,,,4701.00 ,
2012-06-20,,,,,,,,,,4712.00 ,
2012-06-21,,,,,,,,,,4621.00 ,
2012-06-25,,,,,,,,,,4621.00 ,
2012-06-26,,,,,,,,,,4629.00 ,
2012-06-27,,,,,,,,,,4611.00 ,
2012-06-28,,,,,,,,,,4637.00 ,
2012-06-29,,,,,,,,,,4628.00 ,
2012-06-30,,,,,2953.40 ,752.80 ,,,369149.00 ,,
2012-07-02,,,,,,,,,,4683.00 ,
2012-07-03,,,,,,,,,,4700.00 ,
2012-07-04,,,,,,,,,,4710.00 ,
2012-07-05,,,,,,,,,,4709.00 ,
2012-07-06,,,,,,,,,,4709.00 ,
2012-07-09,,,,,,,,,,4745.00 ,
2012-07-10,,,,,,,,,,4720.00 ,
2012-07-11,,,,,,,,,,4704.00 ,
2012-07-12,,,,,,,,,,4699.00 ,
2012-07-13,,,,,,,,,,4689.00 ,
2012-07-16,,,,,,,,,,4704.00 ,
2012-07-17,,,,,,,,,,4745.00 ,
2012-07-18,,,,,,,,,,4749.00 ,
2012-07-19,,,,,,,,,,4782.00 ,
2012-07-20,,,,,,,,,,4809.00 ,
2012-07-23,,,,,,,,,,4781.00 ,
2012-07-24,,,,,,,,,,4795.00 ,
2012-07-25,,,,,,,,,,4792.00 ,
2012-07-26,,,,,,,,,,4799.00 ,
2012-07-27,,,,,,,,,,4795.00 ,
2012-07-30,,,,,,,,,,4786.00 ,
2012-07-31,,,,,3215.20 ,916.30 ,,,428777.00 ,4792.00 ,
2012-08-01,,,,,,,,,,4800.00 ,
2012-08-02,,,,,,,,,,4815.00 ,
2012-08-03,,,,,,,,,,4800.00 ,
2012-08-06,,,,,,,,,,4821.00 ,
2012-08-07,,,,,,,,,,4964.00 ,
2012-08-08,,,,,,,,,,4933.00 ,
2012-08-09,,,,,,,,,,4926.00 ,
2012-08-10,,,,,,,,,,4910.00 ,
2012-08-13,,,,,,,,,,4910.00 ,
2012-08-14,,,,,,,,,,4979.00 ,
2012-08-15,,,,,,,,,,4998.00 ,
2012-08-16,,,,,,,,,,4920.00 ,
2012-08-17,,,,,,,,,,4949.00 ,
2012-08-20,,,,,,,,,,4921.00 ,
2012-08-21,,,,,,,,,,4926.00 ,
2012-08-22,,,,,,,,,,4929.00 ,
2012-08-23,,,,,,,,,,4935.00 ,
2012-08-24,,,,,,,,,,4949.00 ,
2012-08-27,,,,,,,,,,4976.00 ,
2012-08-28,,,,,,,,,,4924.00 ,
2012-08-29,,,,,,,,,,4920.00 ,
2012-08-30,,,,,,,,,,4916.00 ,
2012-08-31,,,,,3207.90 ,944.50 ,,,438146.00 ,4888.00 ,
2012-09-03,,,,,,,,,,4948.00 ,
2012-09-04,,,,,,,,,,4950.00 ,
2012-09-05,,,,,,,,,,4900.00 ,
2012-09-06,,,,,,,,,,4907.00 ,
2012-09-07,,,,,,,,,,4921.00 ,
2012-09-10,,,,,,,,,,4896.00 ,
2012-09-11,,,,,,,,,,4936.00 ,
2012-09-12,,,,,,,,,,5016.00 ,
2012-09-13,,,,,,,,,,5029.00 ,
2012-09-14,,,,,,,,,,5036.00 ,
2012-09-17,,,,,,,,,,5030.00 ,
2012-09-18,,,,,,,,,,4999.00 ,
2012-09-19,,,,,,,,,,5001.00 ,
2012-09-20,,,,,,,,,,4951.00 ,
2012-09-21,,,,,,,,,,4931.00 ,
2012-09-24,,,,,,,,,,4925.00 ,
2012-09-25,,,,,,,,,,4913.00 ,
2012-09-26,,,,,,,,,,4922.00 ,
2012-09-27,,,,,,,,,,4901.00 ,
2012-09-28,,,,,,,,,,4941.00 ,
2012-09-30,,,,,2851.20 ,842.70 ,,,459001.00 ,,
2012-10-08,,,,,,,,,,4900.00 ,
2012-10-09,,,,,,,,,,4915.00 ,
2012-10-10,,,,,,,,,,4944.00 ,
2012-10-11,,,,,,,,,,4953.00 ,
2012-10-12,,,,,,,,,,4955.00 ,
2012-10-15,,,,,,,,,,4930.00 ,
2012-10-16,,,,,,,,,,4969.00 ,
2012-10-17,,,,,,,,,,4950.00 ,
2012-10-18,,,,,,,,,,4947.00 ,
2012-10-19,,,,,,,,,,4939.00 ,
2012-10-22,,,,,,,,,,4909.00 ,
2012-10-23,,,,,,,,,,4917.00 ,
2012-10-24,,,,,,,,,,4901.00 ,
2012-10-25,,,,,,,,,,4927.00 ,
2012-10-26,,,,,,,,,,4899.00 ,
2012-10-29,,,,,,,,,,4900.00 ,
2012-10-30,,,,,,,,,,4902.00 ,
2012-10-31,,,,,2925.90 ,741.00 ,,,394208.00 ,4914.00 ,
2012-11-01,,,,,,,,,,4897.00 ,
2012-11-02,,,,,,,,,,4897.00 ,
2012-11-05,,,,,,,,,,4877.00 ,
2012-11-06,,,,,,,,,,4897.00 ,
2012-11-07,,,,,,,,,,4960.00 ,
2012-11-08,,,,,,,,,,4950.00 ,
2012-11-09,,,,,,,,,,4950.00 ,
2012-11-12,,,,,,,,,,4937.00 ,
2012-11-13,,,,,,,,,,4939.00 ,
2012-11-14,,,,,,,,,,4945.00 ,
2012-11-15,,,,,,,,,,4939.00 ,
2012-11-16,,,,,,,,,,4925.00 ,
2012-11-19,,,,,,,,,,5015.00 ,
2012-11-20,,,,,,,,,,4993.00 ,
2012-11-21,,,,,,,,,,4964.00 ,
2012-11-22,,,,,,,,,,4952.00 ,
2012-11-23,,,,,,,,,,4946.00 ,
2012-11-26,,,,,,,,,,4980.00 ,
2012-11-27,,,,,,,,,,4950.00 ,
2012-11-28,,,,,,,,,,4954.00 ,
2012-11-29,,,,,,,,,,4900.00 ,
2012-11-30,,,,,3193.60 ,568.80 ,,,470300.00 ,4949.00 ,
2012-12-03,,,,,,,,,,4998.00 ,
2012-12-04,,,,,,,,,,5010.00 ,
2012-12-05,,,,,,,,,,4970.00 ,
2012-12-06,,,,,,,,,,5003.00 ,
2012-12-07,,,,,,,,,,5006.00 ,
2012-12-10,,,,,,,,,,5007.00 ,
2012-12-11,,,,,,,,,,4952.00 ,
2012-12-12,,,,,,,,,,4962.00 ,
2012-12-13,,,,,,,,,,4912.00 ,
2012-12-14,,,,,,,,,,4956.00 ,
2012-12-17,,,,,,,,,,4991.00 ,
2012-12-18,,,,,,,,,,5002.00 ,
2012-12-19,,,,,,,,,,5020.00 ,
2012-12-20,,,,,,,,,,5020.00 ,
2012-12-21,,,,,,,,,,5043.00 ,
2012-12-24,,,,,,,,,,5111.00 ,
2012-12-25,,,,,,,,,,5051.00 ,
2012-12-26,,,,,,,,,,5045.00 ,
2012-12-27,,,,,,,,,,5080.00 ,
2012-12-28,,,,,,,,,,5079.00 ,
2012-12-31,,,,,3554.20 ,501.10 ,,,443315.00 ,5046.00 ,1695072.70 
2013-01-04,,,,,,,,,,5041.00 ,
2013-01-07,,,,,,,,,,5089.00 ,
2013-01-08,,,,,,,,,,5133.00 ,
2013-01-09,,,,,,,,,,5107.00 ,
2013-01-10,,,,,,,,,,5099.00 ,
2013-01-11,,,,,,,,,,5060.00 ,
2013-01-14,,,,,,,,,,5082.00 ,
2013-01-15,,,,,,,,,,5092.00 ,
2013-01-16,,,,,,,,,,5119.00 ,
2013-01-17,,,,,,,,,,5089.00 ,
2013-01-18,,,,,,,,,,5134.00 ,
2013-01-21,,,,,,,,,,5169.00 ,
2013-01-22,,,,,,,,,,5123.00 ,
2013-01-23,,,,,,,,,,5115.00 ,
2013-01-24,,,,,,,,,,5133.00 ,
2013-01-25,,,,,,,,,,5067.00 ,
2013-01-28,,,,,,,,,,5100.00 ,
2013-01-29,,,,,,,,,,5151.00 ,
2013-01-30,,,,,,,,,,5220.00 ,
2013-01-31,,,,,3714.60 ,453.80 ,,,379971.00 ,5204.00 ,
2013-02-01,,,,,,,,,,5225.00 ,
2013-02-04,,,,,,,,,,5300.00 ,
2013-02-05,,,,,,,,,,5232.00 ,
2013-02-06,,,,,,,,,,5225.00 ,
2013-02-07,,,,,,,,,,5225.00 ,
2013-02-08,,,,,,,,,,5243.00 ,
2013-02-18,,,,,,,,,,5197.00 ,
2013-02-19,,,,,,,,,,5218.00 ,
2013-02-20,,,,,,,,,,5213.00 ,
2013-02-21,,,,,,,,,,5190.00 ,
2013-02-22,,,,,,,,,,5192.00 ,
2013-02-25,,,,,,,,,,5170.00 ,
2013-02-26,,,,,,,,,,5170.00 ,
2013-02-27,,,,,,,,,,5189.00 ,
2013-02-28,,,,,2715.20 ,366.30 ,,,301867.00 ,5180.00 ,
2013-03-01,,,,,,,,,,5171.00 ,
2013-03-04,,,,,,,,,,5135.00 ,
2013-03-05,,,,,,,,,,5150.00 ,
2013-03-06,,,,,,,,,,5150.00 ,
2013-03-07,,,,,,,,,,5155.00 ,
2013-03-08,,,,,,,,,,5168.00 ,
2013-03-11,,,,,,,,,,5164.00 ,
2013-03-12,,,,,,,,,,5157.00 ,
2013-03-13,,,,,,,,,,5157.00 ,
2013-03-14,,,,,,,,,,5179.00 ,
2013-03-15,,,,,,,,,,5175.00 ,
2013-03-18,,,,,,,,,,5153.00 ,
2013-03-19,,,,,,,,,,5186.00 ,
2013-03-20,,,,,,,,,,5175.00 ,
2013-03-21,,,,,,,,,,5175.00 ,
2013-03-22,,,,,,,1267.00 ,,,5126.00 ,
2013-03-25,,,,,,,1258.00 ,,,5150.00 ,
2013-03-26,,,,,,,1272.00 ,,,5153.00 ,
2013-03-27,,,,,,,1261.00 ,,,5153.00 ,
2013-03-28,,,,,,,1259.00 ,,,5153.00 ,
2013-03-29,,,,,,,1240.00 ,,,5145.00 ,
2013-03-31,,,,,3527.00 ,477.80 ,,,347598.00 ,,
2013-04-01,,,,,,,1202.00 ,,,5115.00 ,
2013-04-02,,,,,,,1228.00 ,,,5124.00 ,
2013-04-03,,,,,,,1216.00 ,,,5124.00 ,
2013-04-08,,,,,,,1220.00 ,,,5140.00 ,
2013-04-09,,,,,,,1223.00 ,,,5140.00 ,
2013-04-10,,,,,,,1215.00 ,,,5140.00 ,
2013-04-11,,,,,,,1206.00 ,,,5140.00 ,
2013-04-12,,,,,,,1209.00 ,,,5119.00 ,
2013-04-15,,,,,,,1174.00 ,,,4950.00 ,
2013-04-16,,,,,,,1179.00 ,,,4790.00 ,
2013-04-17,,,,,,,1165.00 ,,,4790.00 ,
2013-04-18,,,,,,,1157.00 ,,,4790.00 ,
2013-04-19,,,,,,,1163.00 ,,,4560.00 ,
2013-04-22,,,,,,,1146.00 ,,,4600.00 ,
2013-04-23,,,,,,,1134.00 ,,,4830.00 ,
2013-04-24,,,,,,,1145.00 ,,,5071.00 ,
2013-04-25,,,,,,,1142.00 ,,,5071.00 ,
2013-04-26,,,,,,,1138.00 ,,,4810.00 ,
2013-04-30,,,,,3307.60 ,502.50 ,,,336634.00 ,,
2013-05-02,,,,,,,1119.00 ,,,5000.00 ,
2013-05-03,,,,,,,1129.00 ,,,4967.00 ,
2013-05-06,,,,,,,1140.00 ,,,5040.00 ,
2013-05-07,,,,,,,1134.00 ,,,5040.00 ,
2013-05-08,,,,,,,1148.00 ,,,5040.00 ,
2013-05-09,,,,,,,1142.00 ,,,5048.00 ,
2013-05-10,,,,,,,1150.00 ,,,5370.00 ,
2013-05-13,,,,,,,1178.00 ,,,5401.00 ,
2013-05-14,,,,,,,1180.00 ,,,5130.00 ,
2013-05-15,,,,,,,1145.00 ,,,5130.00 ,
2013-05-16,,,,,,,1146.00 ,,,5130.00 ,
2013-05-17,,,,,,,1163.00 ,,,5176.00 ,
2013-05-20,,,,,,,1162.00 ,,,5176.00 ,
2013-05-21,,,,,,,1163.00 ,,,5176.00 ,
2013-05-22,,,,,,,1170.00 ,,,5176.00 ,
2013-05-23,,,,,,,1145.00 ,,,5176.00 ,
2013-05-24,,,,,,,1144.00 ,,,5500.00 ,
2013-05-27,,,,,,,1127.00 ,,,5100.00 ,
2013-05-28,,,,,,,1125.00 ,,,4888.00 ,
2013-05-29,,,,,,,1111.00 ,,,4646.00 ,
2013-05-30,,,,,,,1108.00 ,,,4878.00 ,
2013-05-31,,,,,3256.40 ,656.20 ,1094.00 ,,362351.00 ,5050.00 ,
2013-06-03,,,,,,,1098.00 ,,,5017.00 ,
2013-06-04,,,,,,,1102.00 ,,,5017.00 ,
2013-06-05,,,,,,,1100.00 ,,,5017.00 ,
2013-06-06,,,,,,,1056.00 ,,,5017.00 ,
2013-06-07,,,,,,,1042.00 ,,,5017.00 ,
2013-06-13,,,,,,,1035.00 ,,,5017.00 ,
2013-06-14,,,,,,,1030.00 ,,,5017.00 ,
2013-06-17,,,,,,,1041.00 ,,,5017.00 ,
2013-06-18,,,,,,,1041.00 ,,,5017.00 ,
2013-06-19,,,,,,,1033.00 ,,,5017.00 ,
2013-06-20,,,,,,,1005.00 ,,,5017.00 ,
2013-06-21,,,,,,,1006.00 ,,,4769.00 ,
2013-06-24,,,,,,,998.00 ,,,4838.00 ,
2013-06-25,,,,,,,1011.00 ,,,4782.00 ,
2013-06-26,,,,,,,1004.00 ,,,5021.00 ,
2013-06-27,,,,,,,1006.00 ,,,4771.00 ,
2013-06-28,,,,,,,1001.00 ,,,4771.00 ,
2013-06-30,,,,,3240.09 ,814.78 ,,,336849.00 ,,
2013-07-01,,,,,,,1040.00 ,,,4771.00 ,
2013-07-02,,,,,,,1034.00 ,,,5009.00 ,
2013-07-03,,,,,,,1031.00 ,,,5009.00 ,
2013-07-04,,,,,,,1045.00 ,,,5009.00 ,
2013-07-05,,,,,,,1046.00 ,,,5009.00 ,
2013-07-08,,,,,,,1037.00 ,,,5009.00 ,
2013-07-09,,,,,,,1029.00 ,,,5009.00 ,
2013-07-10,,,,,,,1061.00 ,,,5009.00 ,
2013-07-11,,,,,,,1064.00 ,,,5009.00 ,
2013-07-12,,,,,,,1053.00 ,,,4922.00 ,
2013-07-15,,,,,,,1042.00 ,,,4900.00 ,
2013-07-16,,,,,,,1046.00 ,,,4935.00 ,
2013-07-17,,,,,,,1065.00 ,,,4935.00 ,
2013-07-18,,,,,,,1071.00 ,,,4935.00 ,
2013-07-19,,,,,,,1076.00 ,,,4935.00 ,
2013-07-22,,,,,,,1079.00 ,,,4935.00 ,
2013-07-23,,,,,,,1084.00 ,,,4935.00 ,
2013-07-24,,,,,,,1077.00 ,,,4935.00 ,
2013-07-25,,,,,,,1074.00 ,,,4935.00 ,
2013-07-26,,,,,,,1068.00 ,,,4935.00 ,
2013-07-29,,,,,,,1053.00 ,,,4935.00 ,
2013-07-30,,,,,,,1053.00 ,,,4935.00 ,
2013-07-31,,,,,3750.95 ,854.09 ,1059.00 ,,349405.00 ,4935.00 ,
2013-08-01,,,,,,,1070.00 ,,,4935.00 ,
2013-08-02,,,,,,,1079.00 ,,,4935.00 ,
2013-08-05,,,,,,,1084.00 ,,,4935.00 ,
2013-08-06,,,,,,,1081.00 ,,,5272.00 ,
2013-08-07,,,,,,,1084.00 ,,,4862.00 ,
2013-08-08,,,,,,,1111.00 ,,,4862.00 ,
2013-08-09,,,,,,,1132.00 ,,,4862.00 ,
2013-08-12,,,,,,,1162.00 ,,,4862.00 ,
2013-08-13,,,,,,,1176.00 ,,,4862.00 ,
2013-08-14,,,,,,,1166.00 ,,,4862.00 ,
2013-08-15,,,,,,,1172.00 ,,,4862.00 ,
2013-08-16,,,,,,,1153.00 ,,,4862.00 ,
2013-08-19,,,,,,,1162.00 ,,,4862.00 ,
2013-08-20,,,,,,,1173.00 ,,,4862.00 ,
2013-08-21,,,,,,,1174.00 ,,,4862.00 ,
2013-08-22,,,,,,,1171.00 ,,,4862.00 ,
2013-08-23,,,,,,,1187.00 ,,,4862.00 ,
2013-08-26,,,,,,,1196.00 ,,,4862.00 ,
2013-08-27,,,,,,,1183.00 ,,,4862.00 ,
2013-08-28,,,,,,,1141.00 ,,,4862.00 ,
2013-08-29,,,,,,,1136.00 ,,,4862.00 ,
2013-08-30,,,,,,,1134.00 ,,,4862.00 ,
2013-08-31,,,,,3951.08 ,841.69 ,,,382152.00 ,,
2013-09-02,,,,,,,1165.00 ,,,4862.00 ,
2013-09-03,,,,,,,1159.00 ,,,4862.00 ,
2013-09-04,,,,,,,1153.00 ,,,4900.00 ,
2013-09-05,,,,,,,1163.00 ,,,4763.00 ,
2013-09-06,,,,,,,1156.00 ,,,4705.00 ,
2013-09-09,,,,,,,1167.00 ,,,4745.00 ,
2013-09-10,,,,,,,1156.00 ,,,4745.00 ,
2013-09-11,,,,,,,1158.00 ,,,4745.00 ,
2013-09-12,,,,,,,1145.00 ,,,4745.00 ,
2013-09-13,,,,,,,1133.00 ,,,4745.00 ,
2013-09-16,,,,,,,1134.00 ,,,4745.00 ,
2013-09-17,,,,,,,1142.00 ,,,4745.00 ,
2013-09-18,,,,,,,1160.00 ,,,4745.00 ,
2013-09-23,,,,,,,1170.00 ,,,4745.00 ,
2013-09-24,,,,,,,1163.00 ,,,4745.00 ,
2013-09-25,,,,,,,1167.00 ,,,4745.00 ,
2013-09-26,,,,,,,1163.00 ,,,4745.00 ,
2013-09-27,,,,,,,1146.00 ,,,4745.00 ,
2013-09-30,,,,,3323.89 ,782.98 ,1137.00 ,,394585.00 ,4745.00 ,
2013-10-08,,,,,,,1137.00 ,,,5075.00 ,
2013-10-09,,,,,,,1127.00 ,,,4745.00 ,
2013-10-10,,,,,,,1130.00 ,,,4745.00 ,
2013-10-11,,,,,,,1125.00 ,,,4507.00 ,
2013-10-14,,,,,,,1146.00 ,,,4507.00 ,
2013-10-15,,,,,,,1138.00 ,,,4507.00 ,
2013-10-16,,,,,,,1130.00 ,,,4507.00 ,
2013-10-17,,,,,,,1128.00 ,,,4507.00 ,
2013-10-18,,,,,,,1129.00 ,,,4507.00 ,
2013-10-21,,,,,,,1142.00 ,,,4507.00 ,
2013-10-22,,,,,,,1129.00 ,,,4507.00 ,
2013-10-23,,,,,,,1118.00 ,,,4507.00 ,
2013-10-24,,,,,,,1100.00 ,,,4507.00 ,
2013-10-25,,,,,,,1091.00 ,,,4558.00 ,
2013-10-28,,,,,,,1092.00 ,,,4558.00 ,
2013-10-29,,,,,,,1081.00 ,,,4772.00 ,
2013-10-30,,,,,,,1082.00 ,,,4737.00 ,
2013-10-31,,,,,3397.31 ,694.33 ,1068.00 ,,356881.00 ,4737.00 ,
2013-11-01,,,,,,,1072.00 ,,,4737.00 ,
2013-11-04,,,,,,,1065.00 ,,,4810.00 ,
2013-11-05,,,,,,,1122.00 ,,,4775.00 ,
2013-11-06,,,,,,,1123.00 ,,,4811.00 ,
2013-11-07,,,,,,,1130.00 ,,,4702.00 ,
2013-11-08,,,,,,,1114.00 ,,,4692.00 ,
2013-11-11,,,,,,,1116.00 ,,,4870.00 ,
2013-11-12,,,,,,,1122.00 ,,,4809.00 ,
2013-11-13,,,,,,,1123.00 ,,,4809.00 ,
2013-11-14,,,,,,,1125.00 ,,,4809.00 ,
2013-11-15,,,,,,,1117.00 ,,,4798.00 ,
2013-11-18,,,,,,,1116.00 ,,,4949.00 ,
2013-11-19,,,,,,,1126.00 ,,,4914.00 ,
2013-11-20,,,,,,,1139.00 ,,,4668.00 ,
2013-11-21,,,,,,,1122.00 ,,,4899.00 ,
2013-11-22,,,,,,,1123.00 ,,,4899.00 ,
2013-11-25,,,,,,,1119.00 ,,,4807.00 ,
2013-11-26,,,,,,,1119.00 ,,,4858.00 ,
2013-11-27,,,,,,,1107.00 ,,,5030.00 ,
2013-11-28,,,,,,,1112.00 ,,,5030.00 ,
2013-11-29,,,,,,,1113.00 ,,,5031.00 ,
2013-11-30,,,,,3585.33 ,589.01 ,,,427213.00 ,,
2013-12-02,,,,,,,1118.00 ,,,5031.00 ,
2013-12-03,,,,,,,1111.00 ,,,4747.00 ,
2013-12-04,,,,,,,1124.00 ,,,4815.00 ,
2013-12-05,,,,,,,1125.00 ,,,4815.00 ,
2013-12-06,,,,,,,1112.00 ,,,4634.00 ,
2013-12-09,,,,,,,1109.00 ,,,4482.00 ,
2013-12-10,,,,,,,1113.00 ,,,4482.00 ,
2013-12-11,,,,,,,1105.00 ,,,4482.00 ,
2013-12-12,,,,,,,1103.00 ,,,4482.00 ,
2013-12-13,,,,,,,1076.00 ,,,4482.00 ,
2013-12-16,,,,,,,1078.00 ,,,4482.00 ,
2013-12-17,,,,,,,1076.00 ,,,4482.00 ,
2013-12-18,,,,,,,1076.00 ,,,4482.00 ,
2013-12-19,,,,,,,1071.00 ,,,4482.00 ,
2013-12-20,,,,,,,1047.00 ,,,4482.00 ,
2013-12-23,,,,,,,1044.00 ,,,4482.00 ,
2013-12-24,,,,,,,1049.00 ,,,4482.00 ,
2013-12-25,,,,,,,1047.00 ,,,4482.00 ,
2013-12-26,,,,,,,1045.00 ,,,4482.00 ,
2013-12-27,,,,,,,1035.00 ,,,4482.00 ,
2013-12-30,,,,,,,1022.00 ,,,4482.00 ,
2013-12-31,,,,,4008.46 ,543.47 ,1005.00 ,,397218.00 ,4482.00 ,1950897.70 
2014-01-02,,,,,,,999.00 ,,,4482.00 ,
2014-01-03,,,,,,,986.00 ,,,4480.00 ,
2014-01-06,,,,,,,986.00 ,,,4480.00 ,
2014-01-07,,,,,,,997.00 ,,,4480.00 ,
2014-01-08,,,,,,,992.00 ,,,4480.00 ,
2014-01-09,,,,,,,978.00 ,,,4480.00 ,
2014-01-10,,,,,,,984.00 ,,,4480.00 ,
2014-01-13,,,,,,,982.00 ,,,4480.00 ,
2014-01-14,,,,,,,990.00 ,,,4480.00 ,
2014-01-15,,,,,,,983.00 ,,,4480.00 ,
2014-01-16,,,,,,,968.00 ,,,4480.00 ,
2014-01-17,,,,,,,963.00 ,,,4480.00 ,
2014-01-20,,,,,,,927.00 ,,,4480.00 ,
2014-01-21,,,,,,,927.00 ,,,4480.00 ,
2014-01-22,,,,,,,931.00 ,,,4480.00 ,
2014-01-23,,,,,,,943.00 ,,,4480.00 ,
2014-01-24,,,,,,,951.00 ,,,4480.00 ,
2014-01-27,,,,,,,942.00 ,,,4480.00 ,
2014-01-28,,,,,,,917.00 ,,,4480.00 ,
2014-01-29,,,,,,,929.00 ,,,4480.00 ,
2014-01-30,,,,,,,928.00 ,,,4480.00 ,
2014-01-31,,,,,3613.93 ,492.04 ,,,321042.00 ,,
2014-02-07,,,,,,,911.00 ,,,4480.00 ,
2014-02-10,,,,,,,928.00 ,,,4480.00 ,
2014-02-11,,,,,,,917.00 ,,,4480.00 ,
2014-02-12,,,,,,,927.00 ,,,4480.00 ,
2014-02-13,,,,,,,921.00 ,,,4480.00 ,
2014-02-14,,,,,,,926.00 ,,,4480.00 ,
2014-02-17,,,,,,,947.00 ,,,4480.00 ,
2014-02-18,,,,,,,937.00 ,,,4480.00 ,
2014-02-19,,,,,,,943.00 ,,,4480.00 ,
2014-02-20,,,,,,,933.00 ,,,4480.00 ,
2014-02-21,,,,,,,932.00 ,,,4480.00 ,
2014-02-24,,,,,,,906.00 ,,,4480.00 ,
2014-02-25,,,,,,,911.00 ,,,4480.00 ,
2014-02-26,,,,,,,920.00 ,,,4480.00 ,
2014-02-27,,,,,,,917.00 ,,,4480.00 ,
2014-02-28,,,,,3225.16 ,417.62 ,915.00 ,,248575.00 ,4480.00 ,
2014-03-03,,,,,,,907.00 ,,,4480.00 ,
2014-03-04,,,,,,,892.00 ,,,4480.00 ,
2014-03-05,,,,,,,892.00 ,,,4480.00 ,
2014-03-06,,,,,,,874.00 ,,,4480.00 ,
2014-03-07,,,,,,,840.00 ,,,4480.00 ,
2014-03-10,,,,,,,821.00 ,,,4480.00 ,
2014-03-11,,,,,,,812.00 ,,,4480.00 ,
2014-03-12,,,,,,,822.00 ,,,4480.00 ,
2014-03-13,,,,,,,853.00 ,,,4480.00 ,
2014-03-14,,,,,,,839.00 ,,,4480.00 ,
2014-03-17,,,,,,,837.00 ,,,4274.00 ,
2014-03-18,,,,,,,847.00 ,,,4274.00 ,
2014-03-19,,,,,,,843.00 ,,,4096.00 ,
2014-03-20,,,,,,,816.00 ,,,4096.00 ,
2014-03-21,,,,,,,805.00 ,,,4096.00 ,
2014-03-24,,,,,,,797.00 ,,,4096.00 ,
2014-03-25,,,,,,,825.00 ,,,4096.00 ,
2014-03-26,,,,,,,826.00 ,,,4096.00 ,
2014-03-27,,,,,,,821.00 ,,,4096.00 ,
2014-03-28,,,,,,,842.00 ,,,4096.00 ,
2014-03-31,,,,,3754.80 ,534.00 ,836.00 ,,303476.00 ,4096.00 ,
2014-04-01,,,,,,,834.00 ,,,4096.00 ,
2014-04-02,,,,,,,828.00 ,,,4096.00 ,
2014-04-03,,,,,,,856.00 ,,,4096.00 ,
2014-04-04,,,,,,,878.00 ,,,4096.00 ,
2014-04-08,,,,,,,894.00 ,,,4096.00 ,
2014-04-09,,,,,,,886.00 ,,,4096.00 ,
2014-04-10,,,,,,,884.00 ,,,4096.00 ,
2014-04-11,,,,,,,876.00 ,,,4096.00 ,
2014-04-14,,,,,,,881.00 ,,,4096.00 ,
2014-04-15,,,,,,,898.00 ,,,4096.00 ,
2014-04-16,,,,,,,881.00 ,,,4096.00 ,
2014-04-17,,,,,,,873.00 ,,,4096.00 ,
2014-04-18,,,,,,,832.00 ,,,4096.00 ,
2014-04-21,,,,,,,826.00 ,,,4096.00 ,
2014-04-22,,,,,,,832.00 ,,,4096.00 ,
2014-04-23,,,,,,,842.00 ,,,4096.00 ,
2014-04-24,,,,,,,846.00 ,,,4096.00 ,
2014-04-25,,,,,,,843.00 ,,,4096.00 ,
2014-04-28,,,,,,,831.00 ,,,4096.00 ,
2014-04-29,,,,,,,837.00 ,,,4096.00 ,
2014-04-30,,,,,3411.90 ,619.70 ,821.00 ,,319629.00 ,4096.00 ,
2014-05-05,,,,,,,839.00 ,,,4096.00 ,
2014-05-06,,,,,,,839.00 ,,,4096.00 ,
2014-05-07,,,,,,,835.00 ,,,4096.00 ,
2014-05-08,,,,,,,837.00 ,,,4096.00 ,
2014-05-09,41000.00 ,40500.00 ,39100.00 ,39600.00 ,,,836.00 ,,,4096.00 ,
2014-05-12,41700.00 ,41200.00 ,39800.00 ,40300.00 ,,,863.00 ,,,4096.00 ,
2014-05-13,42400.00 ,41900.00 ,40500.00 ,41000.00 ,,,853.00 ,,,4096.00 ,
2014-05-14,42300.00 ,41800.00 ,40300.00 ,40800.00 ,,,847.00 ,,,4096.00 ,
2014-05-15,42500.00 ,42000.00 ,40400.00 ,40900.00 ,,,832.00 ,,,4138.00 ,
2014-05-16,42500.00 ,42000.00 ,40400.00 ,40900.00 ,,,811.00 ,,,4138.00 ,
2014-05-19,43100.00 ,42600.00 ,40900.00 ,41300.00 ,,,815.00 ,,,4339.00 ,
2014-05-20,42600.00 ,42100.00 ,40400.00 ,40800.00 ,,,814.00 ,,,4339.00 ,
2014-05-21,41700.00 ,41200.00 ,39500.00 ,40000.00 ,,,805.00 ,,,4263.00 ,
2014-05-22,41300.00 ,40800.00 ,39300.00 ,39800.00 ,,,817.00 ,,,4417.00 ,
2014-05-23,41400.00 ,40900.00 ,39400.00 ,39900.00 ,,,815.00 ,,,4477.00 ,
2014-05-26,42000.00 ,41500.00 ,40000.00 ,40500.00 ,,,845.00 ,,,4477.00 ,
2014-05-27,42000.00 ,41500.00 ,40000.00 ,40500.00 ,,,841.00 ,,,4584.00 ,
2014-05-28,41800.00 ,41300.00 ,39800.00 ,40300.00 ,,,824.00 ,,,4605.00 ,
2014-05-29,41700.00 ,41200.00 ,39700.00 ,40200.00 ,,,818.00 ,,,4546.00 ,
2014-05-30,41600.00 ,41100.00 ,39600.00 ,40100.00 ,,,820.00 ,,,4349.00 ,
2014-05-31,,,,,3402.70 ,740.00 ,,,303189.00 ,,
2014-06-03,41800.00 ,41300.00 ,39800.00 ,40300.00 ,,,813.00 ,,,4557.00 ,
2014-06-04,41600.00 ,41100.00 ,39600.00 ,40100.00 ,,,824.00 ,,,4557.00 ,
2014-06-05,41600.00 ,41100.00 ,39600.00 ,40100.00 ,,,839.00 ,,,4101.00 ,
2014-06-06,41700.00 ,41200.00 ,39700.00 ,40200.00 ,,,836.00 ,,,4047.00 ,
2014-06-09,41100.00 ,40600.00 ,39100.00 ,39600.00 ,,,829.00 ,,,4047.00 ,
2014-06-10,40700.00 ,40200.00 ,38700.00 ,39200.00 ,,,829.00 ,,,4047.00 ,
2014-06-11,40700.00 ,40200.00 ,38800.00 ,39200.00 ,,,824.00 ,,,4047.00 ,
2014-06-12,40700.00 ,40200.00 ,38800.00 ,39200.00 ,,,811.00 ,,,4047.00 ,
2014-06-13,41000.00 ,40500.00 ,39000.00 ,39500.00 ,,,814.00 ,,,4047.00 ,
2014-06-16,41000.00 ,40500.00 ,39000.00 ,39500.00 ,,,799.00 ,,,4047.00 ,
2014-06-17,41100.00 ,40600.00 ,39100.00 ,39600.00 ,,,809.00 ,,,4047.00 ,
2014-06-18,41100.00 ,40600.00 ,39100.00 ,39600.00 ,,,806.00 ,,,4047.00 ,
2014-06-19,40800.00 ,40300.00 ,38900.00 ,39400.00 ,,,798.00 ,,,4047.00 ,
2014-06-20,41100.00 ,40600.00 ,39200.00 ,39700.00 ,,,808.00 ,,,4047.00 ,
2014-06-23,41900.00 ,41400.00 ,39900.00 ,40400.00 ,,,809.00 ,,,4047.00 ,
2014-06-24,41900.00 ,41400.00 ,39900.00 ,40400.00 ,,,806.00 ,,,4047.00 ,
2014-06-25,41900.00 ,41400.00 ,39900.00 ,40400.00 ,,,812.00 ,,,4047.00 ,
2014-06-26,42100.00 ,41600.00 ,40100.00 ,40600.00 ,,,820.00 ,,,4047.00 ,
2014-06-27,42100.00 ,41600.00 ,40100.00 ,40600.00 ,,,812.00 ,,,4047.00 ,
2014-06-30,42200.00 ,41700.00 ,40200.00 ,40700.00 ,3460.60 ,874.60 ,805.00 ,,263469.00 ,4047.00 ,
2014-07-01,43000.00 ,42500.00 ,41000.00 ,41500.00 ,,,803.00 ,,,4047.00 ,
2014-07-02,43000.00 ,42500.00 ,41000.00 ,41500.00 ,,,810.00 ,,,4047.00 ,
2014-07-03,43500.00 ,43000.00 ,41500.00 ,42000.00 ,,,800.00 ,,,4047.00 ,
2014-07-04,43600.00 ,43100.00 ,41600.00 ,42100.00 ,,,787.00 ,,,4047.00 ,
2014-07-07,43200.00 ,42700.00 ,41200.00 ,41700.00 ,,,783.00 ,,,4047.00 ,
2014-07-08,43100.00 ,42600.00 ,41100.00 ,41600.00 ,,,794.00 ,,,4047.00 ,
2014-07-09,43100.00 ,42600.00 ,41100.00 ,41600.00 ,,,783.00 ,,,4047.00 ,
2014-07-10,43000.00 ,42500.00 ,41000.00 ,41500.00 ,,,779.00 ,,,4047.00 ,
2014-07-11,43300.00 ,42800.00 ,41300.00 ,41800.00 ,,,769.00 ,,,4047.00 ,
2014-07-14,43400.00 ,42900.00 ,41400.00 ,41900.00 ,,,768.00 ,,,4047.00 ,
2014-07-15,42800.00 ,42300.00 ,40800.00 ,41300.00 ,,,772.00 ,,,4047.00 ,
2014-07-16,42800.00 ,42300.00 ,40800.00 ,41300.00 ,,,766.00 ,,,4047.00 ,
2014-07-17,42300.00 ,41800.00 ,40300.00 ,40800.00 ,,,764.00 ,,,4047.00 ,
2014-07-18,42300.00 ,41800.00 ,40300.00 ,40800.00 ,,,754.00 ,,,4047.00 ,
2014-07-21,42000.00 ,41500.00 ,40000.00 ,40500.00 ,,,760.00 ,,,4047.00 ,
2014-07-22,42200.00 ,41700.00 ,40200.00 ,40700.00 ,,,757.00 ,,,3844.00 ,
2014-07-23,42200.00 ,41700.00 ,40200.00 ,40700.00 ,,,781.00 ,,,3844.00 ,
2014-07-24,42600.00 ,42100.00 ,40600.00 ,41100.00 ,,,780.00 ,,,3844.00 ,
2014-07-25,42600.00 ,42100.00 ,40600.00 ,41100.00 ,,,785.00 ,,,3844.00 ,
2014-07-28,42600.00 ,42100.00 ,40600.00 ,41100.00 ,,,796.00 ,,,3844.00 ,
2014-07-29,42600.00 ,42100.00 ,40600.00 ,41100.00 ,,,800.00 ,,,3844.00 ,
2014-07-30,42500.00 ,42000.00 ,40500.00 ,41000.00 ,,,795.00 ,,,3844.00 ,
2014-07-31,42600.00 ,42100.00 ,40600.00 ,41100.00 ,3664.00 ,1132.00 ,786.00 ,,360010.00 ,3844.00 ,
2014-08-01,42700.00 ,42200.00 ,40700.00 ,41200.00 ,,,782.00 ,,,3844.00 ,
2014-08-04,42700.00 ,42200.00 ,40700.00 ,41200.00 ,,,805.00 ,,,3844.00 ,
2014-08-05,42800.00 ,42300.00 ,40800.00 ,41300.00 ,,,808.00 ,,,3844.00 ,
2014-08-06,42700.00 ,42200.00 ,40700.00 ,41200.00 ,,,810.00 ,,,3844.00 ,
2014-08-07,42600.00 ,42100.00 ,40600.00 ,41100.00 ,,,816.00 ,,,3844.00 ,
2014-08-08,42600.00 ,42100.00 ,40600.00 ,41100.00 ,,,809.00 ,,,3844.00 ,
2014-08-11,42700.00 ,42200.00 ,40700.00 ,41200.00 ,,,807.00 ,,,3844.00 ,
2014-08-12,42700.00 ,42200.00 ,40700.00 ,41200.00 ,,,797.00 ,,,3844.00 ,
2014-08-13,42700.00 ,42200.00 ,40700.00 ,41200.00 ,,,796.00 ,,,3844.00 ,
2014-08-14,42400.00 ,42000.00 ,40600.00 ,41100.00 ,,,772.00 ,,,3844.00 ,
2014-08-15,42400.00 ,42000.00 ,40600.00 ,41100.00 ,,,798.00 ,,,3844.00 ,
2014-08-18,42500.00 ,42100.00 ,40700.00 ,41200.00 ,,,792.00 ,,,3844.00 ,
2014-08-19,42500.00 ,42100.00 ,40700.00 ,41200.00 ,,,796.00 ,,,3844.00 ,
2014-08-20,42500.00 ,42100.00 ,40800.00 ,41300.00 ,,,788.00 ,,,3844.00 ,
2014-08-21,43000.00 ,42600.00 ,41300.00 ,42000.00 ,,,791.00 ,,,3844.00 ,
2014-08-22,43400.00 ,43100.00 ,41800.00 ,42500.00 ,,,795.00 ,,,3876.00 ,
2014-08-25,43600.00 ,43300.00 ,42000.00 ,42700.00 ,,,799.00 ,,,3488.00 ,
2014-08-26,43600.00 ,43300.00 ,42000.00 ,42700.00 ,,,804.00 ,,,3314.00 ,
2014-08-27,43600.00 ,43300.00 ,42000.00 ,42700.00 ,,,796.00 ,,,3295.00 ,
2014-08-28,43600.00 ,43300.00 ,42000.00 ,42700.00 ,,,793.00 ,,,3229.00 ,
2014-08-29,43500.00 ,43200.00 ,41900.00 ,42600.00 ,,,792.00 ,,,3229.00 ,
2014-08-31,,,,,3528.00 ,1178.00 ,,,343494.00 ,,
2014-09-01,43600.00 ,43300.00 ,42200.00 ,42900.00 ,,,791.00 ,,,3229.00 ,
2014-09-02,43600.00 ,43300.00 ,42200.00 ,42900.00 ,,,803.00 ,,,3229.00 ,
2014-09-03,43600.00 ,43300.00 ,42200.00 ,42900.00 ,,,793.00 ,,,3229.00 ,
2014-09-04,43500.00 ,43200.00 ,42200.00 ,42900.00 ,,,789.00 ,,,3229.00 ,
2014-09-05,43500.00 ,43200.00 ,42300.00 ,43000.00 ,,,784.00 ,,,3229.00 ,
2014-09-09,43500.00 ,43400.00 ,42500.00 ,43200.00 ,,,773.00 ,,,3229.00 ,
2014-09-10,43300.00 ,43200.00 ,42300.00 ,43000.00 ,,,775.00 ,,,3229.00 ,
2014-09-11,43200.00 ,43100.00 ,42200.00 ,43000.00 ,,,771.00 ,,,3229.00 ,
2014-09-12,42900.00 ,42800.00 ,42100.00 ,43000.00 ,,,778.00 ,,,3229.00 ,
2014-09-15,42700.00 ,42600.00 ,41900.00 ,43000.00 ,,,794.00 ,,,3229.00 ,
2014-09-16,42800.00 ,42700.00 ,42000.00 ,43200.00 ,,,788.00 ,,,3229.00 ,
2014-09-17,43000.00 ,42900.00 ,42200.00 ,43400.00 ,,,796.00 ,,,3527.00 ,
2014-09-18,42700.00 ,42700.00 ,42100.00 ,43400.00 ,,,790.00 ,,,3057.00 ,
2014-09-19,42600.00 ,42600.00 ,42100.00 ,43400.00 ,,,783.00 ,,,3029.00 ,
2014-09-22,42200.00 ,42200.00 ,41700.00 ,43000.00 ,,,771.00 ,,,3029.00 ,
2014-09-23,41900.00 ,41900.00 ,41400.00 ,42700.00 ,,,784.00 ,,,3029.00 ,
2014-09-24,41600.00 ,41600.00 ,41100.00 ,42600.00 ,,,787.00 ,,,3029.00 ,
2014-09-25,41700.00 ,41700.00 ,41200.00 ,42700.00 ,,,773.00 ,,,2884.00 ,
2014-09-26,41600.00 ,41600.00 ,41100.00 ,42600.00 ,,,779.00 ,,,2947.00 ,
2014-09-29,41600.00 ,41600.00 ,41100.00 ,42600.00 ,,,777.00 ,,,2991.00 ,
2014-09-30,42000.00 ,42000.00 ,41500.00 ,43000.00 ,3146.46 ,1144.07 ,777.00 ,,391995.00 ,2991.00 ,
2014-10-08,41900.00 ,41900.00 ,41400.00 ,42900.00 ,,,777.00 ,,,3006.00 ,
2014-10-09,41900.00 ,41900.00 ,41400.00 ,42900.00 ,,,813.00 ,,,3006.00 ,
2014-10-10,41700.00 ,41700.00 ,41200.00 ,42700.00 ,,,806.00 ,,,3006.00 ,
2014-10-13,41900.00 ,41900.00 ,41400.00 ,42900.00 ,,,815.00 ,,,3006.00 ,
2014-10-14,41800.00 ,41800.00 ,41300.00 ,42800.00 ,,,808.00 ,,,3006.00 ,
2014-10-15,41900.00 ,41900.00 ,41400.00 ,42900.00 ,,,796.00 ,,,3006.00 ,
2014-10-16,41500.00 ,41500.00 ,41000.00 ,42500.00 ,,,790.00 ,,,3006.00 ,
2014-10-17,41300.00 ,41300.00 ,40800.00 ,42300.00 ,,,779.00 ,,,3006.00 ,
2014-10-20,41300.00 ,41300.00 ,40800.00 ,42300.00 ,,,780.00 ,,,3006.00 ,
2014-10-21,41200.00 ,41200.00 ,40700.00 ,42200.00 ,,,775.00 ,,,3006.00 ,
2014-10-22,41300.00 ,41300.00 ,40800.00 ,42300.00 ,,,773.00 ,,,3153.00 ,
2014-10-23,41300.00 ,41300.00 ,40800.00 ,42300.00 ,,,773.00 ,,,3153.00 ,
2014-10-24,41100.00 ,41100.00 ,40600.00 ,42100.00 ,,,782.00 ,,,3153.00 ,
2014-10-27,41100.00 ,41100.00 ,40600.00 ,42100.00 ,,,773.00 ,,,3153.00 ,
2014-10-28,41100.00 ,41100.00 ,40600.00 ,42100.00 ,,,774.00 ,,,3153.00 ,
2014-10-29,41100.00 ,41100.00 ,40600.00 ,42100.00 ,,,774.00 ,,,3153.00 ,
2014-10-30,41100.00 ,41100.00 ,40600.00 ,42100.00 ,,,769.00 ,,,3153.00 ,
2014-10-31,41000.00 ,41000.00 ,40500.00 ,42000.00 ,3206.00 ,967.00 ,768.00 ,,331943.00 ,3050.00 ,
2014-11-03,40800.00 ,40800.00 ,40300.00 ,41800.00 ,,,760.00 ,,,3174.00 ,
2014-11-04,40800.00 ,40800.00 ,40300.00 ,41800.00 ,,,749.00 ,,,3174.00 ,
2014-11-05,40400.00 ,40400.00 ,39900.00 ,41400.00 ,,,747.00 ,,,3174.00 ,
2014-11-06,40400.00 ,40400.00 ,39900.00 ,41400.00 ,,,750.00 ,,,3174.00 ,
2014-11-07,40400.00 ,40400.00 ,39900.00 ,41400.00 ,,,761.00 ,,,3174.00 ,
2014-11-10,40500.00 ,40500.00 ,40000.00 ,41500.00 ,,,772.00 ,,,3174.00 ,
2014-11-11,40500.00 ,40500.00 ,40000.00 ,41500.00 ,,,774.00 ,,,3174.00 ,
2014-11-12,40500.00 ,40500.00 ,40000.00 ,41500.00 ,,,775.00 ,,,3174.00 ,
2014-11-13,40500.00 ,40500.00 ,40000.00 ,41500.00 ,,,778.00 ,,,3174.00 ,
2014-11-14,40400.00 ,40400.00 ,39900.00 ,41400.00 ,,,777.00 ,,,3174.00 ,
2014-11-17,40600.00 ,40600.00 ,40100.00 ,41600.00 ,,,775.00 ,,,3174.00 ,
2014-11-18,40600.00 ,40600.00 ,40100.00 ,41600.00 ,,,755.00 ,,,3174.00 ,
2014-11-19,40300.00 ,40300.00 ,39800.00 ,41300.00 ,,,752.00 ,,,3174.00 ,
2014-11-20,40300.00 ,40300.00 ,39800.00 ,41300.00 ,,,750.00 ,,,3174.00 ,
2014-11-21,40300.00 ,40300.00 ,39800.00 ,41300.00 ,,,749.00 ,,,3174.00 ,
2014-11-24,40400.00 ,40400.00 ,39900.00 ,41400.00 ,,,744.00 ,,,3174.00 ,
2014-11-25,40300.00 ,40300.00 ,39800.00 ,41300.00 ,,,753.00 ,,,3174.00 ,
2014-11-26,40000.00 ,40000.00 ,39500.00 ,41000.00 ,,,750.00 ,,,3236.00 ,
2014-11-27,40000.00 ,40000.00 ,39500.00 ,41000.00 ,,,765.00 ,,,3236.00 ,
2014-11-28,39600.00 ,39600.00 ,39100.00 ,40600.00 ,,,755.00 ,,,3236.00 ,
2014-11-30,,,,,3455.00 ,746.00 ,,,321592.00 ,,
2014-12-01,38600.00 ,38600.00 ,38100.00 ,39600.00 ,,,759.00 ,,,3236.00 ,
2014-12-02,39100.00 ,39100.00 ,38600.00 ,40100.00 ,,,754.00 ,,,3074.00 ,
2014-12-03,39100.00 ,39100.00 ,38600.00 ,40100.00 ,,,760.00 ,,,3218.00 ,
2014-12-04,39100.00 ,39100.00 ,38600.00 ,40100.00 ,,,766.00 ,,,3124.00 ,
2014-12-05,39300.00 ,39300.00 ,38900.00 ,40200.00 ,,,765.00 ,,,3124.00 ,
2014-12-08,39300.00 ,39300.00 ,38900.00 ,40200.00 ,,,759.00 ,,,3224.00 ,
2014-12-09,39100.00 ,39100.00 ,38700.00 ,40000.00 ,,,759.00 ,,,3224.00 ,
2014-12-10,39200.00 ,39200.00 ,38700.00 ,40100.00 ,,,761.00 ,,,3302.00 ,
2014-12-11,39200.00 ,39200.00 ,38700.00 ,40100.00 ,,,765.00 ,,,3263.00 ,
2014-12-12,39300.00 ,39300.00 ,38800.00 ,40200.00 ,,,775.00 ,,,3263.00 ,
2014-12-15,39400.00 ,39400.00 ,38900.00 ,40300.00 ,,,765.00 ,,,3263.00 ,
2014-12-16,39000.00 ,39000.00 ,38500.00 ,39900.00 ,,,761.00 ,,,3130.00 ,
2014-12-17,38400.00 ,38400.00 ,37800.00 ,39200.00 ,,,756.00 ,,,3130.00 ,
2014-12-18,38200.00 ,38200.00 ,37700.00 ,39100.00 ,,,755.00 ,,,3130.00 ,
2014-12-19,38200.00 ,38200.00 ,37700.00 ,39100.00 ,,,759.00 ,,,3130.00 ,
2014-12-22,38400.00 ,38400.00 ,37900.00 ,39300.00 ,,,730.00 ,,,3130.00 ,
2014-12-23,38400.00 ,38400.00 ,37900.00 ,39300.00 ,,,716.00 ,,,3131.00 ,
2014-12-24,38400.00 ,38400.00 ,37900.00 ,39300.00 ,,,728.00 ,,,3131.00 ,
2014-12-25,38500.00 ,38500.00 ,38000.00 ,39400.00 ,,,725.00 ,,,3131.00 ,
2014-12-26,38400.00 ,38400.00 ,37900.00 ,39300.00 ,,,718.00 ,,,3131.00 ,
2014-12-29,38100.00 ,38100.00 ,37700.00 ,39100.00 ,,,726.00 ,,,3131.00 ,
2014-12-30,38200.00 ,38200.00 ,37900.00 ,39300.00 ,,,752.00 ,,,3287.00 ,
2014-12-31,38700.00 ,38700.00 ,38300.00 ,39600.00 ,3980.00 ,596.00 ,740.00 ,,366534.00 ,3123.00 ,2146392.54 
2015-01-05,38400.00 ,38400.00 ,38000.00 ,39300.00 ,,,731.00 ,,,3123.00 ,
2015-01-06,38000.00 ,38000.00 ,37900.00 ,38900.00 ,,,744.00 ,,,3123.00 ,
2015-01-07,38000.00 ,38000.00 ,37900.00 ,38900.00 ,,,740.00 ,,,3123.00 ,
2015-01-08,38000.00 ,38000.00 ,37900.00 ,38900.00 ,,,743.00 ,,,3123.00 ,
2015-01-09,37600.00 ,37600.00 ,37500.00 ,38500.00 ,,,737.00 ,,,3123.00 ,
2015-01-12,37400.00 ,37400.00 ,37100.00 ,38300.00 ,,,726.00 ,,,3123.00 ,
2015-01-13,36900.00 ,36900.00 ,36400.00 ,37800.00 ,,,728.00 ,,,3123.00 ,
2015-01-14,34700.00 ,34700.00 ,34200.00 ,35600.00 ,,,725.00 ,,,3123.00 ,
2015-01-15,34500.00 ,34500.00 ,34000.00 ,35400.00 ,,,728.00 ,,,3123.00 ,
2015-01-16,34500.00 ,34500.00 ,34000.00 ,35400.00 ,,,724.00 ,,,3123.00 ,
2015-01-19,34900.00 ,34900.00 ,34400.00 ,35700.00 ,,,731.00 ,,,3123.00 ,
2015-01-20,34700.00 ,34700.00 ,34200.00 ,35500.00 ,,,726.00 ,,,3123.00 ,
2015-01-21,34600.00 ,34600.00 ,34100.00 ,35400.00 ,,,724.00 ,,,3123.00 ,
2015-01-22,34800.00 ,34800.00 ,34400.00 ,35600.00 ,,,722.00 ,,,3123.00 ,
2015-01-23,34000.00 ,34000.00 ,33600.00 ,34800.00 ,,,724.00 ,,,3277.00 ,
2015-01-26,33000.00 ,33000.00 ,32600.00 ,33800.00 ,,,718.00 ,,,3277.00 ,
2015-01-27,33000.00 ,33000.00 ,32600.00 ,33800.00 ,,,726.00 ,,,3277.00 ,
2015-01-28,33000.00 ,33000.00 ,32600.00 ,33800.00 ,,,729.00 ,,,3276.00 ,
2015-01-29,33000.00 ,33000.00 ,32600.00 ,33800.00 ,,,726.00 ,,,3182.00 ,
2015-01-30,33000.00 ,33000.00 ,32600.00 ,33800.00 ,,,727.00 ,,,3152.00 ,
2015-01-31,,,,,4030.50 ,565.27 ,,,306466.00 ,,
2015-02-02,33600.00 ,33600.00 ,33200.00 ,34400.00 ,,,732.00 ,,,3152.00 ,
2015-02-03,33800.00 ,33800.00 ,33400.00 ,34600.00 ,,,736.00 ,,,3152.00 ,
2015-02-04,34700.00 ,34700.00 ,34300.00 ,35500.00 ,,,733.00 ,,,3152.00 ,
2015-02-05,34300.00 ,34300.00 ,33900.00 ,35100.00 ,,,732.00 ,,,3152.00 ,
2015-02-06,34700.00 ,34700.00 ,34300.00 ,35500.00 ,,,739.00 ,,,3139.00 ,
2015-02-09,34800.00 ,34800.00 ,34400.00 ,35600.00 ,,,729.00 ,,,3139.00 ,
2015-02-10,34800.00 ,34800.00 ,34400.00 ,35600.00 ,,,733.00 ,,,3139.00 ,
2015-02-11,34300.00 ,34300.00 ,33900.00 ,35100.00 ,,,733.00 ,,,3139.00 ,
2015-02-12,34100.00 ,34100.00 ,33600.00 ,34900.00 ,,,732.00 ,,,3139.00 ,
2015-02-13,34800.00 ,34800.00 ,34400.00 ,35700.00 ,,,739.00 ,,,3295.00 ,
2015-02-16,34800.00 ,34800.00 ,34400.00 ,35700.00 ,,,742.00 ,,,3295.00 ,
2015-02-17,35000.00 ,35000.00 ,34600.00 ,35900.00 ,,,733.00 ,,,3295.00 ,
2015-02-25,35000.00 ,35000.00 ,34600.00 ,35900.00 ,,,726.00 ,,,3295.00 ,
2015-02-26,35000.00 ,35000.00 ,34600.00 ,35900.00 ,,,735.00 ,,,3288.00 ,
2015-02-27,35200.00 ,35200.00 ,34800.00 ,36100.00 ,,,726.00 ,,,3255.00 ,
2015-02-28,,,,,2914.30 ,471.80 ,,,187077.00 ,,
2015-03-02,35500.00 ,35500.00 ,35100.00 ,36400.00 ,,,730.00 ,,,3255.00 ,
2015-03-03,35500.00 ,35500.00 ,35100.00 ,36400.00 ,,,729.00 ,,,3345.00 ,
2015-03-04,35500.00 ,35500.00 ,35100.00 ,36400.00 ,,,722.00 ,,,3450.00 ,
2015-03-05,35400.00 ,35400.00 ,35000.00 ,36400.00 ,,,712.00 ,,,3550.00 ,
2015-03-06,35400.00 ,35400.00 ,35000.00 ,36400.00 ,,,712.00 ,,,3550.00 ,
2015-03-09,35000.00 ,35000.00 ,34600.00 ,36000.00 ,,,718.00 ,,,3374.00 ,
2015-03-10,35300.00 ,35300.00 ,34900.00 ,36300.00 ,,,716.00 ,,,3382.00 ,
2015-03-11,35100.00 ,35100.00 ,34700.00 ,36000.00 ,,,719.00 ,,,3382.00 ,
2015-03-12,34800.00 ,34800.00 ,34400.00 ,35600.00 ,,,720.00 ,,,3047.00 ,
2015-03-13,35400.00 ,35400.00 ,35000.00 ,36200.00 ,,,721.00 ,,,3199.00 ,
2015-03-16,35300.00 ,35300.00 ,34900.00 ,36200.00 ,,,721.00 ,,,3041.00 ,
2015-03-17,35200.00 ,35200.00 ,34800.00 ,36100.00 ,,,715.00 ,,,3041.00 ,
2015-03-18,35200.00 ,35200.00 ,34800.00 ,36100.00 ,,,707.00 ,,,3044.00 ,
2015-03-19,34800.00 ,34800.00 ,34400.00 ,35700.00 ,,,704.00 ,,,2892.00 ,
2015-03-20,35100.00 ,35100.00 ,34700.00 ,36000.00 ,,,706.00 ,,,3036.00 ,
2015-03-23,36400.00 ,36400.00 ,36000.00 ,37300.00 ,,,704.00 ,,,3187.00 ,
2015-03-24,36400.00 ,36400.00 ,36000.00 ,37300.00 ,,,706.00 ,,,3052.00 ,
2015-03-25,36300.00 ,36300.00 ,35900.00 ,37200.00 ,,,694.00 ,,,3204.00 ,
2015-03-26,36500.00 ,36500.00 ,36000.00 ,37300.00 ,,,706.00 ,,,3113.00 ,
2015-03-27,36200.00 ,36200.00 ,35800.00 ,37100.00 ,,,697.00 ,,,3025.00 ,
2015-03-30,36200.00 ,36200.00 ,35800.00 ,37100.00 ,,,698.00 ,,,3176.00 ,
2015-03-31,36200.00 ,36200.00 ,35800.00 ,37100.00 ,3497.00 ,676.00 ,681.00 ,,287655.00 ,3334.00 ,
2015-04-01,36000.00 ,36000.00 ,35600.00 ,36900.00 ,,,686.00 ,,,3167.00 ,
2015-04-02,36100.00 ,36100.00 ,35600.00 ,36900.00 ,,,677.00 ,,,3325.00 ,
2015-04-03,36100.00 ,36100.00 ,35600.00 ,36900.00 ,,,677.00 ,,,3325.00 ,
2015-04-07,36200.00 ,36200.00 ,35700.00 ,37000.00 ,,,675.00 ,,,3325.00 ,
2015-04-08,36200.00 ,36200.00 ,35700.00 ,37000.00 ,,,674.00 ,,,3158.00 ,
2015-04-09,36000.00 ,36000.00 ,35500.00 ,36800.00 ,,,670.00 ,,,3315.00 ,
2015-04-10,36100.00 ,36100.00 ,35600.00 ,36900.00 ,,,661.00 ,,,3315.00 ,
2015-04-13,36300.00 ,36300.00 ,35800.00 ,37100.00 ,,,673.00 ,,,3269.00 ,
2015-04-14,36100.00 ,36100.00 ,35600.00 ,36900.00 ,,,673.00 ,,,3107.00 ,
2015-04-15,35800.00 ,35800.00 ,35400.00 ,36700.00 ,,,669.00 ,,,3262.00 ,
2015-04-16,36100.00 ,36100.00 ,35700.00 ,37000.00 ,,,674.00 ,,,3297.00 ,
2015-04-17,36300.00 ,36300.00 ,35900.00 ,37200.00 ,,,670.00 ,,,3312.00 ,
2015-04-20,36600.00 ,36600.00 ,36100.00 ,37400.00 ,,,654.00 ,,,3312.00 ,
2015-04-21,36100.00 ,36100.00 ,35600.00 ,36900.00 ,,,656.00 ,,,3312.00 ,
2015-04-22,36000.00 ,36000.00 ,35500.00 ,36800.00 ,,,662.50 ,,,3312.00 ,
2015-04-23,35700.00 ,35700.00 ,35200.00 ,36500.00 ,,,658.00 ,,,3312.00 ,
2015-04-24,36000.00 ,36000.00 ,35600.00 ,36900.00 ,,,672.00 ,,,3320.00 ,
2015-04-27,36600.00 ,36600.00 ,36100.00 ,37400.00 ,,,680.50 ,,,3323.00 ,
2015-04-28,36600.00 ,36600.00 ,36100.00 ,37400.00 ,,,677.50 ,,,3404.00 ,
2015-04-29,36600.00 ,36600.00 ,36100.00 ,37400.00 ,,,662.50 ,,,3233.00 ,
2015-04-30,36800.00 ,36800.00 ,36400.00 ,37700.00 ,3409.00 ,702.00 ,667.00 ,,309443.00 ,3394.00 ,
2015-05-04,38000.00 ,38000.00 ,37600.00 ,38900.00 ,,,671.00 ,,,3563.00 ,
2015-05-05,38000.00 ,38000.00 ,37600.00 ,38900.00 ,,,683.00 ,,,3740.00 ,
2015-05-06,38100.00 ,38100.00 ,37700.00 ,39000.00 ,,,681.50 ,,,3740.00 ,
2015-05-07,38000.00 ,38000.00 ,37500.00 ,38900.00 ,,,677.50 ,,,3650.00 ,
2015-05-08,38100.00 ,38100.00 ,37700.00 ,39100.00 ,,,687.50 ,,,3517.00 ,
2015-05-11,37900.00 ,37900.00 ,37500.00 ,38900.00 ,,,683.00 ,,,3502.00 ,
2015-05-12,37900.00 ,37900.00 ,37500.00 ,38900.00 ,,,674.00 ,,,3400.00 ,
2015-05-13,38200.00 ,38200.00 ,37800.00 ,39200.00 ,,,675.50 ,,,3400.00 ,
2015-05-14,38200.00 ,38200.00 ,37800.00 ,39200.00 ,,,672.00 ,,,3393.00 ,
2015-05-15,38100.00 ,38100.00 ,37700.00 ,39100.00 ,,,673.50 ,,,3223.00 ,
2015-05-18,38200.00 ,38200.00 ,37700.00 ,39100.00 ,,,671.00 ,,,3384.00 ,
2015-05-19,38100.00 ,38100.00 ,37600.00 ,39000.00 ,,,669.00 ,,,3471.00 ,
2015-05-20,37300.00 ,37300.00 ,36800.00 ,38200.00 ,,,664.50 ,,,3421.00 ,
2015-05-21,37600.00 ,37600.00 ,37100.00 ,38500.00 ,,,676.50 ,,,3421.00 ,
2015-05-22,37600.00 ,37600.00 ,37100.00 ,38500.00 ,,,681.00 ,,,3421.00 ,
2015-05-25,37100.00 ,37100.00 ,36600.00 ,38000.00 ,,,680.00 ,,,3421.00 ,
2015-05-26,37300.00 ,37300.00 ,36800.00 ,38200.00 ,,,677.50 ,,,3250.00 ,
2015-05-27,36800.00 ,36800.00 ,36300.00 ,37700.00 ,,,681.50 ,,,3291.00 ,
2015-05-28,36800.00 ,36800.00 ,36300.00 ,37700.00 ,,,682.00 ,,,3316.00 ,
2015-05-29,36900.00 ,36900.00 ,36400.00 ,37800.00 ,,,688.00 ,,,3316.00 ,
2015-05-31,,,,,3444.00 ,767.00 ,,,284764.00 ,,
2015-06-01,36300.00 ,36300.00 ,35800.00 ,37200.00 ,,,693.50 ,,,3316.00 ,
2015-06-02,36200.00 ,36200.00 ,35800.00 ,37100.00 ,,,694.50 ,,,3361.00 ,
2015-06-03,36300.00 ,36300.00 ,35900.00 ,37200.00 ,,,688.00 ,,,3361.00 ,
2015-06-04,36100.00 ,36100.00 ,35700.00 ,37000.00 ,,,692.00 ,,,3361.00 ,
2015-06-05,35500.00 ,35500.00 ,35100.00 ,36400.00 ,,,682.50 ,,,3361.00 ,
2015-06-08,35600.00 ,35600.00 ,35200.00 ,36500.00 ,,,684.50 ,,,3361.00 ,
2015-06-09,35600.00 ,35600.00 ,35200.00 ,36500.00 ,,,683.00 ,,,3361.00 ,
2015-06-10,35700.00 ,35700.00 ,35300.00 ,36600.00 ,,,696.00 ,,,3194.00 ,
2015-06-11,35900.00 ,35900.00 ,35500.00 ,36800.00 ,,,691.50 ,,,3306.00 ,
2015-06-12,35100.00 ,35100.00 ,34700.00 ,36000.00 ,,,688.50 ,,,3306.00 ,
2015-06-15,35100.00 ,34900.00 ,34500.00 ,35800.00 ,,,689.50 ,,,3306.00 ,
2015-06-16,34900.00 ,34600.00 ,34200.00 ,35500.00 ,,,689.00 ,,,3306.00 ,
2015-06-17,34700.00 ,34300.00 ,33900.00 ,35200.00 ,,,675.00 ,,,3306.00 ,
2015-06-18,34700.00 ,34300.00 ,33900.00 ,35200.00 ,,,672.00 ,,,3251.00 ,
2015-06-19,34700.00 ,34100.00 ,33900.00 ,35000.00 ,,,679.50 ,,,3102.00 ,
2015-06-23,34700.00 ,34100.00 ,33900.00 ,35000.00 ,,,677.00 ,,,3016.00 ,
2015-06-24,34700.00 ,34100.00 ,33900.00 ,35000.00 ,,,681.50 ,,,3030.00 ,
2015-06-25,34700.00 ,34100.00 ,33900.00 ,34800.00 ,,,674.00 ,,,2942.00 ,
2015-06-26,34700.00 ,34100.00 ,33900.00 ,34800.00 ,,,673.50 ,,,2836.00 ,
2015-06-29,34800.00 ,34200.00 ,34000.00 ,34800.00 ,,,674.00 ,,,2836.00 ,
2015-06-30,34800.00 ,34200.00 ,34000.00 ,34800.00 ,3363.00 ,1028.00 ,677.50 ,,316737.00 ,2809.00 ,
2015-07-01,34800.00 ,34200.00 ,34000.00 ,34800.00 ,,,683.00 ,,,2895.00 ,
2015-07-02,34800.00 ,34200.00 ,34000.00 ,34800.00 ,,,686.00 ,,,2871.00 ,
2015-07-03,34800.00 ,34200.00 ,34000.00 ,34800.00 ,,,674.00 ,,,2871.00 ,
2015-07-06,34400.00 ,33800.00 ,33600.00 ,34400.00 ,,,653.00 ,,,2871.00 ,
2015-07-07,33600.00 ,33000.00 ,32800.00 ,33600.00 ,,,639.50 ,,,2871.00 ,
2015-07-08,31900.00 ,31300.00 ,31100.00 ,31800.00 ,,,621.50 ,,,2752.00 ,
2015-07-09,33400.00 ,32800.00 ,32600.00 ,33300.00 ,,,642.50 ,,,2725.00 ,
2015-07-10,33600.00 ,33000.00 ,32800.00 ,33500.00 ,,,630.00 ,,,2757.00 ,
2015-07-13,33100.00 ,32500.00 ,32300.00 ,33000.00 ,,,627.50 ,,,2538.00 ,
2015-07-14,33500.00 ,32900.00 ,32700.00 ,33400.00 ,,,613.50 ,,,2501.00 ,
2015-07-15,33600.00 ,33000.00 ,32800.00 ,33500.00 ,,,624.00 ,,,2375.00 ,
2015-07-16,33300.00 ,32700.00 ,32500.00 ,33200.00 ,,,621.50 ,,,2411.00 ,
2015-07-17,33300.00 ,32700.00 ,32500.00 ,33200.00 ,,,621.50 ,,,2437.00 ,
2015-07-20,32900.00 ,32300.00 ,32100.00 ,32800.00 ,,,629.00 ,,,2345.00 ,
2015-07-21,33000.00 ,32400.00 ,32200.00 ,32900.00 ,,,620.00 ,,,2375.00 ,
2015-07-22,32900.00 ,32300.00 ,32100.00 ,32800.00 ,,,611.50 ,,,2334.00 ,
2015-07-23,32800.00 ,32200.00 ,32000.00 ,32700.00 ,,,614.00 ,,,2450.00 ,
2015-07-24,32300.00 ,31700.00 ,31500.00 ,32200.00 ,,,611.50 ,,,2572.00 ,
2015-07-27,32300.00 ,31700.00 ,31500.00 ,32200.00 ,,,611.50 ,,,2607.00 ,
2015-07-28,32100.00 ,31500.00 ,31300.00 ,32000.00 ,,,609.00 ,,,2558.00 ,
2015-07-29,32600.00 ,32000.00 ,31800.00 ,32500.00 ,,,622.00 ,,,2378.00 ,
2015-07-30,32500.00 ,31900.00 ,31700.00 ,32400.00 ,,,609.50 ,,,2359.00 ,
2015-07-31,32300.00 ,31700.00 ,31500.00 ,32200.00 ,3658.00 ,1098.00 ,614.00 ,,358160.00 ,2313.00 ,
2015-08-03,32200.00 ,31600.00 ,31400.00 ,32100.00 ,,,610.00 ,,,2243.00 ,
2015-08-04,31900.00 ,31300.00 ,31100.00 ,31800.00 ,,,616.00 ,,,2208.00 ,
2015-08-05,31900.00 ,31300.00 ,31100.00 ,31800.00 ,,,615.00 ,,,2206.00 ,
2015-08-06,31900.00 ,31300.00 ,31100.00 ,31800.00 ,,,615.50 ,,,2185.00 ,
2015-08-07,31800.00 ,31200.00 ,31000.00 ,31700.00 ,,,616.50 ,,,2233.00 ,
2015-08-10,31800.00 ,31200.00 ,31000.00 ,31700.00 ,,,592.00 ,,,2247.00 ,
2015-08-11,32800.00 ,32200.00 ,32000.00 ,32700.00 ,,,603.00 ,,,2298.00 ,
2015-08-12,32700.00 ,32100.00 ,31900.00 ,32600.00 ,,,620.50 ,,,2330.00 ,
2015-08-13,33000.00 ,32600.00 ,32200.00 ,32900.00 ,,,623.50 ,,,2339.00 ,
2015-08-14,33000.00 ,32600.00 ,32200.00 ,32900.00 ,,,622.00 ,,,2260.00 ,
2015-08-17,32800.00 ,32400.00 ,32000.00 ,32700.00 ,,,611.00 ,,,2174.00 ,
2015-08-18,32800.00 ,32400.00 ,32000.00 ,32700.00 ,,,606.00 ,,,2133.00 ,
2015-08-19,32500.00 ,32100.00 ,31700.00 ,32400.00 ,,,607.50 ,,,2084.00 ,
2015-08-20,32500.00 ,32100.00 ,31700.00 ,32400.00 ,,,597.00 ,,,2061.00 ,
2015-08-21,32800.00 ,32400.00 ,32000.00 ,32700.00 ,,,599.50 ,,,2027.00 ,
2015-08-24,32300.00 ,31900.00 ,31500.00 ,32200.00 ,,,576.00 ,,,1938.00 ,
2015-08-25,32800.00 ,32400.00 ,32000.00 ,32700.00 ,,,574.00 ,,,1903.00 ,
2015-08-26,33000.00 ,32600.00 ,32200.00 ,32900.00 ,,,563.00 ,,,1833.00 ,
2015-08-27,32900.00 ,32500.00 ,32100.00 ,32800.00 ,,,571.50 ,,,1833.00 ,
2015-08-28,33100.00 ,32700.00 ,32300.00 ,33000.00 ,,,573.00 ,,,1837.00 ,
2015-08-31,33000.00 ,32600.00 ,32200.00 ,32900.00 ,3778.00 ,1046.00 ,568.50 ,,290303.00 ,1892.00 ,
2015-09-01,33000.00 ,32600.00 ,32200.00 ,32900.00 ,,,573.50 ,,,1965.00 ,
2015-09-02,33000.00 ,32600.00 ,32200.00 ,32900.00 ,,,573.50 ,,,1948.00 ,
2015-09-07,33100.00 ,32700.00 ,32300.00 ,33000.00 ,,,576.50 ,,,1832.00 ,
2015-09-08,33100.00 ,32700.00 ,32300.00 ,33000.00 ,,,583.00 ,,,1896.00 ,
2015-09-09,34100.00 ,33700.00 ,33300.00 ,34000.00 ,,,588.00 ,,,1990.00 ,
2015-09-10,34100.00 ,33700.00 ,33300.00 ,34000.00 ,,,588.00 ,,,2564.00 ,
2015-09-11,34100.00 ,33700.00 ,33300.00 ,34000.00 ,,,583.50 ,,,2500.00 ,
2015-09-14,34100.00 ,33700.00 ,33300.00 ,34000.00 ,,,573.50 ,,,2497.00 ,
2015-09-15,33800.00 ,33400.00 ,33000.00 ,33700.00 ,,,574.00 ,6850.00 ,,2493.00 ,
2015-09-16,33800.00 ,33400.00 ,33000.00 ,33700.00 ,,,587.00 ,,,2556.00 ,
2015-09-17,34100.00 ,33700.00 ,33300.00 ,34000.00 ,,,584.00 ,6635.00 ,,2593.00 ,
2015-09-18,34000.00 ,33600.00 ,33200.00 ,33900.00 ,,,586.00 ,6809.00 ,,2566.00 ,
2015-09-21,33500.00 ,33100.00 ,32700.00 ,33400.00 ,,,597.00 ,6611.00 ,,2543.00 ,
2015-09-22,33500.00 ,33100.00 ,32700.00 ,33400.00 ,,,591.50 ,6814.00 ,,2543.00 ,
2015-09-23,32500.00 ,32100.00 ,31700.00 ,32400.00 ,,,583.50 ,6253.00 ,,2543.00 ,
2015-09-24,32500.00 ,32100.00 ,31700.00 ,32400.00 ,,,582.50 ,6429.00 ,,2543.00 ,
2015-09-25,32600.00 ,32200.00 ,31800.00 ,32500.00 ,,,584.50 ,6459.00 ,,2576.00 ,
2015-09-28,32500.00 ,32100.00 ,31700.00 ,32400.00 ,,,574.00 ,6809.00 ,,2576.00 ,
2015-09-29,31800.00 ,31400.00 ,31000.00 ,31700.00 ,,,571.00 ,,,2535.00 ,
2015-09-30,31800.00 ,31400.00 ,31000.00 ,31700.00 ,3146.00 ,1075.00 ,571.50 ,,340327.00 ,2472.00 ,
2015-10-08,32800.00 ,32400.00 ,32000.00 ,32700.00 ,,,570.50 ,6660.00 ,,2472.00 ,
2015-10-09,32800.00 ,32400.00 ,32000.00 ,32700.00 ,,,581.50 ,,,2593.00 ,
2015-10-12,33200.00 ,32800.00 ,32400.00 ,33100.00 ,,,567.00 ,,,2593.00 ,
2015-10-13,33000.00 ,32600.00 ,32200.00 ,32900.00 ,,,567.00 ,,,2593.00 ,
2015-10-14,33000.00 ,32600.00 ,32200.00 ,32900.00 ,,,564.50 ,6305.00 ,,2593.00 ,
2015-10-15,33400.00 ,33000.00 ,32600.00 ,33300.00 ,,,563.50 ,,,2593.00 ,
2015-10-16,33200.00 ,32800.00 ,32400.00 ,33100.00 ,,,565.00 ,6339.00 ,,2593.00 ,
2015-10-19,32800.00 ,32400.00 ,32000.00 ,32700.00 ,,,565.50 ,6211.00 ,,2583.00 ,
2015-10-20,32600.00 ,32200.00 ,31800.00 ,32500.00 ,,,569.50 ,6051.00 ,,2583.00 ,
2015-10-21,32400.00 ,32000.00 ,31600.00 ,32300.00 ,,,568.00 ,6238.00 ,,2583.00 ,
2015-10-22,32500.00 ,32100.00 ,31700.00 ,32400.00 ,,,571.50 ,5974.00 ,,2460.00 ,
2015-10-23,32800.00 ,32400.00 ,32000.00 ,32700.00 ,,,571.00 ,5995.00 ,,2460.00 ,
2015-10-26,32500.00 ,32100.00 ,31700.00 ,32400.00 ,,,564.50 ,6181.00 ,,2460.00 ,
2015-10-27,32500.00 ,32100.00 ,31700.00 ,32400.00 ,,,563.50 ,5890.00 ,,2460.00 ,
2015-10-28,32500.00 ,32100.00 ,31700.00 ,32400.00 ,,,556.00 ,6175.00 ,,2510.00 ,
2015-10-29,32500.00 ,32100.00 ,31700.00 ,32400.00 ,,,555.00 ,6014.00 ,,2500.00 ,
2015-10-30,32300.00 ,31900.00 ,31500.00 ,32200.00 ,,,555.50 ,5935.00 ,,2500.00 ,
2015-10-31,,,,,3107.22 ,994.68 ,,,294122.00 ,,
2015-11-02,32200.00 ,31800.00 ,31400.00 ,32100.00 ,,,555.50 ,6201.00 ,,2500.00 ,
2015-11-03,32200.00 ,31800.00 ,31400.00 ,32100.00 ,,,557.50 ,6132.00 ,,2500.00 ,
2015-11-04,32300.00 ,31900.00 ,31500.00 ,32200.00 ,,,562.00 ,5834.00 ,,2500.00 ,
2015-11-05,32300.00 ,31900.00 ,31500.00 ,32200.00 ,,,564.00 ,6245.00 ,,2500.00 ,
2015-11-06,31800.00 ,31400.00 ,31000.00 ,31700.00 ,,,562.50 ,6023.00 ,,2500.00 ,
2015-11-09,31800.00 ,31400.00 ,31000.00 ,31700.00 ,,,558.50 ,6219.00 ,,2500.00 ,
2015-11-10,31400.00 ,31000.00 ,30600.00 ,31300.00 ,,,562.50 ,5853.00 ,,2500.00 ,
2015-11-11,31400.00 ,31000.00 ,30600.00 ,31300.00 ,,,561.50 ,6092.00 ,,2500.00 ,
2015-11-12,31400.00 ,31000.00 ,30600.00 ,31300.00 ,,,561.50 ,,,2500.00 ,
2015-11-13,31200.00 ,30900.00 ,30500.00 ,31200.00 ,,,569.00 ,5874.00 ,,2500.00 ,
2015-11-16,31000.00 ,30700.00 ,30300.00 ,31000.00 ,,,566.50 ,5697.00 ,,2500.00 ,
2015-11-17,30000.00 ,29700.00 ,29300.00 ,30000.00 ,,,571.00 ,,,2500.00 ,
2015-11-18,29600.00 ,29300.00 ,28900.00 ,29600.00 ,,,564.00 ,5171.00 ,,2500.00 ,
2015-11-19,29600.00 ,29300.00 ,28900.00 ,29600.00 ,,,542.50 ,5070.00 ,,2500.00 ,
2015-11-20,29600.00 ,29300.00 ,28900.00 ,29600.00 ,,,545.00 ,5047.00 ,,2500.00 ,
2015-11-23,28900.00 ,28600.00 ,28200.00 ,28900.00 ,,,552.00 ,5317.00 ,,2500.00 ,
2015-11-24,28600.00 ,28300.00 ,27900.00 ,28600.00 ,,,494.00 ,4721.00 ,,2413.00 ,
2015-11-25,29600.00 ,29300.00 ,28900.00 ,29600.00 ,,,507.50 ,5066.00 ,,2415.00 ,
2015-11-26,29800.00 ,29500.00 ,29100.00 ,29800.00 ,,,515.50 ,5309.00 ,,2401.00 ,
2015-11-27,29800.00 ,29500.00 ,29100.00 ,29800.00 ,,,513.50 ,5411.00 ,,2510.00 ,
2015-11-30,29300.00 ,29000.00 ,28600.00 ,29300.00 ,3531.80 ,776.20 ,509.50 ,5473.00 ,303477.00 ,2452.00 ,
2015-12-01,29800.00 ,29500.00 ,29100.00 ,29800.00 ,,,516.50 ,5576.00 ,,2452.00 ,
2015-12-02,30000.00 ,29700.00 ,29300.00 ,30000.00 ,,,523.50 ,5902.00 ,,2508.00 ,
2015-12-03,29500.00 ,29200.00 ,28800.00 ,29500.00 ,,,516.50 ,5939.00 ,,2384.00 ,
2015-12-04,29500.00 ,29200.00 ,28800.00 ,29500.00 ,,,516.00 ,5682.00 ,,2470.00 ,
2015-12-07,30000.00 ,29700.00 ,29300.00 ,30000.00 ,,,525.50 ,5707.00 ,,2470.00 ,
2015-12-08,29500.00 ,29200.00 ,28800.00 ,29500.00 ,,,521.50 ,5839.00 ,,2470.00 ,
2015-12-09,29800.00 ,29500.00 ,29100.00 ,29800.00 ,,,508.00 ,5705.00 ,,2470.00 ,
2015-12-10,29800.00 ,29500.00 ,29100.00 ,29800.00 ,,,511.50 ,5866.00 ,,2470.00 ,
2015-12-11,29800.00 ,29500.00 ,29100.00 ,29800.00 ,,,514.00 ,5431.00 ,,2470.00 ,
2015-12-14,30800.00 ,30500.00 ,30100.00 ,30800.00 ,,,520.00 ,6115.00 ,,2470.00 ,
2015-12-15,30800.00 ,30500.00 ,30100.00 ,30800.00 ,,,517.00 ,6411.00 ,,2470.00 ,
2015-12-16,30100.00 ,29800.00 ,29400.00 ,30100.00 ,,,519.00 ,5889.00 ,,2470.00 ,
2015-12-17,30100.00 ,29800.00 ,29400.00 ,30100.00 ,,,521.50 ,5998.00 ,,2587.00 ,
2015-12-18,30000.00 ,29700.00 ,29300.00 ,30000.00 ,,,536.50 ,5621.00 ,,2587.00 ,
2015-12-21,30400.00 ,30100.00 ,29700.00 ,30400.00 ,,,546.00 ,5718.00 ,,2587.00 ,
2015-12-22,30600.00 ,30300.00 ,29900.00 ,30600.00 ,,,545.50 ,5963.00 ,,2587.00 ,
2015-12-23,30400.00 ,30100.00 ,29700.00 ,30400.00 ,,,543.50 ,5814.00 ,,2587.00 ,
2015-12-24,30600.00 ,30300.00 ,29900.00 ,30600.00 ,,,545.50 ,,,2625.00 ,
2015-12-25,30600.00 ,30300.00 ,29900.00 ,30600.00 ,,,543.00 ,6033.00 ,,2438.00 ,
2015-12-28,30600.00 ,30300.00 ,29900.00 ,30600.00 ,,,542.00 ,5866.00 ,,2453.00 ,
2015-12-29,30400.00 ,30100.00 ,29700.00 ,30400.00 ,,,555.00 ,5739.00 ,,2390.00 ,
2015-12-30,30800.00 ,30500.00 ,30100.00 ,30800.00 ,,,558.00 ,6115.00 ,,2437.00 ,
2015-12-31,30800.00 ,30500.00 ,30100.00 ,30800.00 ,3856.00 ,677.00 ,565.00 ,,380001.00 ,2393.00 ,1920368.50 
2016-01-04,30400.00 ,30100.00 ,29700.00 ,30400.00 ,,,555.00 ,6048.00 ,,2401.00 ,
2016-01-05,30400.00 ,30100.00 ,29700.00 ,30400.00 ,,,561.00 ,5888.00 ,,2341.00 ,
2016-01-06,30400.00 ,30100.00 ,29700.00 ,30400.00 ,,,551.00 ,6308.00 ,,2374.00 ,
2016-01-07,30400.00 ,30100.00 ,29700.00 ,30400.00 ,,,550.00 ,6347.00 ,,2372.00 ,
2016-01-08,29900.00 ,29600.00 ,29200.00 ,29900.00 ,,,551.00 ,6325.00 ,,2372.00 ,
2016-01-11,29600.00 ,29300.00 ,28900.00 ,29600.00 ,,,550.50 ,6718.00 ,,2253.00 ,
2016-01-12,29200.00 ,28900.00 ,28500.00 ,29200.00 ,,,535.50 ,6469.00 ,,2266.00 ,
2016-01-13,29200.00 ,28900.00 ,28500.00 ,29200.00 ,,,529.00 ,6083.00 ,,2222.00 ,
2016-01-14,29200.00 ,28900.00 ,28500.00 ,29200.00 ,,,531.00 ,5895.00 ,,2246.00 ,
2016-01-15,29300.00 ,29000.00 ,28600.00 ,29300.00 ,,,528.00 ,6226.00 ,,2202.00 ,
2016-01-18,29300.00 ,29000.00 ,28600.00 ,29300.00 ,,,542.00 ,6207.00 ,,2216.00 ,
2016-01-19,29300.00 ,29000.00 ,28600.00 ,29300.00 ,,,543.00 ,5955.00 ,,2315.00 ,
2016-01-20,29400.00 ,29100.00 ,28700.00 ,29400.00 ,,,537.50 ,6338.00 ,,2370.00 ,
2016-01-21,29400.00 ,29100.00 ,28700.00 ,29400.00 ,,,531.50 ,6349.00 ,,2351.00 ,
2016-01-22,29400.00 ,29100.00 ,28700.00 ,29400.00 ,,,545.50 ,6041.00 ,,2317.00 ,
2016-01-25,29300.00 ,29000.00 ,28600.00 ,29300.00 ,,,545.00 ,5903.00 ,,2361.00 ,
2016-01-26,29300.00 ,29000.00 ,28600.00 ,29300.00 ,,,551.50 ,5869.00 ,,2242.00 ,
2016-01-27,29800.00 ,29500.00 ,29100.00 ,29800.00 ,,,560.50 ,5635.00 ,,2235.00 ,
2016-01-28,29800.00 ,29500.00 ,29100.00 ,29800.00 ,,,552.50 ,5783.00 ,,2224.00 ,
2016-01-29,29600.00 ,29300.00 ,28900.00 ,29600.00 ,,,555.00 ,5556.00 ,,2335.00 ,
2016-01-31,,,,,,,,,272988.00 ,,
2016-02-01,29600.00 ,29300.00 ,28900.00 ,29600.00 ,,,558.00 ,5678.00 ,,2368.00 ,
2016-02-02,29600.00 ,29300.00 ,28900.00 ,29600.00 ,,,558.50 ,5544.00 ,,2486.00 ,
2016-02-03,29600.00 ,29300.00 ,28900.00 ,29600.00 ,,,559.00 ,5344.00 ,,2486.00 ,
2016-02-04,30200.00 ,29900.00 ,29500.00 ,30200.00 ,,,564.50 ,5289.00 ,,2500.00 ,
2016-02-05,30200.00 ,29900.00 ,29500.00 ,30200.00 ,,,558.00 ,5455.00 ,,2500.00 ,
2016-02-15,29600.00 ,29300.00 ,28900.00 ,29600.00 ,,,558.50 ,5445.00 ,,2500.00 ,
2016-02-16,29700.00 ,29400.00 ,29000.00 ,29700.00 ,,,566.50 ,5783.00 ,,2444.00 ,
2016-02-17,29400.00 ,29100.00 ,28700.00 ,29400.00 ,,,563.00 ,5926.00 ,,2371.00 ,
2016-02-18,29400.00 ,29100.00 ,28700.00 ,29400.00 ,,,568.00 ,5710.00 ,,2371.00 ,
2016-02-19,29400.00 ,29100.00 ,28700.00 ,29400.00 ,,,571.00 ,5549.00 ,,2283.00 ,
2016-02-22,29800.00 ,29500.00 ,29100.00 ,29800.00 ,,,594.00 ,5561.00 ,,2397.00 ,
2016-02-23,29800.00 ,29500.00 ,29100.00 ,29800.00 ,,,600.00 ,5764.00 ,,2343.00 ,
2016-02-24,29700.00 ,29400.00 ,29000.00 ,29700.00 ,,,612.50 ,5753.00 ,,2321.00 ,
2016-02-25,29800.00 ,29500.00 ,29100.00 ,29800.00 ,,,608.00 ,5631.00 ,,2317.00 ,
2016-02-26,29500.00 ,29200.00 ,28800.00 ,29500.00 ,,,606.50 ,5421.00 ,,2432.00 ,
2016-02-29,29700.00 ,29400.00 ,29000.00 ,29700.00 ,,,612.50 ,5359.00 ,169744.00 ,2529.00 ,
2016-03-01,29500.00 ,29200.00 ,28800.00 ,29500.00 ,,,613.00 ,5028.00 ,,2529.00 ,
2016-03-02,29900.00 ,29600.00 ,29200.00 ,29900.00 ,,,608.00 ,4809.00 ,,2405.00 ,
2016-03-03,30300.00 ,30000.00 ,29600.00 ,30300.00 ,,,602.50 ,5203.00 ,,2525.00 ,
2016-03-04,30800.00 ,30500.00 ,30100.00 ,30800.00 ,,,591.50 ,4991.00 ,,2529.00 ,
2016-03-07,31400.00 ,31100.00 ,30700.00 ,31400.00 ,,,616.50 ,5444.00 ,,2529.00 ,
2016-03-08,31000.00 ,30700.00 ,30300.00 ,31000.00 ,,,622.50 ,5215.00 ,,2529.00 ,
2016-03-09,30400.00 ,30100.00 ,29700.00 ,30400.00 ,,,600.50 ,5023.00 ,,2529.00 ,
2016-03-10,30400.00 ,30100.00 ,29700.00 ,30400.00 ,,,601.00 ,4968.00 ,,2529.00 ,
2016-03-11,30400.00 ,30000.00 ,29700.00 ,30400.00 ,,,612.50 ,4820.00 ,,2529.00 ,
2016-03-14,30800.00 ,30400.00 ,30100.00 ,30800.00 ,,,614.00 ,4968.00 ,,2529.00 ,
2016-03-15,30400.00 ,30000.00 ,29700.00 ,30400.00 ,,,613.00 ,4797.00 ,,2529.00 ,
2016-03-16,30400.00 ,30000.00 ,29700.00 ,30400.00 ,,,613.50 ,4823.00 ,,2529.00 ,
2016-03-17,30800.00 ,30400.00 ,30100.00 ,30800.00 ,,,623.00 ,4873.00 ,,2529.00 ,
2016-03-18,31300.00 ,30900.00 ,30600.00 ,31300.00 ,,,633.50 ,5004.00 ,,2529.00 ,
2016-03-21,31100.00 ,30700.00 ,30400.00 ,31100.00 ,,,624.50 ,5272.00 ,,2529.00 ,
2016-03-22,31100.00 ,30700.00 ,30400.00 ,31100.00 ,,,627.00 ,5156.00 ,,2366.00 ,
2016-03-23,31300.00 ,30900.00 ,30600.00 ,31300.00 ,,,622.50 ,5230.00 ,,2444.00 ,
2016-03-24,30800.00 ,30400.00 ,30100.00 ,30800.00 ,,,609.50 ,5098.00 ,,2444.00 ,
2016-03-25,30800.00 ,30400.00 ,30100.00 ,30800.00 ,,,616.50 ,,,2326.00 ,
2016-03-28,30800.00 ,30400.00 ,30100.00 ,30800.00 ,,,610.50 ,,,2235.00 ,
2016-03-29,30800.00 ,30400.00 ,30100.00 ,30800.00 ,,,611.00 ,5412.00 ,,2346.00 ,
2016-03-30,30500.00 ,30100.00 ,29800.00 ,30500.00 ,,,609.50 ,5530.00 ,,2320.00 ,
2016-03-31,30200.00 ,29900.00 ,29500.00 ,30200.00 ,3641.91 ,747.42 ,642.50 ,5254.00 ,299246.00 ,2409.00 ,
2016-04-01,30200.00 ,29900.00 ,29500.00 ,30200.00 ,,,656.50 ,5332.00 ,,2455.00 ,
2016-04-05,30000.00 ,29700.00 ,29300.00 ,30000.00 ,,,657.50 ,5569.00 ,,2333.00 ,
2016-04-06,30000.00 ,29700.00 ,29300.00 ,30000.00 ,,,655.00 ,5605.00 ,,2333.00 ,
2016-04-07,30000.00 ,29700.00 ,29300.00 ,30000.00 ,,,654.00 ,5725.00 ,,2345.00 ,
2016-04-08,29500.00 ,29200.00 ,28800.00 ,29500.00 ,,,655.50 ,5654.00 ,,2315.00 ,
2016-04-11,29500.00 ,29200.00 ,28800.00 ,29500.00 ,,,674.00 ,5639.00 ,,2315.00 ,
2016-04-12,29500.00 ,29200.00 ,28800.00 ,29500.00 ,,,696.50 ,5453.00 ,,2315.00 ,
2016-04-13,30500.00 ,30200.00 ,29800.00 ,30500.00 ,,,711.50 ,5619.00 ,,2252.00 ,
2016-04-14,30300.00 ,30000.00 ,29600.00 ,30300.00 ,,,711.00 ,5400.00 ,,2363.00 ,
2016-04-15,30300.00 ,30000.00 ,29600.00 ,30300.00 ,,,688.00 ,5509.00 ,,2441.00 ,
2016-04-18,30300.00 ,30000.00 ,29600.00 ,30300.00 ,,,719.50 ,5744.00 ,,2561.00 ,
2016-04-19,30300.00 ,30000.00 ,29600.00 ,30300.00 ,,,720.00 ,5518.00 ,,2438.00 ,
2016-04-20,30600.00 ,30300.00 ,29900.00 ,30600.00 ,,,755.00 ,5447.00 ,,2438.00 ,
2016-04-21,30600.00 ,30300.00 ,29900.00 ,30600.00 ,,,772.50 ,5089.00 ,,2534.00 ,
2016-04-22,30800.00 ,30500.00 ,30100.00 ,30800.00 ,,,765.50 ,5343.00 ,,2422.00 ,
2016-04-25,30800.00 ,30500.00 ,30100.00 ,30800.00 ,,,818.50 ,5393.00 ,,2437.00 ,
2016-04-26,30800.00 ,30500.00 ,30100.00 ,30800.00 ,,,797.50 ,5534.00 ,,2437.00 ,
2016-04-27,30700.00 ,30400.00 ,30000.00 ,30700.00 ,,,761.00 ,5538.00 ,,2437.00 ,
2016-04-28,30400.00 ,30100.00 ,29700.00 ,30400.00 ,,,729.50 ,5169.00 ,,2393.00 ,
2016-04-29,30700.00 ,30400.00 ,30000.00 ,30700.00 ,,,773.50 ,5252.00 ,,2340.00 ,
2016-04-30,,,,,3289.00 ,779.00 ,,,271706.00 ,,
2016-05-03,30700.00 ,30400.00 ,30000.00 ,30700.00 ,,,727.00 ,5150.00 ,,2340.00 ,
2016-05-04,30400.00 ,30100.00 ,29700.00 ,30400.00 ,,,730.50 ,5285.00 ,,2340.00 ,
2016-05-05,30300.00 ,30000.00 ,29600.00 ,30300.00 ,,,706.50 ,5275.00 ,,2304.00 ,
2016-05-06,30000.00 ,29700.00 ,29300.00 ,30000.00 ,,,694.50 ,5170.00 ,,2419.00 ,
2016-05-09,29600.00 ,29300.00 ,28900.00 ,29600.00 ,,,664.00 ,5258.00 ,,2301.00 ,
2016-05-10,29400.00 ,29100.00 ,28700.00 ,29400.00 ,,,688.50 ,5011.00 ,,2415.00 ,
2016-05-11,29400.00 ,29100.00 ,28700.00 ,29400.00 ,,,688.00 ,4970.00 ,,2294.00 ,
2016-05-12,29400.00 ,29100.00 ,28700.00 ,29400.00 ,,,684.00 ,5083.00 ,,2408.00 ,
2016-05-13,29100.00 ,28800.00 ,28400.00 ,29100.00 ,,,664.50 ,5003.00 ,,2528.00 ,
2016-05-16,29100.00 ,28800.00 ,28400.00 ,29100.00 ,,,685.50 ,4905.00 ,,2528.00 ,
2016-05-17,29300.00 ,29000.00 ,28600.00 ,29300.00 ,,,720.00 ,5164.00 ,,2528.00 ,
2016-05-18,29300.00 ,29000.00 ,28600.00 ,29300.00 ,,,704.00 ,5422.00 ,,2528.00 ,
2016-05-19,29300.00 ,29000.00 ,28500.00 ,29300.00 ,,,709.00 ,5256.00 ,,2528.00 ,
2016-05-20,29100.00 ,28800.00 ,28300.00 ,29100.00 ,,,727.50 ,5112.00 ,,2528.00 ,
2016-05-23,28900.00 ,28600.00 ,28100.00 ,28900.00 ,,,691.50 ,5164.00 ,,2528.00 ,
2016-05-24,29000.00 ,28700.00 ,28200.00 ,29000.00 ,,,660.00 ,5196.00 ,,2451.00 ,
2016-05-25,29300.00 ,29000.00 ,28500.00 ,29300.00 ,,,656.00 ,5086.00 ,,2451.00 ,
2016-05-26,29600.00 ,29300.00 ,28800.00 ,29600.00 ,,,684.00 ,4909.00 ,,2479.00 ,
2016-05-27,29400.00 ,29100.00 ,28600.00 ,29400.00 ,,,685.00 ,5010.00 ,,2435.00 ,
2016-05-30,29400.00 ,29100.00 ,28600.00 ,29400.00 ,,,688.50 ,,,2464.00 ,
2016-05-31,29400.00 ,29100.00 ,28600.00 ,29400.00 ,3300.00 ,932.00 ,683.00 ,4929.00 ,272212.00 ,2464.00 ,
2016-06-01,29000.00 ,28700.00 ,28200.00 ,29000.00 ,,,685.50 ,5038.00 ,,2341.00 ,
2016-06-02,29000.00 ,28700.00 ,28200.00 ,29000.00 ,,,688.00 ,5104.00 ,,2326.00 ,
2016-06-03,29200.00 ,28900.00 ,28400.00 ,29200.00 ,,,697.50 ,4972.00 ,,2369.00 ,
2016-06-06,29800.00 ,29500.00 ,29000.00 ,29800.00 ,,,704.50 ,5193.00 ,,2664.00 ,
2016-06-07,29700.00 ,29400.00 ,28900.00 ,29700.00 ,,,695.00 ,5445.00 ,,2621.00 ,
2016-06-08,29200.00 ,28900.00 ,28400.00 ,29200.00 ,,,681.00 ,5558.00 ,,2613.00 ,
2016-06-13,29200.00 ,28900.00 ,28400.00 ,29200.00 ,,,662.50 ,5640.00 ,,2632.00 ,
2016-06-14,29200.00 ,28900.00 ,28400.00 ,29200.00 ,,,645.00 ,5750.00 ,,2617.00 ,
2016-06-15,29100.00 ,28800.00 ,28300.00 ,29100.00 ,,,655.50 ,5292.00 ,,2595.00 ,
2016-06-16,29300.00 ,28800.00 ,28800.00 ,29300.00 ,,,659.00 ,5618.00 ,,2592.00 ,
2016-06-17,29100.00 ,28600.00 ,28600.00 ,29100.00 ,,,673.50 ,5289.00 ,,2594.00 ,
2016-06-20,29100.00 ,28600.00 ,28600.00 ,29100.00 ,,,668.00 ,5513.00 ,,2617.00 ,
2016-06-21,29200.00 ,28700.00 ,28700.00 ,29200.00 ,,,677.50 ,5483.00 ,,2614.00 ,
2016-06-22,29300.00 ,28800.00 ,28800.00 ,29300.00 ,,,701.50 ,4868.00 ,,2626.00 ,
2016-06-23,29400.00 ,28900.00 ,28900.00 ,29400.00 ,,,708.00 ,5150.00 ,,2526.00 ,
2016-06-24,29500.00 ,29000.00 ,29000.00 ,29500.00 ,,,705.50 ,5677.00 ,,2619.00 ,
2016-06-27,29500.00 ,29000.00 ,29000.00 ,29500.00 ,,,734.00 ,4928.00 ,,2629.00 ,
2016-06-28,30000.00 ,29500.00 ,29500.00 ,30000.00 ,,,727.00 ,5091.00 ,,2555.00 ,
2016-06-29,30000.00 ,29500.00 ,29500.00 ,30000.00 ,,,716.00 ,5235.00 ,,2612.00 ,
2016-06-30,30400.00 ,29900.00 ,29900.00 ,30400.00 ,3457.00 ,1065.00 ,719.00 ,5255.00 ,274777.00 ,2624.00 ,
2016-07-01,30200.00 ,29700.00 ,29700.00 ,30200.00 ,,,717.00 ,5312.00 ,,2613.00 ,
2016-07-04,30800.00 ,30300.00 ,30300.00 ,30800.00 ,,,728.50 ,5191.00 ,,2651.00 ,
2016-07-05,30200.00 ,29700.00 ,29700.00 ,30200.00 ,,,717.00 ,5287.00 ,,2644.00 ,
2016-07-06,29600.00 ,29100.00 ,29100.00 ,29600.00 ,,,721.00 ,5285.00 ,,2645.00 ,
2016-07-07,29500.00 ,29000.00 ,29000.00 ,29500.00 ,,,722.00 ,5508.00 ,,2656.00 ,
2016-07-08,29300.00 ,28800.00 ,28800.00 ,29300.00 ,,,733.50 ,5218.00 ,,2638.00 ,
2016-07-11,29400.00 ,28900.00 ,28900.00 ,29400.00 ,,,739.00 ,5126.00 ,,2626.00 ,
2016-07-12,29700.00 ,29200.00 ,29200.00 ,29700.00 ,,,771.50 ,5148.00 ,,2556.00 ,
2016-07-13,30700.00 ,30200.00 ,30200.00 ,30700.00 ,,,755.00 ,5374.00 ,,2629.00 ,
2016-07-14,30900.00 ,30400.00 ,30400.00 ,30900.00 ,,,739.50 ,5235.00 ,,2624.00 ,
2016-07-15,30900.00 ,30400.00 ,30400.00 ,30900.00 ,,,744.50 ,5238.00 ,,2624.00 ,
2016-07-18,30500.00 ,30000.00 ,30000.00 ,30500.00 ,,,715.00 ,5520.00 ,,2571.00 ,
2016-07-19,30800.00 ,30300.00 ,30300.00 ,30800.00 ,,,722.50 ,5275.00 ,,2633.00 ,
2016-07-20,30800.00 ,30300.00 ,30300.00 ,30800.00 ,,,720.50 ,5143.00 ,,2497.00 ,
2016-07-21,31000.00 ,30500.00 ,30500.00 ,31000.00 ,,,742.50 ,5061.00 ,,2621.00 ,
2016-07-22,31000.00 ,30500.00 ,30500.00 ,31000.00 ,,,731.00 ,5439.00 ,,2633.00 ,
2016-07-25,30700.00 ,30200.00 ,30200.00 ,30700.00 ,,,751.00 ,5166.00 ,,2597.00 ,
2016-07-26,30400.00 ,29900.00 ,29900.00 ,30400.00 ,,,742.00 ,5137.00 ,,2634.00 ,
2016-07-27,30600.00 ,30100.00 ,30100.00 ,30600.00 ,,,753.50 ,5278.00 ,,2634.00 ,
2016-07-28,30400.00 ,29900.00 ,29900.00 ,30400.00 ,,,771.00 ,5242.00 ,,2630.00 ,
2016-07-29,30400.00 ,29900.00 ,29900.00 ,30400.00 ,,,763.50 ,5504.00 ,,2637.00 ,
2016-07-31,,,,,3889.00 ,1236.00 ,,,279188.00 ,,
2016-08-01,30500.00 ,30000.00 ,30000.00 ,30500.00 ,,,780.00 ,5123.00 ,,2630.00 ,
2016-08-02,30500.00 ,30000.00 ,30000.00 ,30500.00 ,,,787.00 ,5297.00 ,,2630.00 ,
2016-08-03,30500.00 ,30000.00 ,30000.00 ,30500.00 ,,,780.50 ,5646.00 ,,2634.00 ,
2016-08-04,30400.00 ,29900.00 ,29900.00 ,30400.00 ,,,769.50 ,5461.00 ,,2649.00 ,
2016-08-05,30300.00 ,29800.00 ,29800.00 ,30300.00 ,,,784.50 ,5444.00 ,,2632.00 ,
2016-08-08,30300.00 ,29800.00 ,29800.00 ,30300.00 ,,,821.00 ,5435.00 ,,2627.00 ,
2016-08-09,30100.00 ,29600.00 ,29600.00 ,30100.00 ,,,808.50 ,5553.00 ,,2627.00 ,
2016-08-10,30100.00 ,29600.00 ,29600.00 ,30100.00 ,,,810.00 ,5360.00 ,,2626.00 ,
2016-08-11,30200.00 ,29700.00 ,29700.00 ,30200.00 ,,,815.00 ,5418.00 ,,2630.00 ,
2016-08-12,30200.00 ,29700.00 ,29700.00 ,30200.00 ,,,813.00 ,5316.00 ,,2632.00 ,
2016-08-15,30000.00 ,29500.00 ,29500.00 ,30000.00 ,,,865.00 ,5458.00 ,,2632.00 ,
2016-08-16,29900.00 ,29400.00 ,29400.00 ,29900.00 ,,,877.00 ,5496.00 ,,2632.00 ,
2016-08-17,30000.00 ,29500.00 ,29500.00 ,30000.00 ,,,866.00 ,5592.00 ,,2634.00 ,
2016-08-18,30000.00 ,29500.00 ,29500.00 ,30000.00 ,,,845.00 ,5409.00 ,,2634.00 ,
2016-08-19,30000.00 ,29500.00 ,29500.00 ,30000.00 ,,,848.50 ,5457.00 ,,2634.00 ,
2016-08-22,30000.00 ,29500.00 ,29500.00 ,30000.00 ,,,857.50 ,5520.00 ,,2634.00 ,
2016-08-23,29900.00 ,29400.00 ,29400.00 ,29900.00 ,,,868.50 ,5505.00 ,,2504.00 ,
2016-08-24,29600.00 ,29100.00 ,29100.00 ,29600.00 ,,,867.00 ,5725.00 ,,2604.00 ,
2016-08-25,29100.00 ,28600.00 ,28600.00 ,29100.00 ,,,859.00 ,5433.00 ,,2546.00 ,
2016-08-26,29200.00 ,28700.00 ,28700.00 ,29200.00 ,,,861.50 ,5536.00 ,,2610.00 ,
2016-08-29,29200.00 ,28700.00 ,28700.00 ,29200.00 ,,,874.00 ,,,2526.00 ,
2016-08-30,29200.00 ,28700.00 ,28700.00 ,29200.00 ,,,883.00 ,5660.00 ,,2553.00 ,
2016-08-31,29100.00 ,28600.00 ,28600.00 ,29100.00 ,4138.00 ,1106.00 ,859.50 ,5497.00 ,314981.00 ,2551.00 ,
2016-09-01,29200.00 ,28700.00 ,28700.00 ,29200.00 ,,,876.50 ,5509.00 ,,2622.00 ,
2016-09-02,29300.00 ,28800.00 ,28800.00 ,29300.00 ,,,901.00 ,5552.00 ,,2625.00 ,
2016-09-05,29300.00 ,28800.00 ,28800.00 ,29300.00 ,,,936.50 ,5727.00 ,,2627.00 ,
2016-09-06,29500.00 ,28900.00 ,28900.00 ,29300.00 ,,,946.00 ,5712.00 ,,2627.00 ,
2016-09-07,29700.00 ,29100.00 ,29100.00 ,29500.00 ,,,903.50 ,5783.00 ,,2631.00 ,
2016-09-08,29700.00 ,29100.00 ,29100.00 ,29500.00 ,,,909.50 ,5818.00 ,,2661.00 ,
2016-09-09,29700.00 ,29100.00 ,29100.00 ,29500.00 ,,,902.00 ,5725.00 ,,2566.00 ,
2016-09-12,29400.00 ,28800.00 ,28800.00 ,29200.00 ,,,865.50 ,5721.00 ,,2637.00 ,
2016-09-13,29400.00 ,28800.00 ,28800.00 ,29200.00 ,,,855.00 ,5584.00 ,,2640.00 ,
2016-09-14,29500.00 ,28900.00 ,28900.00 ,29300.00 ,,,866.50 ,5544.00 ,,2556.00 ,
2016-09-19,29800.00 ,29200.00 ,29200.00 ,29600.00 ,,,891.50 ,5475.00 ,,2680.00 ,
2016-09-20,29900.00 ,29300.00 ,29300.00 ,29700.00 ,,,926.50 ,5612.00 ,,2680.00 ,
2016-09-21,29900.00 ,29300.00 ,29300.00 ,29700.00 ,,,931.50 ,5618.00 ,,2680.00 ,
2016-09-22,30200.00 ,29600.00 ,29600.00 ,30000.00 ,,,921.50 ,5630.00 ,,2680.00 ,
2016-09-23,30300.00 ,29700.00 ,29700.00 ,30100.00 ,,,943.00 ,5472.00 ,,2586.00 ,
2016-09-26,30300.00 ,29700.00 ,29700.00 ,30100.00 ,,,963.00 ,5571.00 ,,2664.00 ,
2016-09-27,30100.00 ,29500.00 ,29500.00 ,29900.00 ,,,960.50 ,5502.00 ,,2666.00 ,
2016-09-28,30100.00 ,29500.00 ,29500.00 ,29900.00 ,,,970.50 ,5576.00 ,,2661.00 ,
2016-09-29,30500.00 ,29900.00 ,29900.00 ,30300.00 ,,,999.50 ,5686.00 ,,2675.00 ,
2016-09-30,30300.00 ,29700.00 ,29700.00 ,30100.00 ,3612.00 ,952.00 ,1011.50 ,5560.00 ,301114.00 ,2675.00 ,
2016-10-10,30500.00 ,29900.00 ,29900.00 ,30300.00 ,,,1023.00 ,5452.00 ,,2675.00 ,
2016-10-11,30800.00 ,30400.00 ,30700.00 ,30700.00 ,,,1041.00 ,5545.00 ,,2675.00 ,
2016-10-12,30800.00 ,30400.00 ,30700.00 ,30700.00 ,,,1063.00 ,5641.00 ,,2675.00 ,
2016-10-13,30800.00 ,30400.00 ,30700.00 ,30700.00 ,,,1059.50 ,5817.00 ,,2675.00 ,
2016-10-14,30400.00 ,30000.00 ,30300.00 ,30300.00 ,,,1111.00 ,5878.00 ,,2675.00 ,
2016-10-17,30300.00 ,29900.00 ,30200.00 ,30200.00 ,,,1156.00 ,5813.00 ,,2675.00 ,
2016-10-18,30300.00 ,29900.00 ,30200.00 ,30200.00 ,,,1180.50 ,5747.00 ,,2675.00 ,
2016-10-19,30300.00 ,29900.00 ,30200.00 ,30200.00 ,,,1228.50 ,5980.00 ,,2675.00 ,
2016-10-20,30300.00 ,29900.00 ,30200.00 ,30200.00 ,,,1213.00 ,5927.00 ,,2675.00 ,
2016-10-21,30300.00 ,29900.00 ,30200.00 ,30200.00 ,,,1235.00 ,5866.00 ,,2675.00 ,
2016-10-24,30400.00 ,30000.00 ,30300.00 ,30300.00 ,,,1243.50 ,5978.00 ,,2718.00 ,
2016-10-25,31100.00 ,30700.00 ,31000.00 ,31000.00 ,,,1300.00 ,6039.00 ,,2667.00 ,
2016-10-26,31100.00 ,30700.00 ,31000.00 ,31000.00 ,,,1277.50 ,5989.00 ,,2667.00 ,
2016-10-27,31000.00 ,30600.00 ,30900.00 ,30900.00 ,,,1244.00 ,5825.00 ,,2667.00 ,
2016-10-28,31300.00 ,30900.00 ,31200.00 ,31200.00 ,,,1307.50 ,5713.00 ,,2667.00 ,
2016-10-31,31400.00 ,31000.00 ,31300.00 ,31300.00 ,3555.00 ,925.00 ,1306.50 ,5875.00 ,235635.00 ,2667.00 ,
2016-11-01,31600.00 ,31200.00 ,31500.00 ,31500.00 ,,,1313.00 ,5777.00 ,,2779.00 ,
2016-11-02,31700.00 ,31300.00 ,31600.00 ,31600.00 ,,,1304.50 ,5930.00 ,,2817.00 ,
2016-11-03,31700.00 ,31300.00 ,31600.00 ,31600.00 ,,,1336.00 ,5719.00 ,,2825.00 ,
2016-11-04,31900.00 ,31500.00 ,31800.00 ,31800.00 ,,,1405.50 ,5869.00 ,,2818.00 ,
2016-11-07,32500.00 ,32100.00 ,32400.00 ,32400.00 ,,,1516.00 ,5714.00 ,,2794.00 ,
2016-11-08,33000.00 ,32600.00 ,32900.00 ,32900.00 ,,,1422.50 ,5978.00 ,,2760.00 ,
2016-11-09,34000.00 ,33600.00 ,33900.00 ,33900.00 ,,,1559.00 ,6174.00 ,,2747.00 ,
2016-11-10,37400.00 ,37000.00 ,37300.00 ,37300.00 ,,,1495.50 ,5516.00 ,,2880.00 ,
2016-11-11,37400.00 ,37000.00 ,37300.00 ,37300.00 ,,,1563.00 ,6001.00 ,,2927.00 ,
2016-11-14,38800.00 ,38400.00 ,38700.00 ,38700.00 ,,,1644.00 ,7312.00 ,,2860.00 ,
2016-11-15,38600.00 ,38200.00 ,38500.00 ,38500.00 ,,,1509.50 ,8249.00 ,,2969.00 ,
2016-11-16,36800.00 ,36400.00 ,36700.00 ,36700.00 ,,,1569.00 ,6379.00 ,,3035.00 ,
2016-11-17,36500.00 ,36100.00 ,36400.00 ,36400.00 ,,,1558.00 ,6746.00 ,,2998.00 ,
2016-11-18,36500.00 ,36100.00 ,36400.00 ,36400.00 ,,,1485.00 ,6608.00 ,,3000.00 ,
2016-11-21,37000.00 ,36600.00 ,36900.00 ,36900.00 ,,,1483.00 ,6345.00 ,,3017.00 ,
2016-11-22,38200.00 ,37800.00 ,38100.00 ,38100.00 ,,,1598.50 ,6785.00 ,,3036.00 ,
2016-11-23,38200.00 ,37800.00 ,38100.00 ,38100.00 ,,,1566.00 ,7106.00 ,,3033.00 ,
2016-11-24,40900.00 ,40500.00 ,40800.00 ,40800.00 ,,,1544.00 ,6883.00 ,,3035.00 ,
2016-11-25,40300.00 ,39900.00 ,40200.00 ,40200.00 ,,,1582.00 ,7511.00 ,,3166.00 ,
2016-11-28,41000.00 ,40600.00 ,40900.00 ,40900.00 ,,,1588.50 ,7233.00 ,,3280.00 ,
2016-11-29,39900.00 ,39500.00 ,39800.00 ,39800.00 ,,,1501.00 ,8081.00 ,,3269.00 ,
2016-11-30,39100.00 ,38700.00 ,39000.00 ,39000.00 ,3797.00 ,803.60 ,1294.50 ,6919.00 ,327690.00 ,3320.00 ,
2016-12-01,39300.00 ,38900.00 ,39200.00 ,39200.00 ,,,1306.50 ,6779.00 ,,3425.00 ,
2016-12-02,39000.00 ,38600.00 ,38900.00 ,38900.00 ,,,1276.00 ,6623.00 ,,3576.00 ,
2016-12-05,39500.00 ,39100.00 ,39400.00 ,39400.00 ,,,1292.50 ,6701.00 ,,3727.00 ,
2016-12-06,40000.00 ,39600.00 ,39900.00 ,39900.00 ,,,1280.00 ,7148.00 ,,3818.00 ,
2016-12-07,40000.00 ,39600.00 ,39900.00 ,39900.00 ,,,1344.00 ,6809.00 ,,3973.00 ,
2016-12-08,39400.00 ,39000.00 ,39300.00 ,39300.00 ,,,1317.00 ,7066.00 ,,4124.00 ,
2016-12-09,39400.00 ,39000.00 ,38900.00 ,39300.00 ,,,1289.00 ,6653.00 ,,4209.00 ,
2016-12-12,40100.00 ,39800.00 ,39500.00 ,40000.00 ,,,1242.00 ,7398.00 ,,4400.00 ,
2016-12-13,39400.00 ,39100.00 ,38800.00 ,39300.00 ,,,1258.00 ,7074.00 ,,4575.00 ,
2016-12-14,39000.00 ,38700.00 ,38400.00 ,38900.00 ,,,1271.00 ,6794.00 ,,4502.00 ,
2016-12-15,39300.00 ,39000.00 ,38700.00 ,39200.00 ,,,1288.00 ,6787.00 ,,4294.00 ,
2016-12-16,39200.00 ,38900.00 ,38600.00 ,39100.00 ,,,1260.00 ,7025.00 ,,4081.00 ,
2016-12-19,38500.00 ,38200.00 ,37900.00 ,38400.00 ,,,1293.50 ,7273.00 ,,4133.00 ,
2016-12-20,37400.00 ,37100.00 ,36800.00 ,37300.00 ,,,1328.50 ,6757.00 ,,4082.00 ,
2016-12-21,38400.00 ,38100.00 ,37800.00 ,38300.00 ,,,1329.00 ,6657.00 ,,4140.00 ,
2016-12-22,37500.00 ,37200.00 ,37800.00 ,37400.00 ,,,1255.00 ,6917.00 ,,4003.00 ,
2016-12-23,37400.00 ,37100.00 ,37800.00 ,37300.00 ,,,1248.00 ,6394.00 ,,4104.00 ,
2016-12-26,36500.00 ,36200.00 ,36900.00 ,36400.00 ,,,1173.50 ,5596.00 ,,4179.00 ,
2016-12-27,36900.00 ,36600.00 ,37400.00 ,36800.00 ,,,1177.00 ,5955.00 ,,4212.00 ,
2016-12-28,38100.00 ,37800.00 ,38600.00 ,38000.00 ,,,1168.00 ,6928.00 ,,4421.00 ,
2016-12-29,37900.00 ,37600.00 ,38400.00 ,37800.00 ,,,1172.50 ,6819.00 ,,4472.00 ,
2016-12-30,37800.00 ,37500.00 ,38300.00 ,37700.00 ,,,1177.00 ,6980.00 ,,4487.00 ,
2016-12-31,,,,,4235.80 ,650.50 ,,,328594.00 ,,
2017-01-03,38500.00 ,38200.00 ,39000.00 ,38400.00 ,,,1125.50 ,7188.00 ,,4560.00 ,
2017-01-04,37700.00 ,37400.00 ,38200.00 ,37600.00 ,,,1138.50 ,6677.00 ,,4345.00 ,
2017-01-05,38300.00 ,38000.00 ,38800.00 ,38200.00 ,,,1146.50 ,6412.00 ,,4326.00 ,
2017-01-06,38000.00 ,37700.00 ,38500.00 ,37900.00 ,,,1161.50 ,6955.00 ,,4396.00 ,
2017-01-09,38200.00 ,37900.00 ,38700.00 ,38100.00 ,,,1199.00 ,6602.00 ,,4450.00 ,
2017-01-10,38200.00 ,37900.00 ,38700.00 ,38100.00 ,,,1268.00 ,,,4230.00 ,
2017-01-11,39500.00 ,39200.00 ,40000.00 ,39400.00 ,,,1247.50 ,,,4260.00 ,
2017-01-12,39600.00 ,39300.00 ,40100.00 ,39500.00 ,,,1245.00 ,,,4267.00 ,
2017-01-13,40000.00 ,39700.00 ,40500.00 ,39900.00 ,,,1263.50 ,,,4345.00 ,
2017-01-16,40200.00 ,39900.00 ,40700.00 ,40100.00 ,,,1325.50 ,,,4364.00 ,
2017-01-17,39700.00 ,39400.00 ,40200.00 ,39600.00 ,,,1221.50 ,,,4399.00 ,
2017-01-18,38900.00 ,38600.00 ,39400.00 ,38800.00 ,,,1224.00 ,,,4464.00 ,
2017-01-19,39100.00 ,38800.00 ,39600.00 ,39000.00 ,,,1234.00 ,,,4479.00 ,
2017-01-20,39000.00 ,38700.00 ,39500.00 ,38900.00 ,,,1179.00 ,,,4413.00 ,
2017-01-23,39500.00 ,39200.00 ,40000.00 ,39400.00 ,,,1180.50 ,,,4393.00 ,
2017-01-24,39500.00 ,39200.00 ,40000.00 ,39400.00 ,,,1214.00 ,,,4414.00 ,
2017-01-25,40000.00 ,39700.00 ,40500.00 ,39900.00 ,,,1200.00 ,,,4400.00 ,
2017-01-26,40000.00 ,39700.00 ,40500.00 ,39900.00 ,,,1260.00 ,,,4442.00 ,
2017-01-31,,,,,,,,,275942.00 ,,
2017-02-03,39800.00 ,39500.00 ,40300.00 ,39700.00 ,,,1172.00 ,,,4458.00 ,
2017-02-06,39500.00 ,39200.00 ,40000.00 ,39400.00 ,,,1154.50 ,,,4453.00 ,
2017-02-07,39400.00 ,39100.00 ,39900.00 ,39300.00 ,,,1164.00 ,,,4477.00 ,
2017-02-08,40200.00 ,39900.00 ,40700.00 ,40100.00 ,,,1175.00 ,,,4476.00 ,
2017-02-09,40200.00 ,39900.00 ,40700.00 ,40100.00 ,,,1132.00 ,,,4493.00 ,
2017-02-10,39900.00 ,39600.00 ,40400.00 ,39800.00 ,,,1158.00 ,,,4512.00 ,
2017-02-13,42600.00 ,42300.00 ,43100.00 ,42500.00 ,,,1204.50 ,,,4521.00 ,
2017-02-14,42400.00 ,42100.00 ,42900.00 ,42300.00 ,,,1224.50 ,,,4417.00 ,
2017-02-15,41500.00 ,41200.00 ,42000.00 ,41400.00 ,,,1214.00 ,,,4227.00 ,
2017-02-16,42000.00 ,41700.00 ,42500.00 ,41900.00 ,,,1223.00 ,,,4084.00 ,
2017-02-17,41600.00 ,41300.00 ,42100.00 ,41500.00 ,,,1235.50 ,,,4015.00 ,
2017-02-20,41500.00 ,41200.00 ,42000.00 ,41400.00 ,,,1280.00 ,,,3946.00 ,
2017-02-21,42100.00 ,41800.00 ,42600.00 ,42000.00 ,,,1268.00 ,,,3839.00 ,
2017-02-22,41800.00 ,41500.00 ,42300.00 ,41700.00 ,,,1223.50 ,,,3866.00 ,
2017-02-23,41600.00 ,41300.00 ,42100.00 ,41500.00 ,,,1219.00 ,,,3899.00 ,
2017-02-24,40500.00 ,40200.00 ,41000.00 ,40400.00 ,,,1257.50 ,,,3875.00 ,
2017-02-27,41000.00 ,40700.00 ,41500.00 ,40900.00 ,,,1266.00 ,,,3857.00 ,
2017-02-28,40900.00 ,40600.00 ,41400.00 ,40800.00 ,,,1249.50 ,,272958.00 ,3918.00 ,
2017-03-01,41000.00 ,40700.00 ,41500.00 ,40900.00 ,,,1327.00 ,,,3920.00 ,
2017-03-02,41200.00 ,40900.00 ,41700.00 ,41100.00 ,,,1318.50 ,,,3885.00 ,
2017-03-03,40600.00 ,40300.00 ,41100.00 ,40500.00 ,,,1310.50 ,,,3755.00 ,
2017-03-06,41000.00 ,40700.00 ,41500.00 ,40900.00 ,,,1309.50 ,,,3760.00 ,
2017-03-07,40500.00 ,40200.00 ,41000.00 ,40400.00 ,,,1303.50 ,,,3808.00 ,
2017-03-08,40200.00 ,39900.00 ,40700.00 ,40100.00 ,,,1294.00 ,,,3825.00 ,
2017-03-09,39800.00 ,39500.00 ,40300.00 ,39700.00 ,,,1304.50 ,,,3825.00 ,
2017-03-10,39600.00 ,39300.00 ,40100.00 ,39500.00 ,,,1273.50 ,,,3778.00 ,
2017-03-13,39900.00 ,39600.00 ,40400.00 ,39800.00 ,,,1318.00 ,,,3811.00 ,
2017-03-14,40100.00 ,39800.00 ,40600.00 ,40000.00 ,,,1313.00 ,,,3823.00 ,
2017-03-15,40300.00 ,40000.00 ,40800.00 ,40200.00 ,,,1304.50 ,,,3731.00 ,
2017-03-16,40600.00 ,40300.00 ,41100.00 ,40500.00 ,,,1298.00 ,,,3742.00 ,
2017-03-17,40600.00 ,40300.00 ,41100.00 ,40500.00 ,,,1275.50 ,,,3712.00 ,
2017-03-20,40600.00 ,40300.00 ,41100.00 ,40500.00 ,,,1307.00 ,,,3769.00 ,
2017-03-21,40600.00 ,40300.00 ,41100.00 ,40500.00 ,,,1301.50 ,,,3750.00 ,
2017-03-22,39400.00 ,39100.00 ,39500.00 ,39200.00 ,,,1272.00 ,,,3750.00 ,
2017-03-23,39900.00 ,39600.00 ,40000.00 ,39700.00 ,,,1306.50 ,,,3720.00 ,
2017-03-24,39750.00 ,39450.00 ,39850.00 ,39550.00 ,,,1291.00 ,,,3731.00 ,
2017-03-27,38550.00 ,38250.00 ,38650.00 ,38350.00 ,,,1234.00 ,,,3730.00 ,
2017-03-28,38950.00 ,38650.00 ,39050.00 ,38750.00 ,,,1228.50 ,,,3892.00 ,
2017-03-29,39850.00 ,39550.00 ,39950.00 ,39650.00 ,,,1277.00 ,,,3815.00 ,
2017-03-30,39850.00 ,39550.00 ,39950.00 ,39650.00 ,,,1281.00 ,,,3915.00 ,
2017-03-31,39850.00 ,39550.00 ,39950.00 ,39650.00 ,3960.80 ,725.20 ,1235.00 ,,358063.00 ,3658.00 ,
2017-04-05,39600.00 ,39300.00 ,39700.00 ,39400.00 ,,,1324.50 ,,,3678.00 ,
2017-04-06,40100.00 ,39800.00 ,40200.00 ,39900.00 ,,,1343.00 ,,,3678.00 ,
2017-04-07,40000.00 ,39700.00 ,40100.00 ,39800.00 ,,,1283.50 ,,,3678.00 ,
2017-04-10,39500.00 ,39200.00 ,39600.00 ,39300.00 ,,,1264.50 ,,,3678.00 ,
2017-04-11,39200.00 ,38900.00 ,39300.00 ,39000.00 ,,,1216.00 ,,,3678.00 ,
2017-04-12,39100.00 ,38800.00 ,39200.00 ,38900.00 ,,,1154.50 ,,,3600.00 ,
2017-04-13,38400.00 ,38100.00 ,38500.00 ,38200.00 ,,,1142.50 ,,,3699.00 ,
2017-04-14,38300.00 ,38000.00 ,38400.00 ,38100.00 ,,,1108.00 ,,,3699.00 ,
2017-04-17,38800.00 ,38500.00 ,38900.00 ,38600.00 ,,,1128.50 ,,,3699.00 ,
2017-04-18,38800.00 ,38500.00 ,38900.00 ,38600.00 ,,,1096.50 ,,,3699.00 ,
2017-04-19,38400.00 ,38100.00 ,38500.00 ,38200.00 ,,,1078.00 ,,,3699.00 ,
2017-04-20,38000.00 ,37700.00 ,38100.00 ,37800.00 ,,,1124.50 ,,,3699.00 ,
2017-04-21,38300.00 ,38000.00 ,38400.00 ,38100.00 ,,,1138.50 ,,,3699.00 ,
2017-04-24,38300.00 ,38000.00 ,38400.00 ,38100.00 ,,,1091.50 ,,,3699.00 ,
2017-04-25,38500.00 ,38200.00 ,38600.00 ,38300.00 ,,,1085.00 ,,,3699.00 ,
2017-04-26,38600.00 ,38300.00 ,38700.00 ,38400.00 ,,,1080.00 ,,,3699.00 ,
2017-04-27,38600.00 ,38300.00 ,38700.00 ,38400.00 ,,,1116.50 ,,,3699.00 ,
2017-04-28,38700.00 ,38400.00 ,38800.00 ,38500.00 ,,,1127.00 ,,,3699.00 ,
2017-04-30,,,,,3521.80 ,743.40 ,,,291037.00 ,,
2017-05-02,39200.00 ,38900.00 ,39300.00 ,39000.00 ,,,1141.00 ,,,3701.00 ,
2017-05-03,39100.00 ,38800.00 ,39200.00 ,38900.00 ,,,1106.00 ,,,3786.00 ,
2017-05-04,38000.00 ,37700.00 ,38100.00 ,37800.00 ,,,1049.50 ,,,3816.00 ,
2017-05-05,37800.00 ,37500.00 ,37900.00 ,37600.00 ,,,1020.00 ,,,3816.00 ,
2017-05-08,37500.00 ,37200.00 ,37600.00 ,37300.00 ,,,1039.00 ,,,3816.00 ,
2017-05-09,37300.00 ,37000.00 ,37400.00 ,37100.00 ,,,1046.50 ,,,3816.00 ,
2017-05-10,37400.00 ,37100.00 ,37500.00 ,37200.00 ,,,1066.00 ,,,3816.00 ,
2017-05-11,37500.00 ,37200.00 ,37600.00 ,37300.00 ,,,1025.50 ,,,3816.00 ,
2017-05-12,37400.00 ,37100.00 ,37500.00 ,37200.00 ,,,1013.50 ,,,3824.00 ,
2017-05-15,37700.00 ,37400.00 ,37800.00 ,37500.00 ,,,1019.50 ,,,3849.00 ,
2017-05-16,37700.00 ,37400.00 ,37800.00 ,37500.00 ,,,1029.00 ,,,3855.00 ,
2017-05-17,37800.00 ,37500.00 ,37900.00 ,37600.00 ,,,1047.50 ,,,3818.00 ,
2017-05-18,37400.00 ,37100.00 ,37500.00 ,37200.00 ,,,1029.00 ,,,3874.00 ,
2017-05-19,37700.00 ,37400.00 ,37800.00 ,37500.00 ,,,1048.50 ,,,3833.00 ,
2017-05-22,38300.00 ,38000.00 ,38400.00 ,38100.00 ,,,1048.00 ,,,3833.00 ,
2017-05-23,38400.00 ,38100.00 ,38500.00 ,38200.00 ,,,1075.00 ,,,3833.00 ,
2017-05-24,38200.00 ,37900.00 ,38300.00 ,38000.00 ,,,1037.50 ,,,3833.00 ,
2017-05-25,38300.00 ,38000.00 ,38400.00 ,38100.00 ,,,1051.00 ,,,3833.00 ,
2017-05-26,38300.00 ,38000.00 ,38400.00 ,38100.00 ,,,1033.00 ,,,3833.00 ,
2017-05-31,37900.00 ,37600.00 ,38000.00 ,37700.00 ,3553.00 ,886.00 ,949.00 ,,314445.00 ,3978.00 ,
2017-06-01,37700.00 ,37400.00 ,37800.00 ,37500.00 ,,,950.50 ,,,3829.00 ,
2017-06-02,37700.00 ,37400.00 ,37800.00 ,37500.00 ,,,940.00 ,,,4010.00 ,
2017-06-05,37700.00 ,37400.00 ,37800.00 ,37500.00 ,,,958.50 ,,,4010.00 ,
2017-06-06,37600.00 ,37300.00 ,37700.00 ,37400.00 ,,,969.00 ,,,4010.00 ,
2017-06-07,37600.00 ,37300.00 ,37700.00 ,37400.00 ,,,971.50 ,,,4010.00 ,
2017-06-08,37400.00 ,37100.00 ,37500.00 ,37200.00 ,,,969.00 ,,,4010.00 ,
2017-06-09,38200.00 ,37900.00 ,38300.00 ,38000.00 ,,,951.00 ,,,4010.00 ,
2017-06-12,38700.00 ,38400.00 ,38800.00 ,38500.00 ,,,966.50 ,,,4010.00 ,
2017-06-13,38400.00 ,38100.00 ,38500.00 ,38200.00 ,,,954.00 ,,,4010.00 ,
2017-06-14,38000.00 ,37700.00 ,38100.00 ,37800.00 ,,,985.00 ,,,3911.00 ,
2017-06-15,37900.00 ,37600.00 ,38000.00 ,37700.00 ,,,968.00 ,,,3987.00 ,
2017-06-16,38100.00 ,37800.00 ,38200.00 ,37900.00 ,,,964.00 ,,,3864.00 ,
2017-06-19,37900.00 ,37600.00 ,38000.00 ,37700.00 ,,,998.50 ,,,4079.00 ,
2017-06-20,38100.00 ,37800.00 ,38200.00 ,37900.00 ,,,1014.50 ,,,3903.00 ,
2017-06-21,37800.00 ,37500.00 ,37900.00 ,37600.00 ,,,1029.50 ,,,3847.00 ,
2017-06-22,37800.00 ,37500.00 ,37900.00 ,37600.00 ,,,1032.50 ,,,3963.00 ,
2017-06-23,38300.00 ,38000.00 ,38400.00 ,38100.00 ,,,1041.50 ,,,3783.00 ,
2017-06-26,38800.00 ,38500.00 ,38900.00 ,38600.00 ,,,1022.50 ,,,3778.00 ,
2017-06-27,38800.00 ,38500.00 ,38900.00 ,38600.00 ,,,1049.50 ,,,3790.00 ,
2017-06-28,39000.00 ,38700.00 ,39100.00 ,38800.00 ,,,1077.50 ,,,3790.00 ,
2017-06-29,39700.00 ,39400.00 ,39800.00 ,39500.00 ,,,1132.00 ,,,3790.00 ,
2017-06-30,39600.00 ,39300.00 ,39700.00 ,39400.00 ,3710.00 ,1044.00 ,1119.50 ,,339753.00 ,3790.00 ,
2017-07-03,39600.00 ,39300.00 ,39700.00 ,39400.00 ,,,1147.00 ,,,3790.00 ,
2017-07-04,39400.00 ,39100.00 ,39500.00 ,39200.00 ,,,1103.50 ,,,3790.00 ,
2017-07-05,39600.00 ,39300.00 ,39700.00 ,39400.00 ,,,1122.50 ,,,3790.00 ,
2017-07-06,39300.00 ,39000.00 ,39400.00 ,39100.00 ,,,1123.50 ,,,3790.00 ,
2017-07-07,39300.00 ,39000.00 ,39400.00 ,39100.00 ,,,1128.00 ,,,3790.00 ,
2017-07-10,39300.00 ,39000.00 ,39400.00 ,39100.00 ,,,1128.50 ,,,3790.00 ,
2017-07-11,39200.00 ,38900.00 ,39300.00 ,39000.00 ,,,1151.50 ,,,3790.00 ,
2017-07-12,39500.00 ,39200.00 ,39600.00 ,39300.00 ,,,1139.00 ,,,3790.00 ,
2017-07-13,39500.00 ,39200.00 ,39600.00 ,39300.00 ,,,1183.50 ,,,3790.00 ,
2017-07-14,39400.00 ,39100.00 ,39500.00 ,39200.00 ,,,1169.50 ,,,3790.00 ,
2017-07-17,39700.00 ,39400.00 ,39800.00 ,39500.00 ,,,1222.00 ,,,3790.00 ,
2017-07-18,40200.00 ,39900.00 ,40300.00 ,40000.00 ,,,1243.50 ,,,3790.00 ,
2017-07-19,40000.00 ,39700.00 ,40100.00 ,39800.00 ,,,1255.00 ,,,3790.00 ,
2017-07-20,40100.00 ,39800.00 ,40200.00 ,39900.00 ,,,1240.50 ,,,3790.00 ,
2017-07-21,40200.00 ,39900.00 ,40300.00 ,40000.00 ,,,1262.00 ,,,3790.00 ,
2017-07-24,40200.00 ,39900.00 ,40300.00 ,40000.00 ,,,1243.00 ,,,3790.00 ,
2017-07-25,40500.00 ,40200.00 ,40600.00 ,40300.00 ,,,1262.00 ,,,3790.00 ,
2017-07-26,42000.00 ,41700.00 ,42100.00 ,41800.00 ,,,1269.50 ,,,3790.00 ,
2017-07-27,42400.00 ,42100.00 ,42500.00 ,42200.00 ,,,1283.00 ,,,3790.00 ,
2017-07-28,42400.00 ,42100.00 ,42500.00 ,42200.00 ,,,1271.50 ,,,3790.00 ,
2017-07-31,42700.00 ,42400.00 ,42800.00 ,42500.00 ,4334.00 ,1246.00 ,1344.00 ,,,3790.00 ,
2017-08-01,42700.00 ,42400.00 ,42800.00 ,42500.00 ,,,1321.00 ,,,3790.00 ,
2017-08-02,42400.00 ,42100.00 ,42500.00 ,42200.00 ,,,1339.50 ,,,3978.00 ,
2017-08-03,42800.00 ,42500.00 ,42900.00 ,42600.00 ,,,1287.50 ,,,3830.00 ,
2017-08-04,42700.00 ,42400.00 ,42800.00 ,42500.00 ,,,1261.00 ,,,3830.00 ,
2017-08-07,,,,,,,1242.50 ,,,3830.00 ,
2017-08-08,,,,,,,1281.50 ,,,3638.00 ,
2017-08-09,,,,,,,1335.50 ,,,3653.00 ,
2017-08-10,,,,,,,1334.50 ,,,3835.00 ,
2017-08-11,42300.00 ,42000.00 ,42400.00 ,42100.00 ,,,1327.50 ,,,3835.00 ,
2017-08-14,42500.00 ,42200.00 ,42600.00 ,42300.00 ,,,1299.50 ,,,3835.00 ,
2017-08-15,42600.00 ,42300.00 ,42700.00 ,42400.00 ,,,1334.00 ,,,3835.00 ,
2017-08-16,42400.00 ,42100.00 ,42500.00 ,42200.00 ,,,1358.00 ,,,3835.00 ,
2017-08-17,43600.00 ,43300.00 ,43700.00 ,43400.00 ,,,1455.50 ,,,3938.00 ,
2017-08-18,43000.00 ,42700.00 ,43100.00 ,42800.00 ,,,,,,,
