"corp_name","report_period","营业总收入"
"北京顺鑫农业股份有限公司",2010-03-31,1970619216.62
"北京顺鑫农业股份有限公司",2010-06-30,3416517863.56
"北京顺鑫农业股份有限公司",2010-09-30,4896833111.31
"北京顺鑫农业股份有限公司",2010-12-31,6268401059.55
"北京顺鑫农业股份有限公司",2011-03-31,2002213216.26
"北京顺鑫农业股份有限公司",2011-06-30,3698620293.75
"北京顺鑫农业股份有限公司",2011-09-30,5606763762.66
"北京顺鑫农业股份有限公司",2011-12-31,7580206465.16
"北京顺鑫农业股份有限公司",2012-03-31,2487491460.94
"北京顺鑫农业股份有限公司",2012-06-30,4541073914.91
"北京顺鑫农业股份有限公司",2012-09-30,6392674603.57
"北京顺鑫农业股份有限公司",2012-12-31,8341954741.39
"北京顺鑫农业股份有限公司",2013-03-31,2599894163.82
"北京顺鑫农业股份有限公司",2013-06-30,4788040197.54
"北京顺鑫农业股份有限公司",2013-09-30,6560563104.36
"北京顺鑫农业股份有限公司",2013-12-31,9072355382.26
"北京顺鑫农业股份有限公司",2014-03-31,3206482196.3
"北京顺鑫农业股份有限公司",2014-06-30,5801557254.22
"北京顺鑫农业股份有限公司",2014-09-30,7142063619.62
"北京顺鑫农业股份有限公司",2014-12-31,9480664077.56
"北京顺鑫农业股份有限公司",2015-03-31,3234360076.67
"北京顺鑫农业股份有限公司",2015-06-30,5744529495.43
"北京顺鑫农业股份有限公司",2015-09-30,7531461867.17
"北京顺鑫农业股份有限公司",2015-12-31,9637423354.44
"北京顺鑫农业股份有限公司",2016-03-31,3633694156.43
"北京顺鑫农业股份有限公司",2016-06-30,6267691852.63
"北京顺鑫农业股份有限公司",2016-09-30,8779576324.84
"北京顺鑫农业股份有限公司",2016-12-31,11197229070.59
"北京顺鑫农业股份有限公司",2017-03-31,3843313242.97
"河北衡水老白干酒业股份有限公司",2010-03-31,248276216.92
"河北衡水老白干酒业股份有限公司",2010-06-30,492944632.92
"河北衡水老白干酒业股份有限公司",2010-09-30,809743939.02
"河北衡水老白干酒业股份有限公司",2010-12-31,1166056157.57
"河北衡水老白干酒业股份有限公司",2011-03-31,395028848.26
"河北衡水老白干酒业股份有限公司",2011-06-30,608198328.75
"河北衡水老白干酒业股份有限公司",2011-09-30,981652527.45
"河北衡水老白干酒业股份有限公司",2011-12-31,1413694770.14
"河北衡水老白干酒业股份有限公司",2012-03-31,364045523.29
"河北衡水老白干酒业股份有限公司",2012-06-30,728007210.57
"河北衡水老白干酒业股份有限公司",2012-09-30,1215951318.7
"河北衡水老白干酒业股份有限公司",2012-12-31,1666270390.68
"河北衡水老白干酒业股份有限公司",2013-03-31,479402886.43
"河北衡水老白干酒业股份有限公司",2013-06-30,805991885.85
"河北衡水老白干酒业股份有限公司",2013-09-30,1211570316.82
"河北衡水老白干酒业股份有限公司",2013-12-31,1802703972.76
"河北衡水老白干酒业股份有限公司",2014-03-31,445741493.8
"河北衡水老白干酒业股份有限公司",2014-06-30,664923300.71
"河北衡水老白干酒业股份有限公司",2014-09-30,1238083992.01
"河北衡水老白干酒业股份有限公司",2014-12-31,2109156606.01
"河北衡水老白干酒业股份有限公司",2015-03-31,612975193.29
"河北衡水老白干酒业股份有限公司",2015-06-30,914693843.83
"河北衡水老白干酒业股份有限公司",2015-09-30,1520159462.74
"河北衡水老白干酒业股份有限公司",2015-12-31,2335805290.45
"河北衡水老白干酒业股份有限公司",2016-03-31,677020820.61
"河北衡水老白干酒业股份有限公司",2016-06-30,1042928447.48
"河北衡水老白干酒业股份有限公司",2016-09-30,1655704246.64
"河北衡水老白干酒业股份有限公司",2016-12-31,2438332546.52
"河北衡水老白干酒业股份有限公司",2017-03-31,694976438.69
"山西杏花村汾酒厂股份有限公司",2010-03-31,1032526652.57
"山西杏花村汾酒厂股份有限公司",2010-06-30,1609207594.98
"山西杏花村汾酒厂股份有限公司",2010-09-30,2392606141.49
"山西杏花村汾酒厂股份有限公司",2010-12-31,3016625047.55
"山西杏花村汾酒厂股份有限公司",2011-03-31,1872396238.86
"山西杏花村汾酒厂股份有限公司",2011-06-30,2894818754.24
"山西杏花村汾酒厂股份有限公司",2011-09-30,3563657263.06
"山西杏花村汾酒厂股份有限公司",2011-12-31,4488148103.84
"山西杏花村汾酒厂股份有限公司",2012-03-31,2214014117.78
"山西杏花村汾酒厂股份有限公司",2012-06-30,3815652139.95
"山西杏花村汾酒厂股份有限公司",2012-09-30,5250978371.48
"山西杏花村汾酒厂股份有限公司",2012-12-31,6478763909.72
"山西杏花村汾酒厂股份有限公司",2013-03-31,2795167569.33
"山西杏花村汾酒厂股份有限公司",2013-06-30,4064597603.5
"山西杏花村汾酒厂股份有限公司",2013-09-30,5305009038.84
"山西杏花村汾酒厂股份有限公司",2013-12-31,6087199948.02
"山西杏花村汾酒厂股份有限公司",2014-03-31,1557415685.84
"山西杏花村汾酒厂股份有限公司",2014-06-30,2299769957.83
"山西杏花村汾酒厂股份有限公司",2014-09-30,3009497031.55
"山西杏花村汾酒厂股份有限公司",2014-12-31,3916067368.51
"山西杏花村汾酒厂股份有限公司",2015-03-31,1435576590.33
"山西杏花村汾酒厂股份有限公司",2015-06-30,2245790434.92
"山西杏花村汾酒厂股份有限公司",2015-09-30,3075580128.86
"山西杏花村汾酒厂股份有限公司",2015-12-31,4128558454.69
"山西杏花村汾酒厂股份有限公司",2016-03-31,1470742089.8
"山西杏花村汾酒厂股份有限公司",2016-06-30,2423189058.88
"山西杏花村汾酒厂股份有限公司",2016-09-30,3400593440.79
"山西杏花村汾酒厂股份有限公司",2016-12-31,4404948311.55
"山西杏花村汾酒厂股份有限公司",2017-03-31,2180892582.12
"江苏洋河酒厂股份有限公司",2010-03-31,1933433793.76
"江苏洋河酒厂股份有限公司",2010-06-30,3487100334.32
"江苏洋河酒厂股份有限公司",2010-09-30,5554300159.79
"江苏洋河酒厂股份有限公司",2010-12-31,7619092696.22
"江苏洋河酒厂股份有限公司",2011-03-31,3633800730.28
"江苏洋河酒厂股份有限公司",2011-06-30,6171743874.03
"江苏洋河酒厂股份有限公司",2011-09-30,9697320356.4
"江苏洋河酒厂股份有限公司",2011-12-31,12740921687.6
"江苏洋河酒厂股份有限公司",2012-03-31,5961705523.68
"江苏洋河酒厂股份有限公司",2012-06-30,9309772422.09
"江苏洋河酒厂股份有限公司",2012-09-30,13996989330.97
"江苏洋河酒厂股份有限公司",2012-12-31,17270481272.53
"江苏洋河酒厂股份有限公司",2013-03-31,6322817289.74
"江苏洋河酒厂股份有限公司",2013-06-30,9410318067.08
"江苏洋河酒厂股份有限公司",2013-09-30,13053173028.81
"江苏洋河酒厂股份有限公司",2013-12-31,15023624944.56
"江苏洋河酒厂股份有限公司",2014-03-31,5669736627.54
"江苏洋河酒厂股份有限公司",2014-06-30,8653096950.3
"江苏洋河酒厂股份有限公司",2014-09-30,12305346980.52
"江苏洋河酒厂股份有限公司",2014-12-31,14672214730.18
"江苏洋河酒厂股份有限公司",2015-03-31,6259682602.64
"江苏洋河酒厂股份有限公司",2015-06-30,9571451211.53
"江苏洋河酒厂股份有限公司",2015-09-30,13661026388.95
"江苏洋河酒厂股份有限公司",2015-12-31,16052444099.28
"江苏洋河酒厂股份有限公司",2016-03-31,6843010210.81
"江苏洋河酒厂股份有限公司",2016-06-30,10193599291.72
"江苏洋河酒厂股份有限公司",2016-09-30,14667079390.71
"江苏洋河酒厂股份有限公司",2016-12-31,17183109620.08
"江苏洋河酒厂股份有限公司",2017-03-31,7588577705.68
"江苏今世缘酒业股份有限公司",2011-12-31,2242337828.2
"江苏今世缘酒业股份有限公司",2012-12-31,2593756842.88
"江苏今世缘酒业股份有限公司",2013-12-31,2515421678.4
"江苏今世缘酒业股份有限公司",2014-03-31,860587900
"江苏今世缘酒业股份有限公司",2014-06-30,1412513110.17
"江苏今世缘酒业股份有限公司",2014-09-30,1921039832.16
"江苏今世缘酒业股份有限公司",2014-12-31,2399737800.76
"江苏今世缘酒业股份有限公司",2015-03-31,873675369.81
"江苏今世缘酒业股份有限公司",2015-06-30,1442596682.22
"江苏今世缘酒业股份有限公司",2015-09-30,1911755956.95
"江苏今世缘酒业股份有限公司",2015-12-31,2424919303.12
"江苏今世缘酒业股份有限公司",2016-03-31,941380143.62
"江苏今世缘酒业股份有限公司",2016-06-30,1538480351.27
"江苏今世缘酒业股份有限公司",2016-09-30,2060363983.21
"江苏今世缘酒业股份有限公司",2016-12-31,2554378047.06
"江苏今世缘酒业股份有限公司",2017-03-31,1136596811.19
"安徽古井贡酒股份有限公司",2010-03-31,566478312.99
"安徽古井贡酒股份有限公司",2010-06-30,856347372.96
"安徽古井贡酒股份有限公司",2010-09-30,1245535379.9
"安徽古井贡酒股份有限公司",2010-12-31,1879155480.31
"安徽古井贡酒股份有限公司",2011-03-31,941428281.84
"安徽古井贡酒股份有限公司",2011-06-30,1583297669.82
"安徽古井贡酒股份有限公司",2011-09-30,2236809095.28
"安徽古井贡酒股份有限公司",2011-12-31,3307979236
"安徽古井贡酒股份有限公司",2012-03-31,1318602541.17
"安徽古井贡酒股份有限公司",2012-06-30,2227809202.69
"安徽古井贡酒股份有限公司",2012-09-30,3258492585.56
"安徽古井贡酒股份有限公司",2012-12-31,4197057315.26
"安徽古井贡酒股份有限公司",2013-03-31,1565277372.69
"安徽古井贡酒股份有限公司",2013-06-30,2306954677.39
"安徽古井贡酒股份有限公司",2013-09-30,3353111813.37
"安徽古井贡酒股份有限公司",2013-12-31,4580575654.71
"安徽古井贡酒股份有限公司",2014-03-31,1487912219.94
"安徽古井贡酒股份有限公司",2014-06-30,2390158949.76
"安徽古井贡酒股份有限公司",2014-09-30,3528653671.61
"安徽古井贡酒股份有限公司",2014-12-31,4650855881.72
"安徽古井贡酒股份有限公司",2015-03-31,1667266446.81
"安徽古井贡酒股份有限公司",2015-06-30,2713042828.92
"安徽古井贡酒股份有限公司",2015-09-30,4014414652.23
"安徽古井贡酒股份有限公司",2015-12-31,5253411479.4
"安徽古井贡酒股份有限公司",2016-03-31,1843478461.71
"安徽古井贡酒股份有限公司",2016-06-30,3045034706.73
"安徽古井贡酒股份有限公司",2016-09-30,4505560709.61
"安徽古井贡酒股份有限公司",2016-12-31,6017143660.56
"安徽古井贡酒股份有限公司",2017-03-31,2173056581.04
"安徽口子酒业股份有限公司",2011-12-31,2092420966.93
"安徽口子酒业股份有限公司",2012-12-31,2506547079.95
"安徽口子酒业股份有限公司",2013-12-31,2447151233.39
"安徽口子酒业股份有限公司",2014-12-31,2258553837.12
"安徽口子酒业股份有限公司",2015-03-31,738068900
"安徽口子酒业股份有限公司",2015-06-30,1308574777.52
"安徽口子酒业股份有限公司",2015-09-30,2113554950.16
"安徽口子酒业股份有限公司",2015-12-31,2584012482.99
"安徽口子酒业股份有限公司",2016-03-31,887790639
"安徽口子酒业股份有限公司",2016-06-30,1482567106.23
"安徽口子酒业股份有限公司",2016-09-30,2334965401.53
"安徽口子酒业股份有限公司",2016-12-31,2830178670.27
"安徽口子酒业股份有限公司",2017-03-31,1032785093.36
"安徽金种子酒业股份有限公司",2010-03-31,326036675.34
"安徽金种子酒业股份有限公司",2010-06-30,644635109.87
"安徽金种子酒业股份有限公司",2010-09-30,1001878985.15
"安徽金种子酒业股份有限公司",2010-12-31,1379929211.8
"安徽金种子酒业股份有限公司",2011-03-31,626376082.71
"安徽金种子酒业股份有限公司",2011-06-30,991957060.51
"安徽金种子酒业股份有限公司",2011-09-30,1402277385.3
"安徽金种子酒业股份有限公司",2011-12-31,1764562877.48
"安徽金种子酒业股份有限公司",2012-03-31,733226785.05
"安徽金种子酒业股份有限公司",2012-06-30,1262851549.82
"安徽金种子酒业股份有限公司",2012-09-30,1747327303.13
"安徽金种子酒业股份有限公司",2012-12-31,2294436677.54
"安徽金种子酒业股份有限公司",2013-03-31,821446302.96
"安徽金种子酒业股份有限公司",2013-06-30,1153887686.46
"安徽金种子酒业股份有限公司",2013-09-30,1588182606.3
"安徽金种子酒业股份有限公司",2013-12-31,2080618955.41
"安徽金种子酒业股份有限公司",2014-03-31,574556165.42
"安徽金种子酒业股份有限公司",2014-06-30,1044254997.7
"安徽金种子酒业股份有限公司",2014-09-30,1551025643.41
"安徽金种子酒业股份有限公司",2014-12-31,2075034605.92
"安徽金种子酒业股份有限公司",2015-03-31,521514965.5
"安徽金种子酒业股份有限公司",2015-06-30,863505199.2
"安徽金种子酒业股份有限公司",2015-09-30,1262421524.38
"安徽金种子酒业股份有限公司",2015-12-31,1727599498.01
"安徽金种子酒业股份有限公司",2016-03-31,476825174.3
"安徽金种子酒业股份有限公司",2016-06-30,759684561.8
"安徽金种子酒业股份有限公司",2016-09-30,1038263379.98
"安徽金种子酒业股份有限公司",2016-12-31,1435739654.09
"安徽金种子酒业股份有限公司",2017-03-31,347840027.27
"安徽迎驾贡酒股份有限公司",2011-12-31,2889664802.9
"安徽迎驾贡酒股份有限公司",2012-12-31,3353561570.73
"安徽迎驾贡酒股份有限公司",2013-12-31,3394960511.88
"安徽迎驾贡酒股份有限公司",2014-12-31,2958954538.87
"安徽迎驾贡酒股份有限公司",2015-03-31,936973800
"安徽迎驾贡酒股份有限公司",2015-06-30,1530452261.2
"安徽迎驾贡酒股份有限公司",2015-09-30,2144709810.5
"安徽迎驾贡酒股份有限公司",2015-12-31,2926804369.52
"安徽迎驾贡酒股份有限公司",2016-03-31,967239746.97
"安徽迎驾贡酒股份有限公司",2016-06-30,1512572199.48
"安徽迎驾贡酒股份有限公司",2016-09-30,2139140817.74
"安徽迎驾贡酒股份有限公司",2016-12-31,3038330040.94
"安徽迎驾贡酒股份有限公司",2017-03-31,1010046263.78
"酒鬼酒股份有限公司",2010-03-31,114018073.28
"酒鬼酒股份有限公司",2010-06-30,235685514.16
"酒鬼酒股份有限公司",2010-09-30,345391568.75
"酒鬼酒股份有限公司",2010-12-31,560487308.47
"酒鬼酒股份有限公司",2011-03-31,186102231.31
"酒鬼酒股份有限公司",2011-06-30,398228730.87
"酒鬼酒股份有限公司",2011-09-30,657633123.93
"酒鬼酒股份有限公司",2011-12-31,961829994.02
"酒鬼酒股份有限公司",2012-03-31,526176657.68
"酒鬼酒股份有限公司",2012-06-30,929094063.09
"酒鬼酒股份有限公司",2012-09-30,1478408332.67
"酒鬼酒股份有限公司",2012-12-31,1652130979.88
"酒鬼酒股份有限公司",2013-03-31,198170453.25
"酒鬼酒股份有限公司",2013-06-30,379548574.24
"酒鬼酒股份有限公司",2013-09-30,482828729.55
"酒鬼酒股份有限公司",2013-12-31,684631607.21
"酒鬼酒股份有限公司",2014-03-31,81377368.4
"酒鬼酒股份有限公司",2014-06-30,178542731.3
"酒鬼酒股份有限公司",2014-09-30,271140055.29
"酒鬼酒股份有限公司",2014-12-31,388482413.33
"酒鬼酒股份有限公司",2015-03-31,161151846.55
"酒鬼酒股份有限公司",2015-06-30,306578490.41
"酒鬼酒股份有限公司",2015-09-30,434039010.73
"酒鬼酒股份有限公司",2015-12-31,601224525.16
"酒鬼酒股份有限公司",2016-03-31,167115652.99
"酒鬼酒股份有限公司",2016-06-30,291061066.25
"酒鬼酒股份有限公司",2016-09-30,434201852.23
"酒鬼酒股份有限公司",2016-12-31,654850628.77
"酒鬼酒股份有限公司",2017-03-31,181543323.35
"四川沱牌舍得酒业股份有限公司",2010-03-31,312971169
"四川沱牌舍得酒业股份有限公司",2010-06-30,491617921.91
"四川沱牌舍得酒业股份有限公司",2010-09-30,650099838.21
"四川沱牌舍得酒业股份有限公司",2010-12-31,894601501.32
"四川沱牌舍得酒业股份有限公司",2011-03-31,268821791.12
"四川沱牌舍得酒业股份有限公司",2011-06-30,541698009.25
"四川沱牌舍得酒业股份有限公司",2011-09-30,806803253.62
"四川沱牌舍得酒业股份有限公司",2011-12-31,1269215408.69
"四川沱牌舍得酒业股份有限公司",2012-03-31,480034037.48
"四川沱牌舍得酒业股份有限公司",2012-06-30,868337496.72
"四川沱牌舍得酒业股份有限公司",2012-09-30,1194816985.93
"四川沱牌舍得酒业股份有限公司",2012-12-31,1959461529.21
"四川沱牌舍得酒业股份有限公司",2013-03-31,459480937.41
"四川沱牌舍得酒业股份有限公司",2013-06-30,755222634.95
"四川沱牌舍得酒业股份有限公司",2013-09-30,1013212013.6
"四川沱牌舍得酒业股份有限公司",2013-12-31,1418591744.29
"四川沱牌舍得酒业股份有限公司",2014-03-31,349006731.42
"四川沱牌舍得酒业股份有限公司",2014-06-30,731114746.63
"四川沱牌舍得酒业股份有限公司",2014-09-30,1028725532.2
"四川沱牌舍得酒业股份有限公司",2014-12-31,1444983261.78
"四川沱牌舍得酒业股份有限公司",2015-03-31,315064302.06
"四川沱牌舍得酒业股份有限公司",2015-06-30,627196073.1
"四川沱牌舍得酒业股份有限公司",2015-09-30,815916905.58
"四川沱牌舍得酒业股份有限公司",2015-12-31,1156135059.43
"四川沱牌舍得酒业股份有限公司",2016-03-31,426454651.79
"四川沱牌舍得酒业股份有限公司",2016-06-30,779867983.59
"四川沱牌舍得酒业股份有限公司",2016-09-30,1099194756.48
"四川沱牌舍得酒业股份有限公司",2016-12-31,1461582562.6
"四川沱牌舍得酒业股份有限公司",2017-03-31,426632116.57
"四川水井坊股份有限公司",2010-03-31,427552610.87
"四川水井坊股份有限公司",2010-06-30,690323827.34
"四川水井坊股份有限公司",2010-09-30,902231009.42
"四川水井坊股份有限公司",2010-12-31,1818164507.33
"四川水井坊股份有限公司",2011-03-31,419721655.25
"四川水井坊股份有限公司",2011-06-30,660131245.88
"四川水井坊股份有限公司",2011-09-30,1059347362.73
"四川水井坊股份有限公司",2011-12-31,1481911081.56
"四川水井坊股份有限公司",2012-03-31,640877866.7
"四川水井坊股份有限公司",2012-06-30,875846463.75
"四川水井坊股份有限公司",2012-09-30,1237006100.54
"四川水井坊股份有限公司",2012-12-31,1636186148.33
"四川水井坊股份有限公司",2013-03-31,323532486.69
"四川水井坊股份有限公司",2013-06-30,411354051.52
"四川水井坊股份有限公司",2013-09-30,488941016.09
"四川水井坊股份有限公司",2013-12-31,485746327.97
"四川水井坊股份有限公司",2014-03-31,74314700.65
"四川水井坊股份有限公司",2014-06-30,141861858.46
"四川水井坊股份有限公司",2014-09-30,278259884.19
"四川水井坊股份有限公司",2014-12-31,364868507.97
"四川水井坊股份有限公司",2015-03-31,263617671.29
"四川水井坊股份有限公司",2015-06-30,388843610.12
"四川水井坊股份有限公司",2015-09-30,618910683.15
"四川水井坊股份有限公司",2015-12-31,854867174.5
"四川水井坊股份有限公司",2016-03-31,300206112.81
"四川水井坊股份有限公司",2016-06-30,492603184.66
"四川水井坊股份有限公司",2016-09-30,794531374.91
"四川水井坊股份有限公司",2016-12-31,1176374148.41
"四川水井坊股份有限公司",2017-03-31,398617249.23
"泸州老窖股份有限公司",2010-03-31,1453994397.21
"泸州老窖股份有限公司",2010-06-30,2451139643.79
"泸州老窖股份有限公司",2010-09-30,3764932558.53
"泸州老窖股份有限公司",2010-12-31,5370871771.66
"泸州老窖股份有限公司",2011-03-31,2071112219.24
"泸州老窖股份有限公司",2011-06-30,3564508740.06
"泸州老窖股份有限公司",2011-09-30,5628271589.15
"泸州老窖股份有限公司",2011-12-31,8427910004.45
"泸州老窖股份有限公司",2012-03-31,3191989318.54
"泸州老窖股份有限公司",2012-06-30,5192584203.75
"泸州老窖股份有限公司",2012-09-30,8009254739.23
"泸州老窖股份有限公司",2012-12-31,11556353850.89
"泸州老窖股份有限公司",2013-03-31,3084890795.34
"泸州老窖股份有限公司",2013-06-30,5255761162.9
"泸州老窖股份有限公司",2013-09-30,8156317445.94
"泸州老窖股份有限公司",2013-12-31,10431124740.82
"泸州老窖股份有限公司",2014-03-31,1564804733.5
"泸州老窖股份有限公司",2014-06-30,3637050521.08
"泸州老窖股份有限公司",2014-09-30,4773854159.57
"泸州老窖股份有限公司",2014-12-31,5353442161.34
"泸州老窖股份有限公司",2015-03-31,1908910825.07
"泸州老窖股份有限公司",2015-06-30,3696125200.11
"泸州老窖股份有限公司",2015-09-30,5013670235.76
"泸州老窖股份有限公司",2015-12-31,6900156926.63
"泸州老窖股份有限公司",2016-03-31,2214524802.62
"泸州老窖股份有限公司",2016-06-30,4269518789.2
"泸州老窖股份有限公司",2016-09-30,5880861432.27
"泸州老窖股份有限公司",2016-12-31,8303996837.62
"泸州老窖股份有限公司",2017-03-31,2670359546.2
"宜宾五粮液股份有限公司",2010-03-31,4493625787.55
"宜宾五粮液股份有限公司",2010-06-30,7576545903.49
"宜宾五粮液股份有限公司",2010-09-30,11471710170.86
"宜宾五粮液股份有限公司",2010-12-31,15541300510.85
"宜宾五粮液股份有限公司",2011-03-31,6244557079.65
"宜宾五粮液股份有限公司",2011-06-30,10594830203.2
"宜宾五粮液股份有限公司",2011-09-30,15648774490.19
"宜宾五粮液股份有限公司",2011-12-31,20350594468.71
"宜宾五粮液股份有限公司",2012-03-31,8230651472.62
"宜宾五粮液股份有限公司",2012-06-30,15049709413.35
"宜宾五粮液股份有限公司",2012-09-30,21126603442.65
"宜宾五粮液股份有限公司",2012-12-31,27201045951.34
"宜宾五粮液股份有限公司",2013-03-31,8675799862.76
"宜宾五粮液股份有限公司",2013-06-30,15519877625.32
"宜宾五粮液股份有限公司",2013-09-30,19165837235.44
"宜宾五粮液股份有限公司",2013-12-31,24718588617.99
"宜宾五粮液股份有限公司",2014-03-31,6719851620.27
"宜宾五粮液股份有限公司",2014-06-30,11662532799.27
"宜宾五粮液股份有限公司",2014-09-30,15068314515.67
"宜宾五粮液股份有限公司",2014-12-31,21011491536.14
"宜宾五粮液股份有限公司",2015-03-31,6735435074.16
"宜宾五粮液股份有限公司",2015-06-30,11215414006.94
"宜宾五粮液股份有限公司",2015-09-30,15131341357.21
"宜宾五粮液股份有限公司",2015-12-31,21659287359.66
"宜宾五粮液股份有限公司",2016-03-31,8825564213.47
"宜宾五粮液股份有限公司",2016-06-30,13255638646.02
"宜宾五粮液股份有限公司",2016-09-30,17699643832.21
"宜宾五粮液股份有限公司",2016-12-31,24543792660.59
"宜宾五粮液股份有限公司",2017-03-31,10158807519.1
"贵州茅台酒股份有限公司",2010-03-31,3039906100.41
"贵州茅台酒股份有限公司",2010-06-30,6587266362.78
"贵州茅台酒股份有限公司",2010-09-30,9327577784.12
"贵州茅台酒股份有限公司",2010-12-31,11633283740.18
"贵州茅台酒股份有限公司",2011-03-31,4220589097.94
"贵州茅台酒股份有限公司",2011-06-30,9825823427.08
"贵州茅台酒股份有限公司",2011-09-30,13642075480.07
"贵州茅台酒股份有限公司",2011-12-31,18402355207.3
"贵州茅台酒股份有限公司",2012-03-31,6015967741.62
"贵州茅台酒股份有限公司",2012-06-30,13264437836.41
"贵州茅台酒股份有限公司",2012-09-30,19931438600.48
"贵州茅台酒股份有限公司",2012-12-31,26455335152.99
"贵州茅台酒股份有限公司",2013-03-31,7165785851.61
"贵州茅台酒股份有限公司",2013-06-30,14137431736.59
"贵州茅台酒股份有限公司",2013-09-30,22002381371.16
"贵州茅台酒股份有限公司",2013-12-31,31070596222.23
"贵州茅台酒股份有限公司",2014-03-31,7581739634.14
"贵州茅台酒股份有限公司",2014-06-30,14615639258.11
"贵州茅台酒股份有限公司",2014-09-30,22173257722.32
"贵州茅台酒股份有限公司",2014-12-31,32217213741.08
"贵州茅台酒股份有限公司",2015-03-31,8760367928.22
"贵州茅台酒股份有限公司",2015-06-30,16185651569.47
"贵州茅台酒股份有限公司",2015-09-30,23734319250.48
"贵州茅台酒股份有限公司",2015-12-31,33446859045.58
"贵州茅台酒股份有限公司",2016-03-31,10250867583.69
"贵州茅台酒股份有限公司",2016-06-30,18737617091.82
"贵州茅台酒股份有限公司",2016-09-30,27532735151.02
"贵州茅台酒股份有限公司",2016-12-31,40155084412.93
"贵州茅台酒股份有限公司",2017-03-31,13913411369.3
"甘肃皇台酒业股份有限公司",2010-03-31,19094168.8
"甘肃皇台酒业股份有限公司",2010-06-30,29189665.02
"甘肃皇台酒业股份有限公司",2010-09-30,42831222.98
"甘肃皇台酒业股份有限公司",2010-12-31,64378540.6
"甘肃皇台酒业股份有限公司",2011-03-31,24464448.79
"甘肃皇台酒业股份有限公司",2011-06-30,42970845.07
"甘肃皇台酒业股份有限公司",2011-09-30,69549574.44
"甘肃皇台酒业股份有限公司",2011-12-31,NA
"甘肃皇台酒业股份有限公司",2012-03-31,NA
"甘肃皇台酒业股份有限公司",2012-06-30,NA
"甘肃皇台酒业股份有限公司",2012-09-30,87105921.28
"甘肃皇台酒业股份有限公司",2012-12-31,133926274.57
"甘肃皇台酒业股份有限公司",2013-03-31,23728069.22
"甘肃皇台酒业股份有限公司",2013-06-30,40545251.3
"甘肃皇台酒业股份有限公司",2013-09-30,62254928.47
"甘肃皇台酒业股份有限公司",2013-12-31,107885090.36
"甘肃皇台酒业股份有限公司",2014-03-31,17763488.95
"甘肃皇台酒业股份有限公司",2014-06-30,31201569.68
"甘肃皇台酒业股份有限公司",2014-09-30,49017077.17
"甘肃皇台酒业股份有限公司",2014-12-31,57268193.02
"甘肃皇台酒业股份有限公司",2015-03-31,18293732.7
"甘肃皇台酒业股份有限公司",2015-06-30,27948600.44
"甘肃皇台酒业股份有限公司",2015-09-30,57652866.82
"甘肃皇台酒业股份有限公司",2015-12-31,104519918.05
"甘肃皇台酒业股份有限公司",2016-03-31,30402538.47
"甘肃皇台酒业股份有限公司",2016-06-30,63108632.41
"甘肃皇台酒业股份有限公司",2016-09-30,148575195.93
"甘肃皇台酒业股份有限公司",2016-12-31,177828067.36
"甘肃皇台酒业股份有限公司",2017-03-31,9788966.37
"金徽酒股份有限公司",2011-12-31,686182616.48
"金徽酒股份有限公司",2012-12-31,975583929.61
"金徽酒股份有限公司",2013-12-31,1093082692.76
"金徽酒股份有限公司",2014-12-31,1012875491.43
"金徽酒股份有限公司",2015-12-31,1182410853.81
"金徽酒股份有限公司",2016-03-31,444864246.29
"金徽酒股份有限公司",2016-06-30,673823728.31
"金徽酒股份有限公司",2016-09-30,926365548.41
"金徽酒股份有限公司",2016-12-31,1277277757.4
"金徽酒股份有限公司",2017-03-31,462163302.15
"新疆伊力特实业股份有限公司",2010-03-31,313683174.18
"新疆伊力特实业股份有限公司",2010-06-30,596756963.24
"新疆伊力特实业股份有限公司",2010-09-30,852653567.24
"新疆伊力特实业股份有限公司",2010-12-31,1085129040.94
"新疆伊力特实业股份有限公司",2011-03-31,376963226.49
"新疆伊力特实业股份有限公司",2011-06-30,735089117.75
"新疆伊力特实业股份有限公司",2011-09-30,950931880.1
"新疆伊力特实业股份有限公司",2011-12-31,1234843025.05
"新疆伊力特实业股份有限公司",2012-03-31,482700929.37
"新疆伊力特实业股份有限公司",2012-06-30,890385331.89
"新疆伊力特实业股份有限公司",2012-09-30,1286963451.66
"新疆伊力特实业股份有限公司",2012-12-31,1762291716.28
"新疆伊力特实业股份有限公司",2013-03-31,506356300.64
"新疆伊力特实业股份有限公司",2013-06-30,1047982508.94
"新疆伊力特实业股份有限公司",2013-09-30,1404320536.3
"新疆伊力特实业股份有限公司",2013-12-31,1753072622.48
"新疆伊力特实业股份有限公司",2014-03-31,409340645.75
"新疆伊力特实业股份有限公司",2014-06-30,800599128.76
"新疆伊力特实业股份有限公司",2014-09-30,1151921361.21
"新疆伊力特实业股份有限公司",2014-12-31,1628293376.49
"新疆伊力特实业股份有限公司",2015-03-31,412429845.92
"新疆伊力特实业股份有限公司",2015-06-30,806929555.39
"新疆伊力特实业股份有限公司",2015-09-30,1158775447.26
"新疆伊力特实业股份有限公司",2015-12-31,1637534258.74
"新疆伊力特实业股份有限公司",2016-03-31,438429051.93
"新疆伊力特实业股份有限公司",2016-06-30,819669191.98
"新疆伊力特实业股份有限公司",2016-09-30,1187061236.13
"新疆伊力特实业股份有限公司",2016-12-31,1692945215.55
"新疆伊力特实业股份有限公司",2017-03-31,476723460.96
