指标名称,Wind行业指数:轮胎与橡胶,期货结算价(活跃合约):天然橡胶,保有量:机动车
2010-01-04,3429.49 ,24585.00 ,
2010-01-05,3411.14 ,24730.00 ,
2010-01-06,3382.33 ,24925.00 ,
2010-01-07,3249.47 ,25100.00 ,
2010-01-08,3284.68 ,25015.00 ,
2010-01-11,3267.12 ,25710.00 ,
2010-01-12,3366.89 ,25890.00 ,
2010-01-13,3295.39 ,25445.00 ,
2010-01-14,3396.13 ,25775.00 ,
2010-01-15,3400.94 ,25290.00 ,
2010-01-18,3457.20 ,24775.00 ,
2010-01-19,3443.19 ,25045.00 ,
2010-01-20,3284.05 ,25445.00 ,
2010-01-21,3314.19 ,25350.00 ,
2010-01-22,3232.51 ,24660.00 ,
2010-01-25,3176.25 ,24590.00 ,
2010-01-26,3034.05 ,24465.00 ,
2010-01-27,3024.35 ,23955.00 ,
2010-01-28,3104.55 ,23145.00 ,
2010-01-29,3090.64 ,23195.00 ,
2010-02-01,3247.62 ,22675.00 ,
2010-02-02,3167.70 ,23150.00 ,
2010-02-03,3151.85 ,23345.00 ,
2010-02-04,3126.25 ,23115.00 ,
2010-02-05,3052.66 ,22190.00 ,
2010-02-08,3022.07 ,22175.00 ,
2010-02-09,3062.25 ,22175.00 ,
2010-02-10,3090.12 ,22780.00 ,
2010-02-11,3070.30 ,23665.00 ,
2010-02-12,3127.90 ,24045.00 ,
2010-02-22,3124.45 ,24995.00 ,
2010-02-23,3121.85 ,24855.00 ,
2010-02-24,3199.12 ,25055.00 ,
2010-02-25,3270.37 ,24970.00 ,
2010-02-26,3219.91 ,24850.00 ,
2010-03-01,3257.38 ,24865.00 ,
2010-03-02,3241.28 ,24475.00 ,
2010-03-03,3333.51 ,24285.00 ,
2010-03-04,3223.19 ,24075.00 ,
2010-03-05,3248.95 ,23930.00 ,
2010-03-08,3273.12 ,24425.00 ,
2010-03-09,3342.72 ,24550.00 ,
2010-03-10,3260.70 ,24545.00 ,
2010-03-11,3199.72 ,24215.00 ,
2010-03-12,3157.16 ,23875.00 ,
2010-03-15,3107.23 ,23125.00 ,
2010-03-16,3131.05 ,23110.00 ,
2010-03-17,3208.19 ,23630.00 ,
2010-03-18,3228.27 ,23855.00 ,
2010-03-19,3246.94 ,23975.00 ,
2010-03-22,3260.72 ,23995.00 ,
2010-03-23,3200.61 ,23820.00 ,
2010-03-24,3208.91 ,23665.00 ,
2010-03-25,3150.46 ,24230.00 ,
2010-03-26,3183.65 ,24800.00 ,
2010-03-29,3214.07 ,25035.00 ,
2010-03-30,3211.39 ,24955.00 ,
2010-03-31,3207.81 ,24740.00 ,192319251.00 
2010-04-01,3261.09 ,24665.00 ,
2010-04-02,3349.71 ,24830.00 ,
2010-04-06,3348.26 ,25505.00 ,
2010-04-07,3343.08 ,25505.00 ,
2010-04-08,3332.67 ,25240.00 ,
2010-04-09,3358.21 ,25220.00 ,
2010-04-12,3334.51 ,25595.00 ,
2010-04-13,3373.58 ,25370.00 ,
2010-04-14,3419.62 ,25575.00 ,
2010-04-15,3382.33 ,25750.00 ,
2010-04-16,3416.79 ,25350.00 ,
2010-04-19,3215.53 ,24535.00 ,
2010-04-20,3236.31 ,24605.00 ,
2010-04-21,3308.82 ,24700.00 ,
2010-04-22,3293.10 ,24260.00 ,
2010-04-23,3240.44 ,24375.00 ,
2010-04-26,3156.21 ,24535.00 ,
2010-04-27,3065.68 ,23945.00 ,
2010-04-28,3036.54 ,23385.00 ,
2010-04-29,2943.65 ,23475.00 ,
2010-04-30,2977.29 ,23295.00 ,
2010-05-04,2967.17 ,23295.00 ,
2010-05-05,3002.71 ,22860.00 ,
2010-05-06,2898.54 ,22810.00 ,
2010-05-07,2788.47 ,22235.00 ,
2010-05-10,2725.48 ,22425.00 ,
2010-05-11,2639.78 ,22365.00 ,
2010-05-12,2600.33 ,22205.00 ,
2010-05-13,2646.80 ,22345.00 ,
2010-05-14,2656.92 ,21985.00 ,
2010-05-17,2449.71 ,21245.00 ,
2010-05-18,2469.60 ,21475.00 ,
2010-05-19,2456.24 ,21730.00 ,
2010-05-20,2409.84 ,21980.00 ,
2010-05-21,2426.41 ,21505.00 ,
2010-05-24,2519.79 ,22020.00 ,
2010-05-25,2556.05 ,22005.00 ,
2010-05-26,2556.25 ,22410.00 ,
2010-05-27,2577.70 ,22585.00 ,
2010-05-28,2574.98 ,22905.00 ,
2010-05-31,2492.39 ,22885.00 ,
2010-06-01,2642.48 ,22720.00 ,
2010-06-02,2634.80 ,22115.00 ,
2010-06-03,2673.29 ,21940.00 ,
2010-06-04,2661.50 ,21645.00 ,
2010-06-07,2606.07 ,20625.00 ,
2010-06-08,2620.27 ,20710.00 ,
2010-06-09,2672.45 ,20980.00 ,
2010-06-10,2655.57 ,21435.00 ,
2010-06-11,2639.47 ,21825.00 ,
2010-06-17,2617.46 ,22240.00 ,
2010-06-18,2486.52 ,22145.00 ,
2010-06-21,2615.54 ,22440.00 ,
2010-06-22,2614.26 ,21490.00 ,
2010-06-23,2575.65 ,21520.00 ,
2010-06-24,2593.03 ,21810.00 ,
2010-06-25,2526.11 ,21890.00 ,
2010-06-28,2497.90 ,22265.00 ,
2010-06-29,2292.16 ,21735.00 ,
2010-06-30,2232.75 ,21395.00 ,196362791.00 
2010-07-01,2235.37 ,21345.00 ,
2010-07-02,2194.87 ,21385.00 ,
2010-07-05,2270.90 ,21605.00 ,
2010-07-06,2375.54 ,21525.00 ,
2010-07-07,2403.09 ,21735.00 ,
2010-07-08,2500.50 ,22105.00 ,
2010-07-09,2628.39 ,22110.00 ,
2010-07-12,2657.36 ,21805.00 ,
2010-07-13,2605.27 ,21195.00 ,
2010-07-14,2615.57 ,21200.00 ,
2010-07-15,2527.92 ,21345.00 ,
2010-07-16,2536.88 ,21515.00 ,
2010-07-19,2587.63 ,21350.00 ,
2010-07-20,2646.84 ,21580.00 ,
2010-07-21,2645.08 ,21775.00 ,
2010-07-22,2799.44 ,21615.00 ,
2010-07-23,2798.11 ,22220.00 ,
2010-07-26,2784.04 ,22300.00 ,
2010-07-27,2772.17 ,22175.00 ,
2010-07-28,2808.38 ,22635.00 ,
2010-07-29,2820.69 ,23130.00 ,
2010-07-30,2787.78 ,23750.00 ,
2010-08-02,2825.51 ,24525.00 ,
2010-08-03,2812.55 ,24515.00 ,
2010-08-04,2860.19 ,24560.00 ,
2010-08-05,2869.10 ,24665.00 ,
2010-08-06,2921.81 ,24610.00 ,
2010-08-09,2951.10 ,24805.00 ,
2010-08-10,2832.53 ,24930.00 ,
2010-08-11,2830.69 ,24855.00 ,
2010-08-12,2769.14 ,24450.00 ,
2010-08-13,2905.91 ,24680.00 ,
2010-08-16,2938.11 ,24725.00 ,
2010-08-17,2964.64 ,25065.00 ,
2010-08-18,2987.97 ,25450.00 ,
2010-08-19,2977.29 ,25645.00 ,
2010-08-20,2859.35 ,25440.00 ,
2010-08-23,2880.51 ,25195.00 ,
2010-08-24,2891.95 ,24735.00 ,
2010-08-25,2866.17 ,24690.00 ,
2010-08-26,2858.67 ,25325.00 ,
2010-08-27,2865.16 ,25530.00 ,
2010-08-30,2966.35 ,25855.00 ,
2010-08-31,3024.52 ,25515.00 ,
2010-09-01,2927.96 ,25745.00 ,
2010-09-02,3031.70 ,26125.00 ,
2010-09-03,3088.36 ,26190.00 ,
2010-09-06,3072.40 ,26455.00 ,
2010-09-07,3059.55 ,26350.00 ,
2010-09-08,3082.42 ,26440.00 ,
2010-09-09,3034.36 ,25725.00 ,
2010-09-10,3016.19 ,25380.00 ,
2010-09-13,3054.64 ,25575.00 ,
2010-09-14,3041.69 ,25710.00 ,
2010-09-15,3044.24 ,25490.00 ,
2010-09-16,2944.41 ,25165.00 ,
2010-09-17,2957.07 ,25580.00 ,
2010-09-20,2882.04 ,26520.00 ,
2010-09-21,2885.01 ,26565.00 ,
2010-09-27,2948.43 ,26750.00 ,
2010-09-28,2982.44 ,26615.00 ,
2010-09-29,2894.43 ,26760.00 ,
2010-09-30,2928.44 ,26750.00 ,200818410.00 
2010-10-08,3012.91 ,27685.00 ,
2010-10-11,3086.74 ,28730.00 ,
2010-10-12,3192.30 ,29275.00 ,
2010-10-13,3149.16 ,30285.00 ,
2010-10-14,2965.73 ,31265.00 ,
2010-10-15,2928.92 ,31705.00 ,
2010-10-18,2902.49 ,31500.00 ,
2010-10-19,2973.51 ,32020.00 ,
2010-10-20,2953.55 ,31530.00 ,
2010-10-21,3011.29 ,31455.00 ,
2010-10-22,3036.22 ,31060.00 ,
2010-10-25,3060.85 ,32005.00 ,
2010-10-26,3086.50 ,32855.00 ,
2010-10-27,3013.79 ,32030.00 ,
2010-10-28,2982.58 ,31865.00 ,
2010-10-29,3014.05 ,31060.00 ,
2010-11-01,3074.28 ,31605.00 ,
2010-11-02,3035.31 ,31775.00 ,
2010-11-03,3186.94 ,32765.00 ,
2010-11-04,3298.00 ,33360.00 ,
2010-11-05,3394.94 ,35020.00 ,
2010-11-08,3407.84 ,35940.00 ,
2010-11-09,3377.05 ,36735.00 ,
2010-11-10,3343.12 ,37720.00 ,
2010-11-11,3305.79 ,37675.00 ,
2010-11-12,3105.96 ,35935.00 ,
2010-11-15,3220.51 ,34110.00 ,
2010-11-16,3054.25 ,34215.00 ,
2010-11-17,2970.42 ,32825.00 ,
2010-11-18,3023.21 ,32780.00 ,
2010-11-19,3071.03 ,33610.00 ,
2010-11-22,3066.05 ,33920.00 ,
2010-11-23,3230.46 ,32820.00 ,
2010-11-24,3302.17 ,31980.00 ,
2010-11-25,3270.92 ,31975.00 ,
2010-11-26,3278.63 ,30795.00 ,
2010-11-29,3248.41 ,30305.00 ,
2010-11-30,3076.42 ,30365.00 ,
2010-12-01,3114.67 ,31045.00 ,
2010-12-02,3158.82 ,31795.00 ,
2010-12-03,3163.90 ,32020.00 ,
2010-12-06,3199.16 ,32750.00 ,
2010-12-07,3194.95 ,32685.00 ,
2010-12-08,3158.42 ,32760.00 ,
2010-12-09,3108.85 ,33070.00 ,
2010-12-10,3119.89 ,33325.00 ,
2010-12-13,3208.48 ,34780.00 ,
2010-12-14,3258.85 ,35550.00 ,
2010-12-15,3218.73 ,35170.00 ,
2010-12-16,3239.05 ,34880.00 ,
2010-12-17,3238.36 ,35810.00 ,
2010-12-20,3188.97 ,37050.00 ,
2010-12-21,3236.01 ,37275.00 ,
2010-12-22,3241.09 ,37095.00 ,
2010-12-23,3164.89 ,37035.00 ,
2010-12-24,3115.83 ,37045.00 ,
2010-12-27,3089.79 ,37215.00 ,
2010-12-28,2929.71 ,36610.00 ,
2010-12-29,2997.76 ,36080.00 ,
2010-12-30,3008.97 ,36130.00 ,
2010-12-31,3060.49 ,36760.00 ,207061286.00 
2011-01-04,3130.86 ,37455.00 ,
2011-01-05,3173.24 ,37785.00 ,
2011-01-06,3230.92 ,38525.00 ,
2011-01-07,3172.61 ,37810.00 ,
2011-01-10,3039.95 ,37240.00 ,
2011-01-11,3039.36 ,37535.00 ,
2011-01-12,3069.73 ,38295.00 ,
2011-01-13,3077.43 ,38200.00 ,
2011-01-14,3054.11 ,38040.00 ,
2011-01-17,2887.32 ,38430.00 ,
2011-01-18,2896.74 ,38055.00 ,
2011-01-19,2988.76 ,39005.00 ,
2011-01-20,2880.83 ,39900.00 ,
2011-01-21,2924.30 ,40460.00 ,
2011-01-24,2856.94 ,40810.00 ,
2011-01-25,2718.74 ,39860.00 ,
2011-01-26,2803.67 ,38930.00 ,
2011-01-27,2848.87 ,40250.00 ,
2011-01-28,2870.97 ,40460.00 ,
2011-01-31,2949.17 ,41255.00 ,
2011-02-01,2951.85 ,41390.00 ,
2011-02-09,2954.42 ,42475.00 ,
2011-02-10,2994.27 ,42905.00 ,
2011-02-11,3027.54 ,42830.00 ,
2011-02-14,3055.45 ,42800.00 ,
2011-02-15,3065.88 ,42520.00 ,
2011-02-16,3198.00 ,41585.00 ,
2011-02-17,3185.83 ,42035.00 ,
2011-02-18,3127.21 ,41125.00 ,
2011-02-21,3155.61 ,40495.00 ,
2011-02-22,3046.92 ,40175.00 ,
2011-02-23,3051.54 ,39410.00 ,
2011-02-24,3074.89 ,39040.00 ,
2011-02-25,3091.31 ,38345.00 ,
2011-02-28,3151.12 ,38825.00 ,
2011-03-01,3160.12 ,39505.00 ,
2011-03-02,3119.87 ,38875.00 ,
2011-03-03,3121.84 ,39315.00 ,
2011-03-04,3210.59 ,38200.00 ,
2011-03-07,3224.61 ,38340.00 ,
2011-03-08,3210.25 ,37050.00 ,
2011-03-09,3210.14 ,36360.00 ,
2011-03-10,3206.48 ,36130.00 ,
2011-03-11,3179.29 ,35620.00 ,
2011-03-14,3245.18 ,33975.00 ,
2011-03-15,3264.89 ,33270.00 ,
2011-03-16,3362.57 ,33500.00 ,
2011-03-17,3248.61 ,34255.00 ,
2011-03-18,3250.42 ,35105.00 ,
2011-03-21,3173.21 ,34960.00 ,
2011-03-22,3161.10 ,35345.00 ,
2011-03-23,3194.34 ,36035.00 ,
2011-03-24,3213.82 ,36145.00 ,
2011-03-25,3234.70 ,35740.00 ,
2011-03-28,3220.17 ,34740.00 ,
2011-03-29,3132.17 ,34090.00 ,
2011-03-30,3111.25 ,34760.00 ,
2011-03-31,3004.97 ,34810.00 ,213177070.00 
2011-04-01,3044.47 ,34890.00 ,
2011-04-06,3068.16 ,35725.00 ,
2011-04-07,3114.94 ,35945.00 ,
2011-04-08,3149.09 ,36235.00 ,
2011-04-11,3126.51 ,37185.00 ,
2011-04-12,3210.40 ,36655.00 ,
2011-04-13,3201.48 ,36090.00 ,
2011-04-14,3212.77 ,36055.00 ,
2011-04-15,3187.48 ,35615.00 ,
2011-04-18,3160.43 ,34920.00 ,
2011-04-19,3161.02 ,34210.00 ,
2011-04-20,3148.81 ,34550.00 ,
2011-04-21,3144.09 ,34705.00 ,
2011-04-22,3134.91 ,34700.00 ,
2011-04-25,3125.89 ,33820.00 ,
2011-04-26,3044.44 ,32875.00 ,
2011-04-27,3025.67 ,32615.00 ,
2011-04-28,2946.34 ,32625.00 ,
2011-04-29,2995.99 ,31980.00 ,
2011-05-03,3061.32 ,31800.00 ,
2011-05-04,3056.88 ,31300.00 ,
2011-05-05,3049.24 ,30615.00 ,
2011-05-06,3090.44 ,30005.00 ,
2011-05-09,3121.61 ,30630.00 ,
2011-05-10,3226.65 ,31035.00 ,
2011-05-11,3246.72 ,31425.00 ,
2011-05-12,3250.96 ,30280.00 ,
2011-05-13,3198.55 ,30740.00 ,
2011-05-16,3180.94 ,31245.00 ,
2011-05-17,3094.78 ,31265.00 ,
2011-05-18,3108.61 ,31530.00 ,
2011-05-19,3098.12 ,31880.00 ,
2011-05-20,3151.35 ,31405.00 ,
2011-05-23,2991.69 ,31150.00 ,
2011-05-24,2903.93 ,31410.00 ,
2011-05-25,2893.77 ,31965.00 ,
2011-05-26,2887.87 ,32570.00 ,
2011-05-27,2728.81 ,32440.00 ,
2011-05-30,2678.65 ,32750.00 ,
2011-05-31,2752.93 ,32765.00 ,
2011-06-01,2777.54 ,32755.00 ,
2011-06-02,2716.21 ,32225.00 ,
2011-06-03,2770.39 ,32985.00 ,
2011-06-07,2793.17 ,33180.00 ,
2011-06-08,2792.96 ,32930.00 ,
2011-06-09,2703.61 ,33230.00 ,
2011-06-10,2683.41 ,33095.00 ,
2011-06-13,2666.62 ,32710.00 ,
2011-06-14,2724.96 ,32700.00 ,
2011-06-15,2693.41 ,33300.00 ,
2011-06-16,2640.22 ,33215.00 ,
2011-06-17,2616.25 ,33290.00 ,
2011-06-20,2568.21 ,33335.00 ,
2011-06-21,2686.55 ,33195.00 ,
2011-06-22,2648.94 ,32700.00 ,
2011-06-23,2675.79 ,32005.00 ,
2011-06-24,2756.38 ,32130.00 ,
2011-06-27,2813.36 ,31125.00 ,
2011-06-28,2797.59 ,30840.00 ,
2011-06-29,2796.31 ,31055.00 ,
2011-06-30,2824.11 ,31670.00 ,217115469.00 
2011-07-01,2833.79 ,31760.00 ,
2011-07-04,2931.56 ,32815.00 ,
2011-07-05,2951.46 ,33565.00 ,
2011-07-06,2914.24 ,34180.00 ,
2011-07-07,2894.93 ,34095.00 ,
2011-07-08,2854.02 ,34765.00 ,
2011-07-11,2889.20 ,34010.00 ,
2011-07-12,2823.44 ,33660.00 ,
2011-07-13,2869.99 ,34530.00 ,
2011-07-14,2936.75 ,34960.00 ,
2011-07-15,2926.27 ,35325.00 ,
2011-07-18,2896.15 ,35575.00 ,
2011-07-19,2857.21 ,35410.00 ,
2011-07-20,2869.72 ,36050.00 ,
2011-07-21,2785.99 ,35970.00 ,
2011-07-22,2806.38 ,35755.00 ,
2011-07-25,2676.82 ,35910.00 ,
2011-07-26,2678.09 ,36015.00 ,
2011-07-27,2715.39 ,36360.00 ,
2011-07-28,2685.72 ,35800.00 ,
2011-07-29,2652.84 ,35665.00 ,
2011-08-01,2693.94 ,36070.00 ,
2011-08-02,2662.77 ,35670.00 ,
2011-08-03,2654.97 ,35775.00 ,
2011-08-04,2703.89 ,35605.00 ,
2011-08-05,2651.30 ,34025.00 ,
2011-08-08,2490.81 ,33550.00 ,
2011-08-09,2485.58 ,32245.00 ,
2011-08-10,2495.46 ,33065.00 ,
2011-08-11,2564.08 ,33610.00 ,
2011-08-12,2593.57 ,34215.00 ,
2011-08-15,2626.82 ,34445.00 ,
2011-08-16,2605.64 ,34130.00 ,
2011-08-17,2599.82 ,34055.00 ,
2011-08-18,2541.56 ,33885.00 ,
2011-08-19,2538.97 ,33275.00 ,
2011-08-22,2542.52 ,33445.00 ,
2011-08-23,2588.57 ,33040.00 ,
2011-08-24,2571.21 ,33140.00 ,
2011-08-25,2630.48 ,33245.00 ,
2011-08-26,2647.20 ,32930.00 ,
2011-08-29,2595.33 ,33060.00 ,
2011-08-30,2570.53 ,33880.00 ,
2011-08-31,2559.91 ,34125.00 ,
2011-09-01,2540.05 ,34135.00 ,
2011-09-02,2506.50 ,33825.00 ,
2011-09-05,2446.79 ,33260.00 ,
2011-09-06,2425.92 ,32655.00 ,
2011-09-07,2578.03 ,33355.00 ,
2011-09-08,2579.87 ,33885.00 ,
2011-09-09,2527.63 ,33935.00 ,
2011-09-13,2530.06 ,33605.00 ,
2011-09-14,2565.23 ,33300.00 ,
2011-09-15,2527.33 ,33060.00 ,
2011-09-16,2532.88 ,33490.00 ,
2011-09-19,2478.72 ,32500.00 ,
2011-09-20,2497.78 ,31820.00 ,
2011-09-21,2599.69 ,31755.00 ,
2011-09-22,2555.57 ,30560.00 ,
2011-09-23,2551.78 ,29220.00 ,
2011-09-26,2520.35 ,28465.00 ,
2011-09-27,2539.84 ,28415.00 ,
2011-09-28,2499.55 ,27675.00 ,
2011-09-29,2367.84 ,26495.00 ,
2011-09-30,2367.97 ,27185.00 ,220680547.00 
2011-10-10,2355.03 ,27950.00 ,
2011-10-11,2358.11 ,28455.00 ,
2011-10-12,2437.93 ,28475.00 ,
2011-10-13,2477.67 ,28600.00 ,
2011-10-14,2471.25 ,28660.00 ,
2011-10-17,2484.01 ,29045.00 ,
2011-10-18,2429.79 ,27930.00 ,
2011-10-19,2415.59 ,27070.00 ,
2011-10-20,2306.92 ,25510.00 ,
2011-10-21,2271.01 ,24970.00 ,
2011-10-24,2308.05 ,25520.00 ,
2011-10-25,2361.30 ,26590.00 ,
2011-10-26,2377.31 ,26430.00 ,
2011-10-27,2375.16 ,27205.00 ,
2011-10-28,2400.21 ,28220.00 ,
2011-10-31,2394.37 ,27445.00 ,
2011-11-01,2452.60 ,27075.00 ,
2011-11-02,2466.30 ,26345.00 ,
2011-11-03,2462.79 ,26375.00 ,
2011-11-04,2462.82 ,27000.00 ,
2011-11-07,2433.37 ,26770.00 ,
2011-11-08,2424.39 ,26315.00 ,
2011-11-09,2446.64 ,26055.00 ,
2011-11-10,2385.39 ,24525.00 ,
2011-11-11,2399.21 ,24225.00 ,
2011-11-14,2462.04 ,25235.00 ,
2011-11-15,2520.58 ,25455.00 ,
2011-11-16,2454.48 ,25330.00 ,
2011-11-17,2444.61 ,25615.00 ,
2011-11-18,2362.14 ,25240.00 ,
2011-11-21,2365.67 ,24660.00 ,
2011-11-22,2331.43 ,24715.00 ,
2011-11-23,2334.49 ,24990.00 ,
2011-11-24,2341.88 ,24655.00 ,
2011-11-25,2319.21 ,24635.00 ,
2011-11-28,2335.71 ,25105.00 ,
2011-11-29,2374.87 ,25115.00 ,
2011-11-30,2272.59 ,24980.00 ,
2011-12-01,2325.21 ,25995.00 ,
2011-12-02,2343.73 ,25820.00 ,
2011-12-05,2303.89 ,26025.00 ,
2011-12-06,2265.34 ,25945.00 ,
2011-12-07,2274.61 ,26415.00 ,
2011-12-08,2266.07 ,26590.00 ,
2011-12-09,2213.60 ,26225.00 ,
2011-12-12,2187.61 ,25900.00 ,
2011-12-13,2119.34 ,25440.00 ,
2011-12-14,2080.99 ,25495.00 ,
2011-12-15,2003.27 ,24655.00 ,
2011-12-16,2024.25 ,24725.00 ,
2011-12-19,1994.78 ,24590.00 ,
2011-12-20,1991.88 ,24815.00 ,
2011-12-21,2026.80 ,25315.00 ,
2011-12-22,1979.35 ,25215.00 ,
2011-12-23,2005.07 ,25480.00 ,
2011-12-26,1973.69 ,25320.00 ,
2011-12-27,1908.47 ,25020.00 ,
2011-12-28,1897.96 ,24990.00 ,
2011-12-29,1931.34 ,24480.00 ,
2011-12-30,1985.05 ,24320.00 ,
2011-12-31,,,224788638.00 
2012-01-04,1914.62 ,24180.00 ,
2012-01-05,1835.76 ,24120.00 ,
2012-01-06,1836.56 ,24415.00 ,
2012-01-09,1900.48 ,24550.00 ,
2012-01-10,1970.41 ,24680.00 ,
2012-01-11,1981.91 ,25020.00 ,
2012-01-12,1963.75 ,25315.00 ,
2012-01-13,1876.38 ,25155.00 ,
2012-01-16,1829.72 ,25220.00 ,
2012-01-17,1925.15 ,26115.00 ,
2012-01-18,1888.23 ,26440.00 ,
2012-01-19,1907.92 ,26720.00 ,
2012-01-20,1933.31 ,27480.00 ,
2012-01-30,1908.39 ,27345.00 ,
2012-01-31,1924.73 ,27535.00 ,
2012-02-01,1917.77 ,27485.00 ,
2012-02-02,1956.27 ,27310.00 ,
2012-02-03,1992.42 ,27535.00 ,
2012-02-06,2004.11 ,28420.00 ,
2012-02-07,1952.54 ,28365.00 ,
2012-02-08,2008.09 ,28885.00 ,
2012-02-09,2012.18 ,28920.00 ,
2012-02-10,2013.59 ,28525.00 ,
2012-02-13,2033.54 ,28380.00 ,
2012-02-14,2043.14 ,28240.00 ,
2012-02-15,2084.69 ,28725.00 ,
2012-02-16,2090.52 ,27895.00 ,
2012-02-17,2078.98 ,27955.00 ,
2012-02-20,2077.19 ,28250.00 ,
2012-02-21,2093.92 ,28645.00 ,
2012-02-22,2142.47 ,29170.00 ,
2012-02-23,2188.56 ,29030.00 ,
2012-02-24,2188.69 ,29315.00 ,
2012-02-27,2194.90 ,29170.00 ,
2012-02-28,2182.10 ,28970.00 ,
2012-02-29,2159.42 ,29260.00 ,
2012-03-01,2161.50 ,29290.00 ,
2012-03-02,2210.34 ,29330.00 ,
2012-03-05,2206.70 ,29040.00 ,
2012-03-06,2260.55 ,28660.00 ,
2012-03-07,2225.07 ,28125.00 ,
2012-03-08,2249.82 ,28130.00 ,
2012-03-09,2263.85 ,28515.00 ,
2012-03-12,2268.75 ,28665.00 ,
2012-03-13,2306.52 ,28985.00 ,
2012-03-14,2171.53 ,29065.00 ,
2012-03-15,2123.96 ,28720.00 ,
2012-03-16,2165.08 ,28650.00 ,
2012-03-19,2198.50 ,28225.00 ,
2012-03-20,2134.33 ,28030.00 ,
2012-03-21,2126.80 ,28300.00 ,
2012-03-22,2132.70 ,28220.00 ,
2012-03-23,2109.49 ,28095.00 ,
2012-03-26,2106.39 ,28345.00 ,
2012-03-27,2096.13 ,28530.00 ,
2012-03-28,1999.83 ,28335.00 ,
2012-03-29,1943.59 ,27900.00 ,
2012-03-30,1962.22 ,27965.00 ,
2012-04-05,2019.63 ,27930.00 ,
2012-04-06,2028.31 ,27180.00 ,
2012-04-09,1999.16 ,27300.00 ,
2012-04-10,2019.78 ,27305.00 ,
2012-04-11,2030.92 ,26725.00 ,
2012-04-12,2069.57 ,26845.00 ,
2012-04-13,2087.40 ,26770.00 ,
2012-04-16,2124.73 ,26435.00 ,
2012-04-17,2082.85 ,26475.00 ,
2012-04-18,2134.33 ,26995.00 ,
2012-04-19,2133.75 ,27155.00 ,
2012-04-20,2158.98 ,27190.00 ,
2012-04-23,2078.15 ,27220.00 ,
2012-04-24,2041.30 ,26890.00 ,
2012-04-25,2066.10 ,26790.00 ,
2012-04-26,2081.01 ,26970.00 ,
2012-04-27,2052.37 ,27205.00 ,
2012-05-02,2086.63 ,27385.00 ,
2012-05-03,2072.66 ,27045.00 ,
2012-05-04,2089.09 ,26825.00 ,
2012-05-07,2097.55 ,26600.00 ,
2012-05-08,2099.66 ,26820.00 ,
2012-05-09,2046.58 ,26160.00 ,
2012-05-10,2049.68 ,26155.00 ,
2012-05-11,2049.33 ,25790.00 ,
2012-05-14,2046.03 ,25075.00 ,
2012-05-15,2051.37 ,24380.00 ,
2012-05-16,2053.23 ,24355.00 ,
2012-05-17,2081.14 ,24445.00 ,
2012-05-18,2116.38 ,24045.00 ,
2012-05-21,2065.74 ,24650.00 ,
2012-05-22,2089.81 ,24630.00 ,
2012-05-23,2074.42 ,23990.00 ,
2012-05-24,2045.54 ,24010.00 ,
2012-05-25,1998.69 ,24155.00 ,
2012-05-28,2036.40 ,24360.00 ,
2012-05-29,2078.33 ,24470.00 ,
2012-05-30,2077.14 ,24415.00 ,
2012-05-31,2088.55 ,24015.00 ,
2012-06-01,2113.62 ,23730.00 ,
2012-06-04,2043.00 ,22680.00 ,
2012-06-05,2052.87 ,22600.00 ,
2012-06-06,2098.65 ,22585.00 ,
2012-06-07,2071.05 ,22900.00 ,
2012-06-08,2068.81 ,22285.00 ,
2012-06-11,2097.70 ,22765.00 ,
2012-06-12,2050.35 ,22275.00 ,
2012-06-13,2093.20 ,22295.00 ,
2012-06-14,2077.61 ,22335.00 ,
2012-06-15,2071.46 ,22660.00 ,
2012-06-18,2104.69 ,23210.00 ,
2012-06-19,2073.35 ,23180.00 ,
2012-06-20,2051.35 ,23275.00 ,
2012-06-21,2021.82 ,22695.00 ,
2012-06-25,1996.43 ,22435.00 ,
2012-06-26,1996.36 ,22425.00 ,
2012-06-27,1964.94 ,22455.00 ,
2012-06-28,1923.33 ,22630.00 ,
2012-06-29,1931.65 ,22695.00 ,
2012-06-30,,,233000000.00 
2012-07-02,1918.45 ,23295.00 ,
2012-07-03,1909.02 ,23720.00 ,
2012-07-04,1897.69 ,23995.00 ,
2012-07-05,1845.18 ,23940.00 ,
2012-07-06,1876.87 ,24000.00 ,
2012-07-09,1843.17 ,23825.00 ,
2012-07-10,1836.63 ,24140.00 ,
2012-07-11,1858.11 ,23905.00 ,
2012-07-12,1874.62 ,23935.00 ,
2012-07-13,1863.79 ,24165.00 ,
2012-07-16,1810.49 ,24605.00 ,
2012-07-17,1821.83 ,24465.00 ,
2012-07-18,1836.24 ,23980.00 ,
2012-07-19,1869.19 ,24015.00 ,
2012-07-20,1859.38 ,24035.00 ,
2012-07-23,1845.11 ,23115.00 ,
2012-07-24,1857.23 ,22345.00 ,
2012-07-25,1834.65 ,22365.00 ,
2012-07-26,1812.28 ,22190.00 ,
2012-07-27,1804.75 ,22505.00 ,
2012-07-30,1748.46 ,22640.00 ,
2012-07-31,1721.65 ,22435.00 ,
2012-08-01,1748.32 ,22370.00 ,
2012-08-02,1746.49 ,22500.00 ,
2012-08-03,1768.50 ,22360.00 ,
2012-08-06,1804.52 ,22630.00 ,
2012-08-07,1809.67 ,22705.00 ,
2012-08-08,1802.24 ,22455.00 ,
2012-08-09,1817.38 ,22340.00 ,
2012-08-10,1814.97 ,22420.00 ,
2012-08-13,1777.50 ,22000.00 ,
2012-08-14,1803.17 ,21195.00 ,
2012-08-15,1789.70 ,21245.00 ,
2012-08-16,1777.02 ,21425.00 ,
2012-08-17,1780.84 ,21735.00 ,
2012-08-20,1818.46 ,21470.00 ,
2012-08-21,1827.05 ,21465.00 ,
2012-08-22,1801.53 ,21490.00 ,
2012-08-23,1815.83 ,21730.00 ,
2012-08-24,1774.26 ,21735.00 ,
2012-08-27,1798.58 ,22370.00 ,
2012-08-28,1854.79 ,22390.00 ,
2012-08-29,1856.72 ,21845.00 ,
2012-08-30,1836.40 ,21655.00 ,
2012-08-31,1871.58 ,21445.00 ,
2012-09-03,1867.32 ,21940.00 ,
2012-09-04,1844.70 ,21890.00 ,
2012-09-05,1853.28 ,21625.00 ,
2012-09-06,1858.65 ,22000.00 ,
2012-09-07,1908.89 ,22080.00 ,
2012-09-10,1950.32 ,22800.00 ,
2012-09-11,1951.20 ,23015.00 ,
2012-09-12,2015.03 ,23420.00 ,
2012-09-13,1975.08 ,23280.00 ,
2012-09-14,1970.81 ,24210.00 ,
2012-09-17,1905.13 ,24335.00 ,
2012-09-18,1906.20 ,24315.00 ,
2012-09-19,1918.51 ,24365.00 ,
2012-09-20,1842.31 ,24030.00 ,
2012-09-21,1839.21 ,24185.00 ,
2012-09-24,1872.03 ,23615.00 ,
2012-09-25,1890.48 ,23680.00 ,
2012-09-26,1819.01 ,23795.00 ,
2012-09-27,1868.68 ,23890.00 ,
2012-09-28,1882.96 ,24545.00 ,
2012-10-08,1868.51 ,24585.00 ,
2012-10-09,1940.79 ,25425.00 ,
2012-10-10,1948.67 ,25595.00 ,
2012-10-11,1934.12 ,25625.00 ,
2012-10-12,1921.82 ,25540.00 ,
2012-10-15,1911.75 ,25165.00 ,
2012-10-16,1901.12 ,25230.00 ,
2012-10-17,1879.89 ,25340.00 ,
2012-10-18,1914.99 ,25570.00 ,
2012-10-19,1918.71 ,25175.00 ,
2012-10-22,1923.84 ,24700.00 ,
2012-10-23,1902.16 ,24470.00 ,
2012-10-24,1892.17 ,24255.00 ,
2012-10-25,1866.87 ,24730.00 ,
2012-10-26,1829.19 ,24645.00 ,
2012-10-29,1832.59 ,24615.00 ,
2012-10-30,1845.76 ,24450.00 ,
2012-10-31,1855.80 ,24685.00 ,
2012-11-01,1875.56 ,24830.00 ,
2012-11-02,1866.89 ,24600.00 ,
2012-11-05,1871.30 ,23885.00 ,
2012-11-06,1852.29 ,23820.00 ,
2012-11-07,1858.70 ,24005.00 ,
2012-11-08,1824.65 ,23505.00 ,
2012-11-09,1816.56 ,24035.00 ,
2012-11-12,1826.62 ,23795.00 ,
2012-11-13,1802.24 ,23770.00 ,
2012-11-14,1798.77 ,23855.00 ,
2012-11-15,1764.27 ,24170.00 ,
2012-11-16,1760.21 ,24215.00 ,
2012-11-19,1765.74 ,24440.00 ,
2012-11-20,1757.09 ,24500.00 ,
2012-11-21,1789.55 ,24290.00 ,
2012-11-22,1763.24 ,24420.00 ,
2012-11-23,1761.64 ,24275.00 ,
2012-11-26,1748.67 ,24350.00 ,
2012-11-27,1679.37 ,24025.00 ,
2012-11-28,1631.73 ,23790.00 ,
2012-11-29,1615.05 ,23725.00 ,
2012-11-30,1635.26 ,23830.00 ,
2012-12-03,1594.20 ,24250.00 ,
2012-12-04,1604.81 ,24245.00 ,
2012-12-05,1665.26 ,24535.00 ,
2012-12-06,1654.06 ,24510.00 ,
2012-12-07,1692.84 ,24400.00 ,
2012-12-10,1724.61 ,24890.00 ,
2012-12-11,1720.77 ,24765.00 ,
2012-12-12,1715.56 ,24775.00 ,
2012-12-13,1692.59 ,24715.00 ,
2012-12-14,1753.81 ,24960.00 ,
2012-12-17,1761.65 ,25255.00 ,
2012-12-18,1760.54 ,25360.00 ,
2012-12-19,1768.81 ,25255.00 ,
2012-12-20,1768.18 ,24915.00 ,
2012-12-21,1766.63 ,25065.00 ,
2012-12-24,1791.59 ,25040.00 ,
2012-12-25,1820.15 ,25235.00 ,
2012-12-26,1833.54 ,25310.00 ,
2012-12-27,1833.51 ,25870.00 ,
2012-12-28,1835.00 ,26005.00 ,
2012-12-31,1852.80 ,26415.00 ,239889550.00 
2013-01-04,1837.32 ,26510.00 ,
2013-01-07,1847.04 ,26245.00 ,
2013-01-08,1870.07 ,26100.00 ,
2013-01-09,1862.14 ,26110.00 ,
2013-01-10,1866.33 ,26165.00 ,
2013-01-11,1822.42 ,26160.00 ,
2013-01-14,1879.33 ,25805.00 ,
2013-01-15,1919.03 ,25745.00 ,
2013-01-16,1924.38 ,25475.00 ,
2013-01-17,1925.74 ,25535.00 ,
2013-01-18,1965.26 ,25870.00 ,
2013-01-21,2015.61 ,25780.00 ,
2013-01-22,2004.13 ,26065.00 ,
2013-01-23,1989.35 ,26090.00 ,
2013-01-24,1926.65 ,25730.00 ,
2013-01-25,1944.32 ,25705.00 ,
2013-01-28,2014.67 ,25585.00 ,
2013-01-29,2029.87 ,25825.00 ,
2013-01-30,2053.46 ,26155.00 ,
2013-01-31,2054.11 ,26235.00 ,
2013-02-01,2068.72 ,26290.00 ,
2013-02-04,2035.58 ,26770.00 ,
2013-02-05,2046.32 ,26785.00 ,
2013-02-06,2050.00 ,26775.00 ,
2013-02-07,2060.39 ,26455.00 ,
2013-02-08,2128.12 ,26490.00 ,
2013-02-18,2162.14 ,26065.00 ,
2013-02-19,2131.07 ,26135.00 ,
2013-02-20,2178.04 ,25990.00 ,
2013-02-21,2142.01 ,25100.00 ,
2013-02-22,2139.96 ,25165.00 ,
2013-02-25,2170.72 ,24735.00 ,
2013-02-26,2140.21 ,24435.00 ,
2013-02-27,2150.73 ,24480.00 ,
2013-02-28,2197.89 ,24690.00 ,
2013-03-01,2222.82 ,24035.00 ,
2013-03-04,2143.24 ,23900.00 ,
2013-03-05,2190.06 ,24270.00 ,
2013-03-06,2190.14 ,24190.00 ,
2013-03-07,2176.25 ,24030.00 ,
2013-03-08,2147.69 ,24010.00 ,
2013-03-11,2172.08 ,24170.00 ,
2013-03-12,2108.91 ,23585.00 ,
2013-03-13,2078.97 ,23110.00 ,
2013-03-14,2077.41 ,22625.00 ,
2013-03-15,2080.56 ,22950.00 ,
2013-03-18,2040.99 ,22285.00 ,
2013-03-19,2064.46 ,22455.00 ,
2013-03-20,2132.81 ,22670.00 ,
2013-03-21,2220.11 ,23020.00 ,
2013-03-22,2243.72 ,22830.00 ,
2013-03-25,2244.73 ,22975.00 ,
2013-03-26,2226.15 ,22730.00 ,
2013-03-27,2226.95 ,22770.00 ,
2013-03-28,2185.72 ,22300.00 ,
2013-03-29,2192.68 ,22025.00 ,
2013-04-01,2208.54 ,21740.00 ,
2013-04-02,2173.20 ,21425.00 ,
2013-04-03,2147.16 ,21460.00 ,
2013-04-08,2141.08 ,21485.00 ,
2013-04-09,2155.86 ,21775.00 ,
2013-04-10,2134.18 ,21865.00 ,
2013-04-11,2132.70 ,21755.00 ,
2013-04-12,2125.65 ,21430.00 ,
2013-04-15,2145.24 ,20560.00 ,
2013-04-16,2160.85 ,19730.00 ,
2013-04-17,2167.23 ,19555.00 ,
2013-04-18,2187.86 ,18780.00 ,
2013-04-19,2222.11 ,19030.00 ,
2013-04-22,2208.07 ,18960.00 ,
2013-04-23,2142.19 ,18570.00 ,
2013-04-24,2191.66 ,18785.00 ,
2013-04-25,2215.34 ,19065.00 ,
2013-04-26,2194.42 ,19280.00 ,
2013-05-02,2205.48 ,18785.00 ,
2013-05-03,2250.10 ,19480.00 ,
2013-05-06,2286.22 ,20090.00 ,
2013-05-07,2296.49 ,20005.00 ,
2013-05-08,2290.30 ,20190.00 ,
2013-05-09,2282.69 ,20315.00 ,
2013-05-10,2361.76 ,20590.00 ,
2013-05-13,2385.87 ,20675.00 ,
2013-05-14,2370.40 ,20360.00 ,
2013-05-15,2381.21 ,20160.00 ,
2013-05-16,2379.18 ,19930.00 ,
2013-05-17,2372.91 ,20265.00 ,
2013-05-20,2406.72 ,20530.00 ,
2013-05-21,2407.13 ,20490.00 ,
2013-05-22,2395.13 ,20415.00 ,
2013-05-23,2359.36 ,19770.00 ,
2013-05-24,2381.54 ,19445.00 ,
2013-05-27,2393.61 ,19220.00 ,
2013-05-28,2435.79 ,19150.00 ,
2013-05-29,2468.04 ,19200.00 ,
2013-05-30,2492.64 ,18760.00 ,
2013-05-31,2494.75 ,18930.00 ,
2013-06-03,2475.19 ,18900.00 ,
2013-06-04,2467.86 ,19110.00 ,
2013-06-05,2440.11 ,18990.00 ,
2013-06-06,2388.61 ,18530.00 ,
2013-06-07,2329.97 ,18310.00 ,
2013-06-13,2242.66 ,17765.00 ,
2013-06-14,2280.56 ,17910.00 ,
2013-06-17,2298.46 ,18170.00 ,
2013-06-18,2314.12 ,18095.00 ,
2013-06-19,2321.81 ,18115.00 ,
2013-06-20,2251.69 ,17885.00 ,
2013-06-21,2221.26 ,17350.00 ,
2013-06-24,2077.20 ,17175.00 ,
2013-06-25,2058.52 ,17115.00 ,
2013-06-26,2110.57 ,17165.00 ,
2013-06-27,2073.32 ,17065.00 ,
2013-06-28,2061.58 ,17790.00 ,
2013-06-30,,,246059686.00 
2013-07-01,2105.98 ,17935.00 ,
2013-07-02,2147.21 ,18215.00 ,
2013-07-03,2142.89 ,18105.00 ,
2013-07-04,2173.74 ,18170.00 ,
2013-07-05,2161.91 ,18095.00 ,
2013-07-08,2100.50 ,17570.00 ,
2013-07-09,2105.94 ,17375.00 ,
2013-07-10,2160.65 ,17145.00 ,
2013-07-11,2215.81 ,17660.00 ,
2013-07-12,2206.55 ,17780.00 ,
2013-07-15,2227.23 ,17485.00 ,
2013-07-16,2232.81 ,17410.00 ,
2013-07-17,2233.24 ,18015.00 ,
2013-07-18,2230.84 ,18200.00 ,
2013-07-19,2186.55 ,18590.00 ,
2013-07-22,2197.41 ,18580.00 ,
2013-07-23,2242.24 ,18515.00 ,
2013-07-24,2234.89 ,18365.00 ,
2013-07-25,2197.23 ,18515.00 ,
2013-07-26,2178.79 ,18330.00 ,
2013-07-29,2152.29 ,17690.00 ,
2013-07-30,2155.53 ,17650.00 ,
2013-07-31,2174.08 ,17710.00 ,
2013-08-01,2226.24 ,18035.00 ,
2013-08-02,2235.13 ,18110.00 ,
2013-08-05,2249.17 ,18180.00 ,
2013-08-06,2273.44 ,18265.00 ,
2013-08-07,2246.90 ,18335.00 ,
2013-08-08,2247.61 ,18910.00 ,
2013-08-09,2244.39 ,19285.00 ,
2013-08-12,2270.50 ,19520.00 ,
2013-08-13,2292.24 ,19765.00 ,
2013-08-14,2304.71 ,19740.00 ,
2013-08-15,2276.74 ,19655.00 ,
2013-08-16,2238.60 ,19805.00 ,
2013-08-19,2302.23 ,19945.00 ,
2013-08-20,2271.39 ,19625.00 ,
2013-08-21,2271.86 ,19530.00 ,
2013-08-22,2279.45 ,19745.00 ,
2013-08-23,2250.86 ,20065.00 ,
2013-08-26,2290.24 ,20650.00 ,
2013-08-27,2291.08 ,20560.00 ,
2013-08-28,2265.15 ,20615.00 ,
2013-08-29,2251.55 ,20135.00 ,
2013-08-30,2252.51 ,20055.00 ,
2013-09-02,2247.10 ,20685.00 ,
2013-09-03,2283.69 ,21010.00 ,
2013-09-04,2290.43 ,20730.00 ,
2013-09-05,2288.00 ,20645.00 ,
2013-09-06,2300.98 ,20745.00 ,
2013-09-09,2310.65 ,20915.00 ,
2013-09-10,2344.27 ,20595.00 ,
2013-09-11,2320.24 ,20620.00 ,
2013-09-12,2325.79 ,20475.00 ,
2013-09-13,2345.98 ,20130.00 ,
2013-09-16,2351.11 ,20200.00 ,
2013-09-17,2326.63 ,20190.00 ,
2013-09-18,2367.46 ,20445.00 ,
2013-09-23,2438.32 ,20740.00 ,
2013-09-24,2461.14 ,20740.00 ,
2013-09-25,2467.81 ,20585.00 ,
2013-09-26,2412.04 ,20530.00 ,
2013-09-27,2410.03 ,20550.00 ,
2013-09-30,2400.42 ,20205.00 ,248517459.00 
2013-10-08,2397.57 ,20490.00 ,
2013-10-09,2437.15 ,20530.00 ,
2013-10-10,2404.73 ,20310.00 ,
2013-10-11,2454.21 ,20705.00 ,
2013-10-14,2463.20 ,20800.00 ,
2013-10-15,2441.09 ,21110.00 ,
2013-10-16,2411.06 ,20910.00 ,
2013-10-17,2415.17 ,20770.00 ,
2013-10-18,2411.34 ,20480.00 ,
2013-10-21,2459.56 ,20475.00 ,
2013-10-22,2449.40 ,20540.00 ,
2013-10-23,2383.11 ,20285.00 ,
2013-10-24,2413.32 ,20095.00 ,
2013-10-25,2386.03 ,19855.00 ,
2013-10-28,2382.69 ,19390.00 ,
2013-10-29,2303.08 ,19390.00 ,
2013-10-30,2337.20 ,19575.00 ,
2013-10-31,2338.28 ,19360.00 ,
2013-11-01,2332.16 ,19295.00 ,
2013-11-04,2362.79 ,19735.00 ,
2013-11-05,2386.38 ,19515.00 ,
2013-11-06,2366.99 ,19465.00 ,
2013-11-07,2352.05 ,19525.00 ,
2013-11-08,2330.73 ,19575.00 ,
2013-11-11,2360.78 ,19460.00 ,
2013-11-12,2376.30 ,19280.00 ,
2013-11-13,2359.70 ,19230.00 ,
2013-11-14,2406.30 ,19330.00 ,
2013-11-15,2445.64 ,19375.00 ,
2013-11-18,2463.06 ,19150.00 ,
2013-11-19,2484.46 ,19105.00 ,
2013-11-20,2493.28 ,19340.00 ,
2013-11-21,2479.51 ,19215.00 ,
2013-11-22,2485.74 ,19265.00 ,
2013-11-25,2483.12 ,19060.00 ,
2013-11-26,2505.59 ,18935.00 ,
2013-11-27,2538.13 ,18935.00 ,
2013-11-28,2557.88 ,19200.00 ,
2013-11-29,2569.13 ,19500.00 ,
2013-12-02,2464.63 ,19655.00 ,
2013-12-03,2480.26 ,19485.00 ,
2013-12-04,2536.44 ,19550.00 ,
2013-12-05,2519.82 ,19520.00 ,
2013-12-06,2540.67 ,19425.00 ,
2013-12-09,2621.93 ,19760.00 ,
2013-12-10,2619.54 ,19790.00 ,
2013-12-11,2603.00 ,19710.00 ,
2013-12-12,2579.58 ,19945.00 ,
2013-12-13,2597.90 ,19850.00 ,
2013-12-16,2550.78 ,19850.00 ,
2013-12-17,2551.71 ,19590.00 ,
2013-12-18,2542.73 ,19295.00 ,
2013-12-19,2509.34 ,19145.00 ,
2013-12-20,2461.94 ,19065.00 ,
2013-12-23,2449.36 ,18690.00 ,
2013-12-24,2495.35 ,18380.00 ,
2013-12-25,2531.67 ,18385.00 ,
2013-12-26,2491.94 ,18410.00 ,
2013-12-27,2546.49 ,18475.00 ,
2013-12-30,2554.46 ,18325.00 ,
2013-12-31,2545.54 ,18205.00 ,250138212.00 
2014-01-02,2571.66 ,18135.00 ,
2014-01-03,2539.35 ,17780.00 ,
2014-01-06,2465.00 ,17485.00 ,
2014-01-07,2475.18 ,17005.00 ,
2014-01-08,2463.18 ,16780.00 ,
2014-01-09,2422.75 ,16915.00 ,
2014-01-10,2378.08 ,16855.00 ,
2014-01-13,2353.10 ,16615.00 ,
2014-01-14,2404.67 ,16515.00 ,
2014-01-15,2441.70 ,16665.00 ,
2014-01-16,2446.08 ,16810.00 ,
2014-01-17,2422.86 ,16550.00 ,
2014-01-20,2403.66 ,16815.00 ,
2014-01-21,2447.35 ,16545.00 ,
2014-01-22,2496.94 ,16555.00 ,
2014-01-23,2502.87 ,16555.00 ,
2014-01-24,2525.55 ,16515.00 ,
2014-01-27,2541.28 ,16100.00 ,
2014-01-28,2550.23 ,15790.00 ,
2014-01-29,2551.05 ,15665.00 ,
2014-01-30,2523.59 ,15455.00 ,
2014-02-07,2549.90 ,15425.00 ,
2014-02-10,2626.79 ,15750.00 ,
2014-02-11,2633.53 ,15805.00 ,
2014-02-12,2659.30 ,15710.00 ,
2014-02-13,2634.27 ,15705.00 ,
2014-02-14,2679.02 ,15615.00 ,
2014-02-17,2744.25 ,16165.00 ,
2014-02-18,2770.90 ,16175.00 ,
2014-02-19,2787.05 ,16200.00 ,
2014-02-20,2751.19 ,15810.00 ,
2014-02-21,2729.90 ,15585.00 ,
2014-02-24,2736.17 ,15005.00 ,
2014-02-25,2600.11 ,14710.00 ,
2014-02-26,2637.95 ,14655.00 ,
2014-02-27,2611.23 ,14410.00 ,
2014-02-28,2678.42 ,15040.00 ,
2014-03-03,2709.24 ,14945.00 ,
2014-03-04,2698.50 ,14675.00 ,
2014-03-05,2662.11 ,15105.00 ,
2014-03-06,2673.03 ,15070.00 ,
2014-03-07,2659.34 ,15135.00 ,
2014-03-10,2575.49 ,14495.00 ,
2014-03-11,2621.64 ,14920.00 ,
2014-03-12,2632.05 ,15540.00 ,
2014-03-13,2663.51 ,15725.00 ,
2014-03-14,2660.40 ,15610.00 ,
2014-03-17,2681.52 ,15300.00 ,
2014-03-18,2709.66 ,15050.00 ,
2014-03-19,2729.63 ,15210.00 ,
2014-03-20,2651.06 ,15230.00 ,
2014-03-21,2714.68 ,15035.00 ,
2014-03-24,2724.48 ,14935.00 ,
2014-03-25,2729.95 ,15410.00 ,
2014-03-26,2705.11 ,15550.00 ,
2014-03-27,2686.21 ,15635.00 ,
2014-03-28,2640.72 ,15605.00 ,
2014-03-31,2592.17 ,15775.00 ,254688695.00 
2014-04-01,2641.20 ,15710.00 ,
2014-04-02,2637.58 ,15665.00 ,
2014-04-03,2630.55 ,15390.00 ,
2014-04-04,2653.39 ,15465.00 ,
2014-04-08,2672.92 ,15715.00 ,
2014-04-09,2683.23 ,15570.00 ,
2014-04-10,2684.89 ,15200.00 ,
2014-04-11,2701.97 ,15145.00 ,
2014-04-14,2726.06 ,14990.00 ,
2014-04-15,2690.28 ,15010.00 ,
2014-04-16,2690.68 ,15075.00 ,
2014-04-17,2686.79 ,14950.00 ,
2014-04-18,2692.66 ,14450.00 ,
2014-04-21,2644.45 ,14050.00 ,
2014-04-22,2634.20 ,13995.00 ,
2014-04-23,2627.14 ,13940.00 ,
2014-04-24,2610.45 ,14090.00 ,
2014-04-25,2579.55 ,14050.00 ,
2014-04-28,2510.44 ,14200.00 ,
2014-04-29,2581.68 ,14580.00 ,
2014-04-30,2590.48 ,14375.00 ,
2014-05-05,2612.25 ,14350.00 ,
2014-05-06,2617.12 ,14125.00 ,
2014-05-07,2632.61 ,14015.00 ,
2014-05-08,2617.05 ,14020.00 ,
2014-05-09,2588.73 ,13845.00 ,
2014-05-12,2642.60 ,14055.00 ,
2014-05-13,2638.71 ,14065.00 ,
2014-05-14,2621.08 ,14265.00 ,
2014-05-15,2593.72 ,14190.00 ,
2014-05-16,2603.31 ,13860.00 ,
2014-05-19,2583.66 ,14275.00 ,
2014-05-20,2592.99 ,14450.00 ,
2014-05-21,2627.47 ,14445.00 ,
2014-05-22,2630.15 ,14370.00 ,
2014-05-23,2650.08 ,14460.00 ,
2014-05-26,2675.52 ,14700.00 ,
2014-05-27,2662.22 ,14575.00 ,
2014-05-28,2692.29 ,14465.00 ,
2014-05-29,2675.25 ,14470.00 ,
2014-05-30,2670.37 ,14180.00 ,
2014-06-03,2667.70 ,14155.00 ,
2014-06-04,2666.86 ,14125.00 ,
2014-06-05,2675.18 ,14090.00 ,
2014-06-06,2670.80 ,14200.00 ,
2014-06-09,2706.06 ,14275.00 ,
2014-06-10,2726.66 ,14195.00 ,
2014-06-11,2711.66 ,14325.00 ,
2014-06-12,2696.58 ,14255.00 ,
2014-06-13,2728.63 ,14320.00 ,
2014-06-16,2725.72 ,14335.00 ,
2014-06-17,2694.04 ,14255.00 ,
2014-06-18,2686.32 ,14345.00 ,
2014-06-19,2614.61 ,14590.00 ,
2014-06-20,2649.30 ,14750.00 ,
2014-06-23,2678.63 ,15255.00 ,
2014-06-24,2692.26 ,15235.00 ,
2014-06-25,2706.90 ,15200.00 ,
2014-06-26,2750.25 ,15300.00 ,
2014-06-27,2789.79 ,15170.00 ,
2014-06-30,2828.35 ,14950.00 ,257525019.00 
2014-07-01,2843.78 ,14870.00 ,
2014-07-02,2841.81 ,14730.00 ,
2014-07-03,2865.16 ,14855.00 ,
2014-07-04,2851.49 ,14720.00 ,
2014-07-07,2837.64 ,14240.00 ,
2014-07-08,2878.08 ,14025.00 ,
2014-07-09,2817.94 ,13985.00 ,
2014-07-10,2813.24 ,13955.00 ,
2014-07-11,2850.72 ,13945.00 ,
2014-07-14,2912.84 ,14020.00 ,
2014-07-15,2911.06 ,13965.00 ,
2014-07-16,2909.50 ,14020.00 ,
2014-07-17,2896.40 ,14140.00 ,
2014-07-18,2915.89 ,14170.00 ,
2014-07-21,2927.33 ,14000.00 ,
2014-07-22,2938.31 ,14090.00 ,
2014-07-23,2906.42 ,15360.00 ,
2014-07-24,2884.21 ,15675.00 ,
2014-07-25,2876.21 ,15655.00 ,
2014-07-28,2926.03 ,15590.00 ,
2014-07-29,2965.75 ,15960.00 ,
2014-07-30,2975.18 ,15875.00 ,
2014-07-31,3002.98 ,15765.00 ,
2014-08-01,2978.11 ,15500.00 ,
2014-08-04,3007.57 ,15565.00 ,
2014-08-05,3011.72 ,15530.00 ,
2014-08-06,3019.74 ,15440.00 ,
2014-08-07,3011.39 ,15545.00 ,
2014-08-08,3096.61 ,15565.00 ,
2014-08-11,3137.76 ,15530.00 ,
2014-08-12,3173.45 ,15255.00 ,
2014-08-13,3187.71 ,15165.00 ,
2014-08-14,3187.95 ,14960.00 ,
2014-08-15,3235.28 ,14905.00 ,
2014-08-18,3280.51 ,14890.00 ,
2014-08-19,3291.12 ,14935.00 ,
2014-08-20,3257.29 ,14920.00 ,
2014-08-21,3257.13 ,15015.00 ,
2014-08-22,3271.51 ,15080.00 ,
2014-08-25,3211.14 ,15065.00 ,
2014-08-26,3167.69 ,14800.00 ,
2014-08-27,3190.62 ,14810.00 ,
2014-08-28,3169.29 ,14675.00 ,
2014-08-29,3204.02 ,14535.00 ,
2014-09-01,3266.93 ,14370.00 ,
2014-09-02,3295.07 ,14445.00 ,
2014-09-03,3302.09 ,14380.00 ,
2014-09-04,3320.34 ,14465.00 ,
2014-09-05,3326.22 ,14185.00 ,
2014-09-09,3431.30 ,13685.00 ,
2014-09-10,3396.55 ,13505.00 ,
2014-09-11,3477.79 ,13405.00 ,
2014-09-12,3519.26 ,13520.00 ,
2014-09-15,3520.44 ,13515.00 ,
2014-09-16,3382.73 ,13575.00 ,
2014-09-17,3452.04 ,13580.00 ,
2014-09-18,3501.91 ,13395.00 ,
2014-09-19,3515.53 ,13090.00 ,
2014-09-22,3497.48 ,12555.00 ,
2014-09-23,3497.04 ,12275.00 ,
2014-09-24,3533.99 ,12305.00 ,
2014-09-25,3502.06 ,11975.00 ,
2014-09-26,3560.66 ,12320.00 ,
2014-09-29,3596.68 ,12100.00 ,
2014-09-30,3611.54 ,12400.00 ,
2014-10-08,3727.81 ,12470.00 ,
2014-10-09,3764.27 ,12525.00 ,
2014-10-10,3768.44 ,12375.00 ,
2014-10-13,3820.50 ,12610.00 ,
2014-10-14,3817.60 ,12650.00 ,
2014-10-15,3820.14 ,12575.00 ,
2014-10-16,3752.73 ,12410.00 ,
2014-10-17,3736.00 ,12740.00 ,
2014-10-20,3838.78 ,12770.00 ,
2014-10-21,3892.62 ,12740.00 ,
2014-10-22,3899.64 ,12725.00 ,
2014-10-23,3824.01 ,13085.00 ,
2014-10-24,3818.36 ,13255.00 ,
2014-10-27,3805.94 ,13120.00 ,
2014-10-28,3887.71 ,13180.00 ,
2014-10-29,3939.05 ,13370.00 ,
2014-10-30,3973.95 ,13365.00 ,
2014-10-31,3947.96 ,13365.00 ,
2014-11-03,3959.30 ,13140.00 ,
2014-11-04,3964.50 ,12915.00 ,
2014-11-05,3970.30 ,12475.00 ,
2014-11-06,3995.16 ,12280.00 ,
2014-11-07,4006.85 ,12595.00 ,
2014-11-10,4022.31 ,12685.00 ,
2014-11-11,3892.00 ,12635.00 ,
2014-11-12,4009.63 ,12975.00 ,
2014-11-13,3979.57 ,13015.00 ,
2014-11-14,3960.83 ,12980.00 ,
2014-11-17,4028.16 ,13020.00 ,
2014-11-18,4104.43 ,12560.00 ,
2014-11-19,4157.77 ,12675.00 ,
2014-11-20,4167.28 ,12765.00 ,
2014-11-21,4208.72 ,12765.00 ,
2014-11-24,4239.46 ,12685.00 ,
2014-11-25,4320.54 ,12715.00 ,
2014-11-26,4360.12 ,12680.00 ,
2014-11-27,4382.92 ,12705.00 ,
2014-11-28,4364.53 ,12695.00 ,
2014-12-01,4399.31 ,12285.00 ,
2014-12-02,4411.00 ,12595.00 ,
2014-12-03,4252.51 ,12465.00 ,
2014-12-04,4285.03 ,12725.00 ,
2014-12-05,4086.80 ,12625.00 ,
2014-12-08,4034.18 ,12505.00 ,
2014-12-09,3907.35 ,12030.00 ,
2014-12-10,4137.43 ,11960.00 ,
2014-12-11,4243.88 ,11965.00 ,
2014-12-12,4266.39 ,12175.00 ,
2014-12-15,4290.24 ,12380.00 ,
2014-12-16,4253.43 ,12335.00 ,
2014-12-17,4171.79 ,12495.00 ,
2014-12-18,4163.06 ,12500.00 ,
2014-12-19,4043.05 ,12420.00 ,
2014-12-22,3767.02 ,12475.00 ,
2014-12-23,3631.39 ,12250.00 ,
2014-12-24,3769.50 ,12225.00 ,
2014-12-25,3812.92 ,12380.00 ,
2014-12-26,3824.91 ,12505.00 ,
2014-12-29,3754.46 ,12685.00 ,
2014-12-30,3618.68 ,13075.00 ,
2014-12-31,3686.48 ,13525.00 ,263508842.00 
2015-01-05,3762.62 ,13365.00 ,
2015-01-06,3837.49 ,13600.00 ,
2015-01-07,3838.09 ,13440.00 ,
2015-01-08,3835.45 ,13225.00 ,
2015-01-09,3848.06 ,13195.00 ,
2015-01-12,3818.59 ,13340.00 ,
2015-01-13,3963.11 ,13045.00 ,
2015-01-14,3899.19 ,12625.00 ,
2015-01-15,3920.69 ,12580.00 ,
2015-01-16,3982.64 ,12680.00 ,
2015-01-19,3892.57 ,12705.00 ,
2015-01-20,4100.16 ,12755.00 ,
2015-01-21,4186.34 ,12795.00 ,
2015-01-22,4198.53 ,13215.00 ,
2015-01-23,4140.90 ,13145.00 ,
2015-01-26,4211.78 ,13025.00 ,
2015-01-27,4313.41 ,13305.00 ,
2015-01-28,4287.08 ,13305.00 ,
2015-01-29,4260.50 ,13165.00 ,
2015-01-30,4227.11 ,13035.00 ,
2015-02-02,4232.69 ,13055.00 ,
2015-02-03,4258.94 ,13300.00 ,
2015-02-04,4199.15 ,13585.00 ,
2015-02-05,4112.70 ,13430.00 ,
2015-02-06,4058.10 ,13595.00 ,
2015-02-09,4012.67 ,13680.00 ,
2015-02-10,4041.92 ,13580.00 ,
2015-02-11,4072.31 ,13620.00 ,
2015-02-12,4131.07 ,13585.00 ,
2015-02-13,4154.08 ,13805.00 ,
2015-02-16,4185.57 ,14025.00 ,
2015-02-17,4207.64 ,13890.00 ,
2015-02-25,4169.22 ,13140.00 ,
2015-02-26,4167.24 ,13380.00 ,
2015-02-27,4207.59 ,13510.00 ,
2015-03-02,4340.30 ,13325.00 ,
2015-03-03,4320.35 ,12985.00 ,
2015-03-04,4388.20 ,13030.00 ,
2015-03-05,4384.88 ,12835.00 ,
2015-03-06,4364.03 ,12780.00 ,
2015-03-09,4448.96 ,12725.00 ,
2015-03-10,4546.20 ,12680.00 ,
2015-03-11,4675.26 ,12660.00 ,
2015-03-12,4597.90 ,12795.00 ,
2015-03-13,4649.73 ,12785.00 ,
2015-03-16,4758.17 ,12560.00 ,
2015-03-17,4834.87 ,12595.00 ,
2015-03-18,5047.72 ,12490.00 ,
2015-03-19,5059.52 ,12555.00 ,
2015-03-20,5162.16 ,12530.00 ,
2015-03-23,5320.97 ,12855.00 ,
2015-03-24,5464.70 ,13100.00 ,
2015-03-25,5786.67 ,12980.00 ,
2015-03-26,5798.74 ,13050.00 ,
2015-03-27,5755.45 ,12810.00 ,
2015-03-30,5757.83 ,12720.00 ,
2015-03-31,5761.60 ,12635.00 ,
2015-04-01,5923.07 ,12620.00 ,
2015-04-02,6121.39 ,12765.00 ,
2015-04-03,6393.18 ,12745.00 ,
2015-04-07,6453.90 ,12885.00 ,
2015-04-08,6450.86 ,12695.00 ,
2015-04-09,6282.34 ,12375.00 ,
2015-04-10,6505.73 ,12315.00 ,
2015-04-13,6687.14 ,12595.00 ,
2015-04-14,6745.41 ,12590.00 ,
2015-04-15,6389.24 ,12710.00 ,
2015-04-16,6421.54 ,12780.00 ,
2015-04-17,6446.96 ,12775.00 ,
2015-04-20,6247.94 ,12755.00 ,
2015-04-21,6512.57 ,13015.00 ,
2015-04-22,6626.79 ,13225.00 ,
2015-04-23,6706.41 ,13380.00 ,
2015-04-24,6630.95 ,13395.00 ,
2015-04-27,6612.65 ,13835.00 ,
2015-04-28,6341.61 ,14370.00 ,
2015-04-29,6465.00 ,14165.00 ,
2015-04-30,6467.68 ,14360.00 ,
2015-05-04,6546.07 ,14950.00 ,
2015-05-05,6302.03 ,14980.00 ,
2015-05-06,6204.37 ,14980.00 ,
2015-05-07,6179.00 ,14825.00 ,
2015-05-08,6397.40 ,14675.00 ,
2015-05-11,6598.52 ,14685.00 ,
2015-05-12,6931.60 ,14705.00 ,
2015-05-13,7018.35 ,14700.00 ,
2015-05-14,7004.63 ,14345.00 ,
2015-05-15,6912.46 ,14310.00 ,
2015-05-18,7087.65 ,14465.00 ,
2015-05-19,7265.66 ,14405.00 ,
2015-05-20,7465.18 ,13780.00 ,
2015-05-21,7737.68 ,13805.00 ,
2015-05-22,7811.72 ,13895.00 ,
2015-05-25,7974.32 ,13790.00 ,
2015-05-26,8248.54 ,14340.00 ,
2015-05-27,8503.97 ,14460.00 ,
2015-05-28,7933.12 ,14830.00 ,
2015-05-29,7870.30 ,14720.00 ,
2015-06-01,8273.99 ,14955.00 ,
2015-06-02,8867.37 ,14775.00 ,
2015-06-03,9007.39 ,14665.00 ,
2015-06-04,8930.86 ,14310.00 ,
2015-06-05,9175.46 ,14385.00 ,
2015-06-08,9012.70 ,14340.00 ,
2015-06-09,8883.95 ,14345.00 ,
2015-06-10,9148.60 ,14375.00 ,
2015-06-11,9302.38 ,14530.00 ,
2015-06-12,9596.78 ,14120.00 ,
2015-06-15,9456.65 ,13905.00 ,
2015-06-16,9276.43 ,13970.00 ,
2015-06-17,9514.99 ,13935.00 ,
2015-06-18,9371.30 ,13850.00 ,
2015-06-19,8656.09 ,13740.00 ,
2015-06-23,8440.05 ,13845.00 ,
2015-06-24,8579.78 ,13875.00 ,
2015-06-25,8133.36 ,13595.00 ,
2015-06-26,7353.83 ,13370.00 ,
2015-06-29,6664.71 ,13355.00 ,
2015-06-30,6933.99 ,12890.00 ,271005244.00 
2015-07-01,6418.03 ,13070.00 ,
2015-07-02,5821.13 ,13260.00 ,
2015-07-03,5277.90 ,13335.00 ,
2015-07-06,4835.97 ,12945.00 ,
2015-07-07,4398.68 ,12675.00 ,
2015-07-08,4076.12 ,12060.00 ,
2015-07-09,4402.17 ,12025.00 ,
2015-07-10,4783.16 ,12280.00 ,
2015-07-13,5169.93 ,12130.00 ,
2015-07-14,5372.17 ,12300.00 ,
2015-07-15,5168.29 ,12215.00 ,
2015-07-16,5214.86 ,13125.00 ,
2015-07-17,5588.44 ,13300.00 ,
2015-07-20,5710.95 ,13200.00 ,
2015-07-21,5926.95 ,13325.00 ,
2015-07-22,5924.09 ,13440.00 ,
2015-07-23,6118.54 ,13240.00 ,
2015-07-24,6022.46 ,13010.00 ,
2015-07-27,5454.60 ,12705.00 ,
2015-07-28,5055.03 ,12570.00 ,
2015-07-29,5385.47 ,12750.00 ,
2015-07-30,5164.80 ,12735.00 ,
2015-07-31,5041.01 ,12695.00 ,
2015-08-03,4722.04 ,12570.00 ,
2015-08-04,5105.80 ,12195.00 ,
2015-08-05,5070.25 ,12185.00 ,
2015-08-06,5007.31 ,12165.00 ,
2015-08-07,5223.95 ,11980.00 ,
2015-08-10,5556.55 ,12100.00 ,
2015-08-11,5689.85 ,12305.00 ,
2015-08-12,5617.54 ,12140.00 ,
2015-08-13,5768.95 ,12390.00 ,
2015-08-14,5800.72 ,12375.00 ,
2015-08-17,5935.21 ,12215.00 ,
2015-08-18,5396.63 ,12105.00 ,
2015-08-19,5505.28 ,11970.00 ,
2015-08-20,5312.15 ,12000.00 ,
2015-08-21,4975.02 ,11985.00 ,
2015-08-24,4502.82 ,11590.00 ,
2015-08-25,4076.73 ,11330.00 ,
2015-08-26,3865.15 ,11355.00 ,
2015-08-27,4084.94 ,11325.00 ,
2015-08-28,4406.59 ,11610.00 ,
2015-08-31,4144.80 ,11515.00 ,
2015-09-01,3807.21 ,11420.00 ,
2015-09-02,3680.95 ,11315.00 ,
2015-09-07,3797.67 ,11410.00 ,
2015-09-08,4036.64 ,11460.00 ,
2015-09-09,4217.66 ,11730.00 ,
2015-09-10,4137.37 ,11610.00 ,
2015-09-11,4145.89 ,11925.00 ,
2015-09-14,3778.11 ,11820.00 ,
2015-09-15,3613.65 ,11620.00 ,
2015-09-16,3920.78 ,11610.00 ,
2015-09-17,3824.98 ,11735.00 ,
2015-09-18,3893.37 ,11645.00 ,
2015-09-21,4078.79 ,11480.00 ,
2015-09-22,4070.54 ,11580.00 ,
2015-09-23,3970.79 ,11410.00 ,
2015-09-24,4087.38 ,11470.00 ,
2015-09-25,3895.75 ,11605.00 ,
2015-09-28,3973.49 ,11625.00 ,
2015-09-29,3878.91 ,11335.00 ,
2015-09-30,3927.74 ,11300.00 ,
2015-10-08,4119.68 ,11510.00 ,
2015-10-09,4198.99 ,11610.00 ,
2015-10-12,4416.17 ,11790.00 ,
2015-10-13,4525.11 ,11710.00 ,
2015-10-14,4407.29 ,11770.00 ,
2015-10-15,4547.95 ,11825.00 ,
2015-10-16,4625.70 ,11685.00 ,
2015-10-19,4574.82 ,11480.00 ,
2015-10-20,4725.32 ,11365.00 ,
2015-10-21,4338.48 ,11300.00 ,
2015-10-22,4521.13 ,11215.00 ,
2015-10-23,4663.93 ,11175.00 ,
2015-10-26,4719.95 ,11120.00 ,
2015-10-27,4707.69 ,10835.00 ,
2015-10-28,4593.93 ,10810.00 ,
2015-10-29,4642.92 ,10910.00 ,
2015-10-30,4662.32 ,10850.00 ,
2015-11-02,4556.28 ,10880.00 ,
2015-11-03,4578.47 ,10775.00 ,
2015-11-04,4827.43 ,10665.00 ,
2015-11-05,4813.59 ,10625.00 ,
2015-11-06,4913.23 ,10505.00 ,
2015-11-09,5115.34 ,10490.00 ,
2015-11-10,5133.70 ,10555.00 ,
2015-11-11,5268.54 ,10720.00 ,
2015-11-12,5228.99 ,10740.00 ,
2015-11-13,5042.97 ,10830.00 ,
2015-11-16,5145.47 ,10670.00 ,
2015-11-17,5114.80 ,10495.00 ,
2015-11-18,5060.60 ,10465.00 ,
2015-11-19,5167.69 ,10340.00 ,
2015-11-20,5304.16 ,10330.00 ,
2015-11-23,5276.57 ,10325.00 ,
2015-11-24,5263.45 ,9535.00 ,
2015-11-25,5312.10 ,9765.00 ,
2015-11-26,5263.77 ,10070.00 ,
2015-11-27,4823.72 ,10110.00 ,
2015-11-30,4738.26 ,9900.00 ,
2015-12-01,4832.61 ,10115.00 ,
2015-12-02,4769.67 ,10330.00 ,
2015-12-03,4889.75 ,10200.00 ,
2015-12-04,4885.84 ,10215.00 ,
2015-12-07,4953.49 ,10325.00 ,
2015-12-08,4855.59 ,10250.00 ,
2015-12-09,4834.88 ,10240.00 ,
2015-12-10,4795.18 ,10105.00 ,
2015-12-11,4771.13 ,10060.00 ,
2015-12-14,4887.64 ,10180.00 ,
2015-12-15,4942.63 ,10250.00 ,
2015-12-16,4987.91 ,10145.00 ,
2015-12-17,5127.27 ,10235.00 ,
2015-12-18,5143.15 ,10150.00 ,
2015-12-21,5214.11 ,10475.00 ,
2015-12-22,5303.60 ,10680.00 ,
2015-12-23,5164.87 ,10620.00 ,
2015-12-24,5204.46 ,10655.00 ,
2015-12-25,5339.62 ,10615.00 ,
2015-12-28,5245.29 ,10470.00 ,
2015-12-29,5281.13 ,10435.00 ,
2015-12-30,5367.59 ,10610.00 ,
2015-12-31,5360.96 ,10605.00 ,279000000.00 
2016-01-04,4938.48 ,10250.00 ,
2016-01-05,4808.23 ,10175.00 ,
2016-01-06,4904.61 ,10130.00 ,
2016-01-07,4466.77 ,10065.00 ,
2016-01-08,4401.10 ,10090.00 ,
2016-01-11,4021.93 ,9935.00 ,
2016-01-12,3873.59 ,9695.00 ,
2016-01-13,3669.29 ,9825.00 ,
2016-01-14,3741.05 ,9830.00 ,
2016-01-15,3606.49 ,9875.00 ,
2016-01-18,3685.48 ,9995.00 ,
2016-01-19,3759.86 ,10215.00 ,
2016-01-20,3719.09 ,10280.00 ,
2016-01-21,3571.74 ,10230.00 ,
2016-01-22,3639.60 ,10330.00 ,
2016-01-25,3721.53 ,10350.00 ,
2016-01-26,3488.08 ,10230.00 ,
2016-01-27,3453.26 ,10315.00 ,
2016-01-28,3251.10 ,10290.00 ,
2016-01-29,3377.08 ,10220.00 ,
2016-02-01,3313.83 ,10255.00 ,
2016-02-02,3435.95 ,10160.00 ,
2016-02-03,3483.79 ,10130.00 ,
2016-02-04,3587.51 ,10285.00 ,
2016-02-05,3571.74 ,10235.00 ,
2016-02-15,3553.41 ,10330.00 ,
2016-02-16,3725.87 ,10555.00 ,
2016-02-17,3734.95 ,10490.00 ,
2016-02-18,3707.31 ,10495.00 ,
2016-02-19,3695.60 ,10510.00 ,
2016-02-22,3773.33 ,10700.00 ,
2016-02-23,3747.46 ,10670.00 ,
2016-02-24,3779.69 ,10610.00 ,
2016-02-25,3456.55 ,10665.00 ,
2016-02-26,3445.58 ,10415.00 ,
2016-02-29,3245.20 ,10335.00 ,
2016-03-01,3330.74 ,10305.00 ,
2016-03-02,3524.81 ,10510.00 ,
2016-03-03,3534.12 ,10670.00 ,
2016-03-04,3410.21 ,11070.00 ,
2016-03-07,3516.07 ,11665.00 ,
2016-03-08,3519.68 ,11660.00 ,
2016-03-09,3439.43 ,11350.00 ,
2016-03-10,3365.09 ,11375.00 ,
2016-03-11,3339.81 ,11295.00 ,
2016-03-14,3458.29 ,11465.00 ,
2016-03-15,3449.54 ,11135.00 ,
2016-03-16,3417.11 ,11195.00 ,
2016-03-17,3545.25 ,11725.00 ,
2016-03-18,3758.77 ,11890.00 ,
2016-03-21,3957.69 ,11845.00 ,
2016-03-22,4008.40 ,11865.00 ,
2016-03-23,4072.06 ,11760.00 ,
2016-03-24,4152.72 ,11550.00 ,
2016-03-25,4098.67 ,11625.00 ,
2016-03-28,4033.64 ,11755.00 ,
2016-03-29,3923.17 ,11510.00 ,
2016-03-30,4150.45 ,11360.00 ,
2016-03-31,4141.55 ,11310.00 ,283000000.00 
2016-04-01,4064.16 ,11420.00 ,
2016-04-05,4218.32 ,11570.00 ,
2016-04-06,4258.71 ,11660.00 ,
2016-04-07,4155.99 ,11650.00 ,
2016-04-08,4133.69 ,11530.00 ,
2016-04-11,4228.40 ,12025.00 ,
2016-04-12,4235.62 ,12225.00 ,
2016-04-13,4345.48 ,12645.00 ,
2016-04-14,4434.79 ,12575.00 ,
2016-04-15,4430.70 ,12555.00 ,
2016-04-18,4383.52 ,12515.00 ,
2016-04-19,4379.04 ,12675.00 ,
2016-04-20,4166.46 ,12945.00 ,
2016-04-21,4109.91 ,13305.00 ,
2016-04-22,4163.42 ,13040.00 ,
2016-04-25,4125.79 ,13095.00 ,
2016-04-26,4220.12 ,13040.00 ,
2016-04-27,4211.75 ,13000.00 ,
2016-04-28,4189.52 ,12800.00 ,
2016-04-29,4172.79 ,12770.00 ,
2016-05-03,4326.23 ,12820.00 ,
2016-05-04,4332.82 ,12825.00 ,
2016-05-05,4384.77 ,12550.00 ,
2016-05-06,4181.20 ,12290.00 ,
2016-05-09,3884.45 ,12010.00 ,
2016-05-10,3920.95 ,11845.00 ,
2016-05-11,3856.23 ,11895.00 ,
2016-05-12,3799.58 ,11840.00 ,
2016-05-13,3798.55 ,11420.00 ,
2016-05-16,3893.54 ,11265.00 ,
2016-05-17,3921.54 ,11310.00 ,
2016-05-18,3763.52 ,11265.00 ,
2016-05-19,3753.64 ,11015.00 ,
2016-05-20,3788.15 ,10865.00 ,
2016-05-23,3848.12 ,10500.00 ,
2016-05-24,3830.20 ,10330.00 ,
2016-05-25,3821.76 ,10320.00 ,
2016-05-26,3798.73 ,10420.00 ,
2016-05-27,3795.27 ,10485.00 ,
2016-05-30,3794.72 ,10515.00 ,
2016-05-31,3962.42 ,10575.00 ,
2016-06-01,3969.15 ,10330.00 ,
2016-06-02,4009.25 ,10350.00 ,
2016-06-03,4026.60 ,10485.00 ,
2016-06-06,4045.30 ,10600.00 ,
2016-06-07,4082.32 ,10625.00 ,
2016-06-08,4058.08 ,10450.00 ,
2016-06-13,3891.83 ,10545.00 ,
2016-06-14,3879.71 ,10515.00 ,
2016-06-15,3984.82 ,10400.00 ,
2016-06-16,3962.93 ,10495.00 ,
2016-06-17,4000.32 ,10600.00 ,
2016-06-20,4008.25 ,10940.00 ,
2016-06-21,3994.99 ,10920.00 ,
2016-06-22,4062.67 ,10960.00 ,
2016-06-23,4027.84 ,11065.00 ,
2016-06-24,4000.73 ,10960.00 ,
2016-06-27,4094.88 ,11115.00 ,
2016-06-28,4133.60 ,11265.00 ,
2016-06-29,4130.84 ,11290.00 ,
2016-06-30,4119.86 ,11385.00 ,285000000.00 
2016-07-01,4218.69 ,11460.00 ,
2016-07-04,4297.64 ,11885.00 ,
2016-07-05,4317.06 ,11885.00 ,
2016-07-06,4334.51 ,11450.00 ,
2016-07-07,4370.62 ,11185.00 ,
2016-07-08,4369.15 ,10825.00 ,
2016-07-11,4459.36 ,10800.00 ,
2016-07-12,4445.12 ,10945.00 ,
2016-07-13,4561.44 ,11210.00 ,
2016-07-14,4608.62 ,11080.00 ,
2016-07-15,4661.26 ,11390.00 ,
2016-07-18,4706.39 ,11265.00 ,
2016-07-19,4776.62 ,11220.00 ,
2016-07-20,4739.56 ,11470.00 ,
2016-07-21,4834.74 ,11575.00 ,
2016-07-22,4748.50 ,11545.00 ,
2016-07-25,4756.11 ,11220.00 ,
2016-07-26,4809.07 ,11075.00 ,
2016-07-27,4567.35 ,11205.00 ,
2016-07-28,4511.49 ,11210.00 ,
2016-07-29,4517.61 ,11055.00 ,
2016-08-01,4403.17 ,10930.00 ,
2016-08-02,4443.93 ,10900.00 ,
2016-08-03,4468.09 ,12755.00 ,
2016-08-04,4478.42 ,12565.00 ,
2016-08-05,4496.20 ,12635.00 ,
2016-08-08,4527.87 ,12840.00 ,
2016-08-09,4648.19 ,12720.00 ,
2016-08-10,4660.81 ,12630.00 ,
2016-08-11,4584.10 ,12675.00 ,
2016-08-12,4607.05 ,12875.00 ,
2016-08-15,4712.62 ,13055.00 ,
2016-08-16,4758.57 ,13110.00 ,
2016-08-17,4746.76 ,13135.00 ,
2016-08-18,4744.40 ,12975.00 ,
2016-08-19,4745.22 ,13080.00 ,
2016-08-22,4668.98 ,12850.00 ,
2016-08-23,4677.31 ,12645.00 ,
2016-08-24,4698.33 ,12625.00 ,
2016-08-25,4670.07 ,12390.00 ,
2016-08-26,4695.92 ,12305.00 ,
2016-08-29,4742.89 ,12305.00 ,
2016-08-30,4747.68 ,12380.00 ,
2016-08-31,4770.53 ,12180.00 ,
2016-09-01,4721.81 ,12205.00 ,
2016-09-02,4689.57 ,12415.00 ,
2016-09-05,4706.62 ,12545.00 ,
2016-09-06,4797.27 ,12515.00 ,
2016-09-07,4814.38 ,12565.00 ,
2016-09-08,4854.42 ,12695.00 ,
2016-09-09,4803.54 ,12780.00 ,
2016-09-12,4727.40 ,12510.00 ,
2016-09-13,4815.30 ,12425.00 ,
2016-09-14,4856.26 ,12500.00 ,
2016-09-19,5010.32 ,12810.00 ,
2016-09-20,5090.18 ,13135.00 ,
2016-09-21,5041.28 ,13195.00 ,
2016-09-22,5077.98 ,13445.00 ,
2016-09-23,5081.25 ,13475.00 ,
2016-09-26,4959.95 ,13430.00 ,
2016-09-27,4967.41 ,13240.00 ,
2016-09-28,4974.78 ,13405.00 ,
2016-09-29,5028.26 ,13525.00 ,
2016-09-30,5010.98 ,13265.00 ,280000000.00 
2016-10-10,5133.96 ,13725.00 ,
2016-10-11,5202.10 ,14125.00 ,
2016-10-12,5289.68 ,14150.00 ,
2016-10-13,5259.15 ,14070.00 ,
2016-10-14,5234.64 ,14305.00 ,
2016-10-17,5109.14 ,14365.00 ,
2016-10-18,5151.80 ,14250.00 ,
2016-10-19,5192.76 ,13965.00 ,
2016-10-20,5149.37 ,13800.00 ,
2016-10-21,5138.64 ,13615.00 ,
2016-10-24,5204.47 ,13850.00 ,
2016-10-25,5220.85 ,14125.00 ,
2016-10-26,5226.62 ,13830.00 ,
2016-10-27,5257.20 ,14065.00 ,
2016-10-28,5289.34 ,14190.00 ,
2016-10-31,5222.44 ,14170.00 ,
2016-11-01,5313.20 ,14190.00 ,
2016-11-02,5295.12 ,13965.00 ,
2016-11-03,5339.86 ,13795.00 ,
2016-11-04,5328.70 ,13940.00 ,
2016-11-07,5333.95 ,14260.00 ,
2016-11-08,5411.75 ,14805.00 ,
2016-11-09,5520.93 ,15325.00 ,
2016-11-10,5774.28 ,15535.00 ,
2016-11-11,5768.76 ,16035.00 ,
2016-11-14,5741.20 ,15770.00 ,
2016-11-15,5816.39 ,15605.00 ,
2016-11-16,5803.46 ,16140.00 ,
2016-11-17,5775.72 ,16480.00 ,
2016-11-18,5753.64 ,16165.00 ,
2016-11-21,5811.71 ,17155.00 ,
2016-11-22,5824.61 ,18075.00 ,
2016-11-23,5781.12 ,18020.00 ,
2016-11-24,5754.80 ,18555.00 ,
2016-11-25,5778.46 ,18355.00 ,
2016-11-28,5755.65 ,18775.00 ,
2016-11-29,5738.37 ,19115.00 ,
2016-11-30,5683.67 ,18215.00 ,
2016-12-01,5715.35 ,18135.00 ,
2016-12-02,5626.71 ,17850.00 ,
2016-12-05,5564.62 ,18305.00 ,
2016-12-06,5598.17 ,18640.00 ,
2016-12-07,5674.61 ,18735.00 ,
2016-12-08,5639.75 ,18935.00 ,
2016-12-09,5580.85 ,18665.00 ,
2016-12-12,5363.00 ,19455.00 ,
2016-12-13,5419.11 ,19610.00 ,
2016-12-14,5427.14 ,20155.00 ,
2016-12-15,5470.75 ,20055.00 ,
2016-12-16,5554.28 ,19945.00 ,
2016-12-19,5540.58 ,19715.00 ,
2016-12-20,5516.98 ,19095.00 ,
2016-12-21,5601.19 ,19230.00 ,
2016-12-22,5615.95 ,19035.00 ,
2016-12-23,5557.90 ,18615.00 ,
2016-12-26,5531.00 ,18000.00 ,
2016-12-27,5534.55 ,17590.00 ,
2016-12-28,5497.45 ,17975.00 ,
2016-12-29,5457.82 ,17985.00 ,
2016-12-30,5465.63 ,18170.00 ,
2016-12-31,,,290000000.00 
2017-01-03,5511.90 ,18635.00 ,
2017-01-04,5566.44 ,18265.00 ,
2017-01-05,5553.59 ,18325.00 ,
2017-01-06,5523.03 ,18015.00 ,
2017-01-09,5499.29 ,18430.00 ,
2017-01-10,5473.96 ,19055.00 ,
2017-01-11,5368.36 ,19380.00 ,
2017-01-12,5357.67 ,20065.00 ,
2017-01-13,5277.91 ,20380.00 ,
2017-01-16,5167.23 ,21150.00 ,
2017-01-17,5220.18 ,21320.00 ,
2017-01-18,5184.97 ,21275.00 ,
2017-01-19,5160.07 ,21225.00 ,
2017-01-20,5226.78 ,20450.00 ,
2017-01-23,5276.68 ,19955.00 ,
2017-01-24,5282.28 ,20075.00 ,
2017-01-25,5324.38 ,20235.00 ,
2017-01-26,5343.41 ,21000.00 ,
2017-02-03,5299.27 ,20430.00 ,
2017-02-06,5376.07 ,20160.00 ,
2017-02-07,5381.43 ,20280.00 ,
2017-02-08,5452.67 ,20715.00 ,
2017-02-09,5440.23 ,20695.00 ,
2017-02-10,5432.36 ,20855.00 ,
2017-02-13,5484.56 ,21685.00 ,
2017-02-14,5463.88 ,21890.00 ,
2017-02-15,5352.13 ,21715.00 ,
2017-02-16,5387.59 ,21180.00 ,
2017-02-17,5392.33 ,20380.00 ,
2017-02-20,5384.40 ,20200.00 ,
2017-02-21,5425.20 ,20345.00 ,
2017-02-22,5421.57 ,19940.00 ,
2017-02-23,5407.57 ,19420.00 ,
2017-02-24,5425.27 ,18665.00 ,
2017-02-27,5382.21 ,18805.00 ,
2017-02-28,5420.32 ,18520.00 ,
2017-03-01,5419.14 ,18725.00 ,
2017-03-02,5414.14 ,18760.00 ,
2017-03-03,5381.87 ,18870.00 ,
2017-03-06,5425.42 ,18960.00 ,
2017-03-07,5470.04 ,18615.00 ,
2017-03-08,5449.46 ,18035.00 ,
2017-03-09,5418.73 ,17720.00 ,
2017-03-10,5412.61 ,17675.00 ,
2017-03-13,5435.78 ,17560.00 ,
2017-03-14,5398.57 ,17700.00 ,
2017-03-15,5397.94 ,17615.00 ,
2017-03-16,5460.25 ,17700.00 ,
2017-03-17,5404.15 ,18010.00 ,
2017-03-20,5414.30 ,18065.00 ,
2017-03-21,5409.26 ,17675.00 ,
2017-03-22,5369.90 ,16995.00 ,
2017-03-23,5407.15 ,16610.00 ,
2017-03-24,5399.62 ,17010.00 ,
2017-03-27,5385.43 ,16325.00 ,
2017-03-28,5381.79 ,16300.00 ,
2017-03-29,5340.67 ,16495.00 ,
2017-03-30,5218.63 ,16405.00 ,
2017-03-31,5274.91 ,16430.00 ,300280590.00 
2017-04-05,5428.85 ,16870.00 ,
2017-04-06,5436.18 ,16860.00 ,
2017-04-07,5428.33 ,16065.00 ,
2017-04-10,5353.01 ,15590.00 ,
2017-04-11,5423.78 ,15470.00 ,
2017-04-12,5363.63 ,15000.00 ,
2017-04-13,5361.04 ,14975.00 ,
2017-04-14,5228.49 ,14860.00 ,
2017-04-17,5067.26 ,14950.00 ,
2017-04-18,5028.24 ,14780.00 ,
2017-04-19,4981.86 ,14330.00 ,
2017-04-20,4941.58 ,14440.00 ,
2017-04-21,4954.92 ,14835.00 ,
2017-04-24,4806.04 ,14660.00 ,
2017-04-25,4793.81 ,14795.00 ,
2017-04-26,4804.36 ,14695.00 ,
2017-04-27,4833.99 ,14520.00 ,
2017-04-28,4855.12 ,14730.00 ,
2017-05-02,4821.78 ,15185.00 ,
2017-05-03,4814.74 ,15145.00 ,
2017-05-04,4811.63 ,14390.00 ,
2017-05-05,4769.13 ,13805.00 ,
2017-05-08,4695.04 ,13735.00 ,
2017-05-09,,13560.00 ,
2017-05-10,4598.56 ,13535.00 ,
2017-05-11,4545.44 ,13515.00 ,
2017-05-12,4533.16 ,13540.00 ,
2017-05-15,4523.82 ,13675.00 ,
2017-05-16,4587.61 ,13700.00 ,
2017-05-17,4623.10 ,13850.00 ,
2017-05-18,4582.30 ,13545.00 ,
2017-05-19,4582.84 ,13670.00 ,
2017-05-22,4498.50 ,14025.00 ,
2017-05-23,4349.15 ,14080.00 ,
2017-05-24,4385.23 ,13870.00 ,
2017-05-25,4405.99 ,13765.00 ,
2017-05-26,4397.87 ,13570.00 ,
2017-05-31,4399.29 ,12970.00 ,
2017-06-01,4303.93 ,12485.00 ,
2017-06-02,4386.00 ,12485.00 ,
2017-06-05,4438.50 ,12505.00 ,
2017-06-06,4435.01 ,12490.00 ,
2017-06-07,4490.10 ,12505.00 ,
2017-06-08,4466.10 ,12420.00 ,
2017-06-09,4471.59 ,12485.00 ,
2017-06-12,4413.88 ,12630.00 ,
2017-06-13,4460.59 ,12540.00 ,
2017-06-14,4466.10 ,12685.00 ,
2017-06-15,4513.73 ,12820.00 ,
2017-06-16,4494.99 ,12930.00 ,
2017-06-19,4514.92 ,12735.00 ,
2017-06-20,4513.19 ,12660.00 ,
2017-06-21,4527.58 ,12525.00 ,
2017-06-22,4496.70 ,12620.00 ,
2017-06-23,4484.69 ,12575.00 ,
2017-06-26,4517.10 ,12685.00 ,
2017-06-27,4513.21 ,12795.00 ,
2017-06-28,4487.14 ,13040.00 ,
2017-06-29,4538.80 ,13345.00 ,
2017-06-30,4515.41 ,13360.00 ,304000000.00 
2017-07-03,4559.32 ,13455.00 ,
2017-07-04,4577.87 ,13055.00 ,
2017-07-05,4605.95 ,12825.00 ,
2017-07-06,4589.92 ,12815.00 ,
2017-07-07,4575.29 ,12850.00 ,
2017-07-10,4562.34 ,12735.00 ,
2017-07-11,4531.67 ,12815.00 ,
2017-07-12,4511.72 ,13200.00 ,
2017-07-13,4521.99 ,13200.00 ,
2017-07-14,4376.52 ,13240.00 ,
2017-07-17,4105.25 ,13520.00 ,
2017-07-18,4144.79 ,13515.00 ,
2017-07-19,4214.23 ,13680.00 ,
2017-07-20,4228.30 ,14095.00 ,
2017-07-21,4232.34 ,13920.00 ,
2017-07-24,4276.40 ,13665.00 ,
2017-07-25,4243.28 ,13635.00 ,
2017-07-26,4228.59 ,13600.00 ,
2017-07-27,4301.84 ,13445.00 ,
2017-07-28,4313.07 ,13060.00 ,
2017-07-31,4305.88 ,12485.00 ,
2017-08-01,4328.15 ,12505.00 ,
2017-08-02,4326.44 ,15265.00 ,
2017-08-03,4322.77 ,15290.00 ,
2017-08-04,4330.06 ,15550.00 ,
2017-08-07,4357.75 ,15950.00 ,
2017-08-08,4330.14 ,16055.00 ,
2017-08-09,4330.94 ,16450.00 ,
2017-08-10,4285.24 ,16495.00 ,
2017-08-11,4199.56 ,16100.00 ,
2017-08-14,4255.38 ,15985.00 ,
2017-08-15,4256.93 ,16045.00 ,
2017-08-16,4294.72 ,16255.00 ,
2017-08-17,4304.58 ,16600.00 ,
2017-08-18,4289.56 ,16440.00 ,
2017-08-21,4310.35 ,16595.00 ,
