指标名称,36大中城市日用工业消费品平均价格:啤酒:瓶装630ml左右,36大中城市日用工业消费品平均价格:啤酒:罐装350ml左右,申万行业指数:啤酒,Wind行业指数:啤酒,产量:啤酒:当月值,出口数量:啤酒:当月值,出口金额:啤酒:当月值,出口平均单价:啤酒:当月值,价格:啤酒:哈尔滨:330ml:一号店,价格:啤酒:百威:330ml:一号店,现货价:大麦(优质):明尼亚波力,进口金额:大麦:当月值,进口数量:大麦:当月值,进口平均单价:大麦:当月值,农产品集贸市场价格指数:玉米:当月同比,市场价:玉米:黄玉米二等:全国
2010-01-04,,,2620.94 ,2980.02 ,,,,,,,3.50 ,,,,,
2010-01-05,,,2621.76 ,2980.95 ,,,,,,,3.50 ,,,,,
2010-01-06,,,2628.10 ,2988.16 ,,,,,,,3.50 ,,,,,
2010-01-07,,,2579.11 ,2932.46 ,,,,,,,3.50 ,,,,,
2010-01-08,,,2605.80 ,2962.80 ,,,,,,,3.50 ,,,,,
2010-01-11,,,2605.75 ,2962.74 ,,,,,,,3.50 ,,,,,
2010-01-12,,,2659.44 ,3023.79 ,,,,,,,3.50 ,,,,,
2010-01-13,,,2716.98 ,3089.21 ,,,,,,,3.50 ,,,,,
2010-01-14,,,2811.02 ,3196.13 ,,,,,,,3.40 ,,,,,
2010-01-15,,,2793.68 ,3176.42 ,,,,,,,3.30 ,,,,,
2010-01-18,,,2913.66 ,3312.84 ,,,,,,,,,,,,
2010-01-19,,,2900.10 ,3297.42 ,,,,,,,3.30 ,,,,,
2010-01-20,,,2844.95 ,3234.71 ,,,,,,,3.30 ,,,,,
2010-01-21,,,2871.98 ,3265.45 ,,,,,,,3.30 ,,,,,
2010-01-22,,,2748.95 ,3125.56 ,,,,,,,3.30 ,,,,,
2010-01-25,,,2702.68 ,3072.96 ,,,,,,,3.30 ,,,,,
2010-01-26,,,2613.22 ,2971.23 ,,,,,,,3.30 ,,,,,
2010-01-27,,,2609.82 ,2967.38 ,,,,,,,3.40 ,,,,,
2010-01-28,,,2665.85 ,3031.08 ,,,,,,,3.40 ,,,,,
2010-01-29,,,2676.76 ,3043.49 ,,,,,,,3.40 ,,,,,
2010-01-31,,,,,259.84 ,14720.00 ,892.00 ,605.98 ,,,,2139.60 ,95176.00 ,224.80 ,119.26 ,
2010-02-01,,,2646.58 ,3009.17 ,,,,,,,3.40 ,,,,,
2010-02-02,,,2612.36 ,2970.26 ,,,,,,,3.30 ,,,,,
2010-02-03,,,2663.92 ,3028.89 ,,,,,,,,,,,,
2010-02-04,,,2732.69 ,3107.08 ,,,,,,,,,,,,
2010-02-05,,,2720.96 ,3093.74 ,,,,,,,,,,,,
2010-02-08,,,2732.82 ,3107.23 ,,,,,,,,,,,,
2010-02-09,,,2712.04 ,3083.60 ,,,,,,,,,,,,
2010-02-10,,,2726.05 ,3099.53 ,,,,,,,,,,,,
2010-02-11,,,2698.60 ,3068.32 ,,,,,,,,,,,,
2010-02-12,,,2744.25 ,3120.22 ,,,,,,,,,,,,
2010-02-22,,,2768.20 ,3147.45 ,,,,,,,,,,,,
2010-02-23,,,2764.00 ,3142.67 ,,,,,,,,,,,,
2010-02-24,,,2805.71 ,3190.09 ,,,,,,,,,,,,
2010-02-25,,,2860.94 ,3252.90 ,,,,,,,,,,,,
2010-02-26,,,2864.03 ,3256.41 ,,,,,,,,,,,,
2010-02-28,,,,,250.65 ,11180.00 ,641.90 ,574.15 ,,,,2375.30 ,107999.00 ,219.94 ,121.06 ,
2010-03-01,,,2891.61 ,3287.77 ,,,,,,,,,,,,
2010-03-02,,,2833.49 ,3221.69 ,,,,,,,,,,,,
2010-03-03,,,2847.95 ,3238.12 ,,,,,,,,,,,,
2010-03-04,,,2764.09 ,3142.77 ,,,,,,,,,,,,
2010-03-05,,,2761.29 ,3139.60 ,,,,,,,,,,,,
2010-03-08,,,2770.96 ,3150.59 ,,,,,,,,,,,,
2010-03-09,,,2782.12 ,3163.28 ,,,,,,,,,,,,
2010-03-10,,,2744.64 ,3120.66 ,,,,,,,,,,,,
2010-03-11,,,2717.96 ,3090.33 ,,,,,,,,,,,,
2010-03-12,,,2718.18 ,3090.58 ,,,,,,,,,,,,
2010-03-15,,,2659.02 ,3023.31 ,,,,,,,,,,,,
2010-03-16,,,2659.54 ,3023.90 ,,,,,,,,,,,,
2010-03-17,,,2724.49 ,3097.75 ,,,,,,,,,,,,
2010-03-18,,,2751.63 ,3128.61 ,,,,,,,,,,,,
2010-03-19,,,2752.06 ,3129.10 ,,,,,,,,,,,,
2010-03-22,,,2739.96 ,3115.34 ,,,,,,,,,,,,
2010-03-23,,,2719.76 ,3092.37 ,,,,,,,,,,,,
2010-03-24,,,2718.71 ,3091.18 ,,,,,,,,,,,,
2010-03-25,,,2656.13 ,3020.03 ,,,,,,,,,,,,
2010-03-26,,,2761.42 ,3139.74 ,,,,,,,,,,,,
2010-03-29,,,2860.35 ,3252.22 ,,,,,,,,,,,,
2010-03-30,,,2917.85 ,3317.61 ,,,,,,,,,,,,
2010-03-31,,,2918.18 ,3317.98 ,336.95 ,14840.00 ,865.50 ,583.22 ,,,,4237.00 ,186897.00 ,226.70 ,118.88 ,
2010-04-01,,,2937.84 ,3340.33 ,,,,,,,,,,,,
2010-04-02,,,2920.74 ,3320.89 ,,,,,,,,,,,,
2010-04-06,,,2929.82 ,3331.22 ,,,,,,,,,,,,
2010-04-07,,,2947.30 ,3351.09 ,,,,,,,,,,,,
2010-04-08,,,2973.04 ,3380.36 ,,,,,,,,,,,,
2010-04-09,,,3020.08 ,3433.83 ,,,,,,,,,,,,
2010-04-12,,,3028.09 ,3442.95 ,,,,,,,,,,,,
2010-04-13,,,3015.41 ,3428.53 ,,,,,,,,,,,,
2010-04-14,,,3133.94 ,3563.29 ,,,,,,,,,,,,
2010-04-15,,,3239.65 ,3683.49 ,,,,,,,,,,,,
2010-04-16,,,3193.94 ,3631.52 ,,,,,,,,,,,,
2010-04-19,,,3149.92 ,3581.46 ,,,,,,,,,,,,
2010-04-20,,,3282.88 ,3732.64 ,,,,,,,3.00 ,,,,,
2010-04-21,,,3362.68 ,3823.37 ,,,,,,,3.00 ,,,,,
2010-04-22,,,3373.66 ,3835.86 ,,,,,,,3.00 ,,,,,
2010-04-23,,,3417.64 ,3885.86 ,,,,,,,3.00 ,,,,,
2010-04-26,,,3364.85 ,3825.84 ,,,,,,,3.00 ,,,,,
2010-04-27,,,3254.81 ,3700.72 ,,,,,,,3.05 ,,,,,
2010-04-28,,,3258.25 ,3704.64 ,,,,,,,3.05 ,,,,,
2010-04-29,,,3152.14 ,3583.99 ,,,,,,,3.05 ,,,,,
2010-04-30,,,3084.34 ,3506.90 ,356.72 ,17100.00 ,965.50 ,564.62 ,,,3.10 ,6414.90 ,284111.00 ,225.79 ,118.59 ,
2010-05-03,,,,,,,,,,,3.10 ,,,,,
2010-05-04,,,3111.39 ,3537.66 ,,,,,,,3.15 ,,,,,
2010-05-05,,,3223.43 ,3665.05 ,,,,,,,3.15 ,,,,,
2010-05-06,,,3191.08 ,3628.26 ,,,,,,,3.15 ,,,,,
2010-05-07,,,3174.09 ,3608.95 ,,,,,,,3.15 ,,,,,
2010-05-10,,,3033.11 ,3448.65 ,,,,,,,3.15 ,,,,,
2010-05-11,,,2954.93 ,3359.76 ,,,,,,,3.15 ,,,,,
2010-05-12,,,2858.74 ,3250.39 ,,,,,,,3.15 ,,,,,
2010-05-13,,,2989.65 ,3399.24 ,,,,,,,3.15 ,,,,,
2010-05-14,,,3007.14 ,3419.13 ,,,,,,,3.15 ,,,,,
2010-05-17,,,2878.23 ,3272.55 ,,,,,,,3.15 ,,,,,
2010-05-18,,,2916.82 ,3316.43 ,,,,,,,3.15 ,,,,,
2010-05-19,,,2984.92 ,3393.86 ,,,,,,,,,,,,
2010-05-20,,,2895.99 ,3292.74 ,,,,,,,3.15 ,,,,,
2010-05-21,,,2928.78 ,3330.03 ,,,,,,,3.15 ,,,,,
2010-05-24,,,3100.36 ,3525.11 ,,,,,,,3.25 ,,,,,
2010-05-25,,,3093.78 ,3517.64 ,,,,,,,3.25 ,,,,,
2010-05-26,,,3069.02 ,3489.49 ,,,,,,,3.25 ,,,,,
2010-05-27,,,3168.10 ,3602.14 ,,,,,,,3.25 ,,,,,
2010-05-28,,,3147.49 ,3578.70 ,,,,,,,3.25 ,,,,,
2010-05-31,,,3082.70 ,3505.04 ,422.68 ,17890.00 ,1022.10 ,571.32 ,,,,7990.10 ,353140.00 ,226.26 ,121.75 ,
2010-06-01,,,3092.10 ,3515.72 ,,,,,,,3.20 ,,,,,
2010-06-02,,,3089.45 ,3512.71 ,,,,,,,3.20 ,,,,,
2010-06-03,,,3060.26 ,3479.52 ,,,,,,,3.20 ,,,,,
2010-06-04,,,3133.16 ,3562.40 ,,,,,,,3.20 ,,,,,
2010-06-07,,,3184.50 ,3620.78 ,,,,,,,3.20 ,,,,,
2010-06-08,,,3239.45 ,3683.26 ,,,,,,,3.20 ,,,,,
2010-06-09,,,3233.17 ,3676.12 ,,,,,,,3.20 ,,,,,
2010-06-10,,,3245.01 ,3689.59 ,,,,,,,3.20 ,,,,,
2010-06-11,,,3286.70 ,3736.98 ,,,,,,,3.20 ,,,,,
2010-06-14,,,,,,,,,,,3.20 ,,,,,
2010-06-15,,,,,,,,,,,3.20 ,,,,,
2010-06-16,,,,,,,,,,,3.20 ,,,,,
2010-06-17,,,3203.20 ,3642.04 ,,,,,,,3.20 ,,,,,
2010-06-18,,,3096.77 ,3521.03 ,,,,,,,3.20 ,,,,,
2010-06-21,,,3191.14 ,3628.33 ,,,,,,,,,,,,
2010-06-22,,,3191.07 ,3628.25 ,,,,,,,,,,,,
2010-06-23,,,3195.85 ,3633.69 ,,,,,,,,,,,,
2010-06-24,,,3166.29 ,3600.08 ,,,,,,,,,,,,
2010-06-25,,,3176.45 ,3611.63 ,,,,,,,,,,,,
2010-06-28,,,3115.72 ,3542.58 ,,,,,,,,,,,,
2010-06-29,,,2969.25 ,3376.04 ,,,,,,,,,,,,
2010-06-30,,,2969.48 ,3376.30 ,496.50 ,18120.00 ,1035.30 ,571.36 ,,,,5574.30 ,241804.00 ,230.53 ,121.33 ,
2010-07-01,,,2887.41 ,3282.98 ,,,,,,,,,,,,
2010-07-02,,,2779.52 ,3160.32 ,,,,,,,,,,,,
2010-07-05,,,2754.71 ,3132.11 ,,,,,,,,,,,,
2010-07-06,,,2836.87 ,3225.53 ,,,,,,,,,,,,
2010-07-07,,,2887.14 ,3282.68 ,,,,,,,,,,,,
2010-07-08,,,2876.71 ,3270.82 ,,,,,,,,,,,,
2010-07-09,,,2947.66 ,3351.50 ,,,,,,,,,,,,
2010-07-12,,,2938.79 ,3341.41 ,,,,,,,,,,,,
2010-07-13,,,2886.65 ,3282.13 ,,,,,,,,,,,,
2010-07-14,,,2885.77 ,3281.12 ,,,,,,,,,,,,
2010-07-15,,,2867.65 ,3260.53 ,,,,,,,,,,,,
2010-07-16,,,2832.44 ,3220.49 ,,,,,,,,,,,,
2010-07-19,,,2866.41 ,3259.11 ,,,,,,,,,,,,
2010-07-20,,,2939.32 ,3342.01 ,,,,,,,,,,,,
2010-07-21,,,2934.63 ,3336.68 ,,,,,,,,,,,,
2010-07-22,,,2972.57 ,3379.82 ,,,,,,,,,,,,
2010-07-23,,,2965.34 ,3371.59 ,,,,,,,,,,,,
2010-07-26,,,3013.10 ,3425.89 ,,,,,,,,,,,,
2010-07-27,,,3099.29 ,3523.90 ,,,,,,,,,,,,
2010-07-28,,,3124.28 ,3552.31 ,,,,,,,,,,,,
2010-07-29,,,3095.07 ,3519.10 ,,,,,,,,,,,,
2010-07-30,,,3102.42 ,3527.45 ,,,,,,,,,,,,
2010-07-31,,,,,557.43 ,16770.00 ,984.80 ,587.24 ,,,,2768.10 ,120164.00 ,230.36 ,117.90 ,
2010-08-02,,,3173.84 ,3608.67 ,,,,,,,,,,,,
2010-08-03,,,3069.49 ,3490.02 ,,,,,,,,,,,,
2010-08-04,,,3091.15 ,3514.64 ,,,,,,,,,,,,
2010-08-05,,,3146.11 ,3577.13 ,,,,,,,,,,,,
2010-08-06,,,3213.80 ,3654.09 ,,,,,,,,,,,,
2010-08-09,,,3236.36 ,3679.75 ,,,,,,,,,,,,
2010-08-10,,,3091.87 ,3515.46 ,,,,,,,,,,,,
2010-08-11,,,3107.35 ,3533.06 ,,,,,,,,,,,,
2010-08-12,,,3061.89 ,3481.38 ,,,,,,,,,,,,
2010-08-13,,,3151.83 ,3583.64 ,,,,,,,,,,,,
2010-08-16,,,3187.17 ,3623.81 ,,,,,,,,,,,,
2010-08-17,,,3194.19 ,3631.80 ,,,,,,,,,,,,
2010-08-18,,,3175.35 ,3610.37 ,,,,,,,,,,,,
2010-08-19,,,3291.21 ,3746.33 ,,,,,,,,,,,,
2010-08-20,,,3184.50 ,3630.04 ,,,,,,,,,,,,
2010-08-23,,,3166.69 ,3608.01 ,,,,,,,,,,,,
2010-08-24,,,3200.03 ,3643.16 ,,,,,,,,,,,,
2010-08-25,,,3158.38 ,3595.75 ,,,,,,,,,,,,
2010-08-26,,,3164.39 ,3602.59 ,,,,,,,,,,,,
2010-08-27,,,3172.68 ,3612.02 ,,,,,,,,,,,,
2010-08-30,,,3303.46 ,3760.92 ,,,,,,,,,,,,
2010-08-31,,,3316.15 ,3775.36 ,540.91 ,16300.00 ,969.00 ,594.48 ,,,,5880.70 ,271504.00 ,216.60 ,114.55 ,
2010-09-01,,,3329.12 ,3790.13 ,,,,,,,,,,,,
2010-09-02,,,3515.79 ,4002.65 ,,,,,,,,,,,,
2010-09-03,,,3545.84 ,4036.87 ,,,,,,,,,,,,
2010-09-06,,,3633.58 ,4136.76 ,,,,,,,,,,,,
2010-09-07,,,3615.01 ,4115.61 ,,,,,,,,,,,,
2010-09-08,,,3611.61 ,4111.74 ,,,,,,,,,,,,
2010-09-09,,,3578.77 ,4074.36 ,,,,,,,,,,,,
2010-09-10,,,3552.21 ,4044.12 ,,,,,,,,,,,,
2010-09-13,,,3614.53 ,4115.07 ,,,,,,,4.00 ,,,,,
2010-09-14,,,3677.45 ,4186.71 ,,,,,,,4.00 ,,,,,
2010-09-15,,,3543.88 ,4034.63 ,,,,,,,4.00 ,,,,,
2010-09-16,,,3503.57 ,3988.75 ,,,,,,,4.00 ,,,,,
2010-09-17,,,3686.69 ,4197.23 ,,,,,,,4.00 ,,,,,
2010-09-20,,,3682.27 ,4192.21 ,,,,,,,4.50 ,,,,,
2010-09-21,,,3665.20 ,4172.77 ,,,,,,,4.50 ,,,,,
2010-09-22,,,,,,,,,,,4.50 ,,,,,
2010-09-23,,,,,,,,,,,4.50 ,,,,,
2010-09-24,,,,,,,,,,,4.50 ,,,,,
2010-09-27,,,3839.78 ,4371.53 ,,,,,,,4.50 ,,,,,
2010-09-28,,,3906.63 ,4447.63 ,,,,,,,4.35 ,,,,,
2010-09-29,,,3829.59 ,4359.92 ,,,,,,,4.25 ,,,,,
2010-09-30,,,3872.82 ,4409.14 ,459.54 ,17280.00 ,983.20 ,568.98 ,,,4.25 ,7970.80 ,348761.00 ,228.55 ,113.57 ,
2010-10-01,,,,,,,,,,,4.10 ,,,,,
2010-10-04,,,,,,,,,,,4.05 ,,,,,
2010-10-05,,,,,,,,,,,4.10 ,,,,,
2010-10-06,,,,,,,,,,,4.10 ,,,,,
2010-10-07,,,,,,,,,,,4.10 ,,,,,
2010-10-08,,,3952.20 ,4499.51 ,,,,,,,4.30 ,,,,,
2010-10-11,,,3836.25 ,4367.50 ,,,,,,,4.30 ,,,,,
2010-10-12,,,3822.28 ,4351.60 ,,,,,,,4.30 ,,,,,
2010-10-13,,,3738.99 ,4256.77 ,,,,,,,4.30 ,,,,,
2010-10-14,,,3694.20 ,4205.77 ,,,,,,,4.30 ,,,,,
2010-10-15,,,3703.99 ,4216.92 ,,,,,,,4.50 ,,,,,
2010-10-18,,,3693.84 ,4205.36 ,,,,,,,4.50 ,,,,,
2010-10-19,,,3802.58 ,4329.16 ,,,,,,,4.50 ,,,,,
2010-10-20,,,3953.63 ,4501.13 ,,,,,,,4.50 ,,,,,
2010-10-21,,,3920.95 ,4463.92 ,,,,,,,4.50 ,,,,,
2010-10-22,,,3963.33 ,4512.17 ,,,,,,,4.50 ,,,,,
2010-10-25,,,3993.23 ,4546.21 ,,,,,,,4.50 ,,,,,
2010-10-26,,,3999.05 ,4552.85 ,,,,,,,4.70 ,,,,,
2010-10-27,,,4056.57 ,4618.33 ,,,,,,,4.70 ,,,,,
2010-10-28,,,4006.47 ,4561.29 ,,,,,,,4.70 ,,,,,
2010-10-29,,,4062.22 ,4624.75 ,,,,,,,4.70 ,,,,,
2010-10-31,,,,,320.35 ,15930.00 ,891.90 ,559.89 ,,,,5527.50 ,249840.00 ,221.24 ,115.44 ,
2010-11-01,,,4193.03 ,4773.69 ,,,,,,,4.70 ,,,,,
2010-11-02,,,4296.93 ,4891.98 ,,,,,,,4.70 ,,,,,
2010-11-03,,,4265.87 ,4856.61 ,,,,,,,4.70 ,,,,,
2010-11-04,,,4313.52 ,4910.85 ,,,,,,,4.70 ,,,,,
2010-11-05,,,4306.40 ,4902.76 ,,,,,,,4.70 ,,,,,
2010-11-08,,,4349.69 ,4952.03 ,,,,,,,4.70 ,,,,,
2010-11-09,,,4444.43 ,5059.89 ,,,,,,,4.70 ,,,,,
2010-11-10,,,4528.31 ,5155.38 ,,,,,,,4.70 ,,,,,
2010-11-11,,,4513.98 ,5139.07 ,,,,,,,4.70 ,,,,,
2010-11-12,,,4292.02 ,4886.38 ,,,,,,,4.70 ,,,,,
2010-11-15,,,4518.53 ,5144.25 ,,,,,,,4.70 ,,,,,
2010-11-16,,,4507.93 ,5132.18 ,,,,,,,4.70 ,,,,,
2010-11-17,,,4207.05 ,4789.63 ,,,,,,,4.70 ,,,,,
2010-11-18,,,4197.93 ,4779.25 ,,,,,,,4.70 ,,,,,
2010-11-19,,,4329.02 ,4928.48 ,,,,,,,4.70 ,,,,,
2010-11-22,,,4300.05 ,4895.48 ,,,,,,,4.70 ,,,,,
2010-11-23,,,4158.67 ,4734.53 ,,,,,,,4.70 ,,,,,
2010-11-24,,,4312.25 ,4909.38 ,,,,,,,4.70 ,,,,,
2010-11-25,,,4298.50 ,4893.73 ,,,,,,,,,,,,
2010-11-26,,,4344.70 ,4946.32 ,,,,,,,4.70 ,,,,,
2010-11-29,,,4496.78 ,5119.47 ,,,,,,,4.70 ,,,,,
2010-11-30,,,4362.78 ,4966.92 ,266.57 ,18060.00 ,1035.60 ,573.42 ,,,4.70 ,1016.90 ,39165.00 ,259.65 ,117.27 ,
2010-12-01,,,4350.02 ,4952.39 ,,,,,,,4.90 ,,,,,
2010-12-02,,,4325.43 ,4924.40 ,,,,,,,4.90 ,,,,,
2010-12-03,,,4254.74 ,4843.92 ,,,,,,,4.90 ,,,,,
2010-12-06,,,4022.06 ,4579.01 ,,,,,,,5.00 ,,,,,
2010-12-07,,,3973.27 ,4523.46 ,,,,,,,5.00 ,,,,,
2010-12-08,,,4030.64 ,4588.78 ,,,,,,,5.00 ,,,,,
2010-12-09,,,3777.44 ,4300.51 ,,,,,,,5.00 ,,,,,
2010-12-10,,,3831.76 ,4362.37 ,,,,,,,,,,,,
2010-12-13,,,3910.67 ,4452.19 ,,,,,,,5.15 ,,,,,
2010-12-14,,,4049.70 ,4610.48 ,,,,,,,5.25 ,,,,,
2010-12-15,,,3993.74 ,4546.77 ,,,,,,,5.25 ,,,,,
2010-12-16,,,3985.87 ,4537.81 ,,,,,,,,,,,,
2010-12-17,,,3955.95 ,4503.75 ,,,,,,,5.25 ,,,,,
2010-12-20,,,3846.74 ,4379.41 ,,,,,,,5.25 ,,,,,
2010-12-21,,,3873.54 ,4409.92 ,,,,,,,5.25 ,,,,,
2010-12-22,,,3790.71 ,4315.61 ,,,,,,,,,,,,
2010-12-23,,,3733.44 ,4250.41 ,,,,,,,5.35 ,,,,,
2010-12-24,,,3641.52 ,4145.76 ,,,,,,,,,,,,
2010-12-27,,,3624.05 ,4125.87 ,,,,,,,5.35 ,,,,,
2010-12-28,,,3617.52 ,4118.45 ,,,,,,,5.35 ,,,,,
2010-12-29,,,3681.40 ,4191.18 ,,,,,,,5.35 ,,,,,
2010-12-30,,,3674.21 ,4182.99 ,,,,,,,5.35 ,,,,,
2010-12-31,,,3780.29 ,4303.76 ,242.33 ,15910.00 ,940.80 ,591.33 ,,,,1718.00 ,68974.00 ,249.08 ,113.42 ,
2011-01-04,,,3777.41 ,4273.02 ,,,,,,,5.40 ,,,,,
2011-01-05,,,3680.30 ,4134.13 ,,,,,,,5.50 ,,,,,
2011-01-06,,,3710.33 ,4155.87 ,,,,,,,5.50 ,,,,,
2011-01-07,,,3760.49 ,4213.76 ,,,,,,,5.50 ,,,,,
2011-01-10,,,3678.94 ,4124.48 ,,,,,,,5.50 ,,,,,
2011-01-11,,,3645.06 ,4069.47 ,,,,,,,5.50 ,,,,,
2011-01-12,,,3653.17 ,4086.14 ,,,,,,,5.50 ,,,,,
2011-01-13,,,3687.06 ,4114.10 ,,,,,,,5.50 ,,,,,
2011-01-14,,,3588.28 ,3995.49 ,,,,,,,5.55 ,,,,,
2011-01-17,,,3407.31 ,3789.40 ,,,,,,,,,,,,
2011-01-18,,,3435.78 ,3814.99 ,,,,,,,5.60 ,,,,,
2011-01-19,,,3499.03 ,3897.59 ,,,,,,,5.60 ,,,,,
2011-01-20,,,3382.82 ,3778.24 ,,,,,,,5.60 ,,,,,
2011-01-21,,,3414.80 ,3837.28 ,,,,,,,5.65 ,,,,,
2011-01-24,,,3447.10 ,3878.09 ,,,,,,,5.70 ,,,,,
2011-01-25,,,3368.06 ,3789.06 ,,,,,,,5.70 ,,,,,
2011-01-26,,,3439.68 ,3887.13 ,,,,,,,5.75 ,,,,,
2011-01-27,,,3481.51 ,3940.57 ,,,,,,,5.75 ,,,,,
2011-01-28,,,3599.98 ,4115.41 ,,,,,,,5.75 ,,,,,
2011-01-31,,,3664.90 ,4184.47 ,292.41 ,18940.00 ,1037.80 ,547.94 ,,,5.75 ,467.90 ,17164.00 ,272.61 ,111.92 ,
2011-02-01,,,3739.24 ,4287.61 ,,,,,,,5.75 ,,,,,
2011-02-02,,,,,,,,,,,5.90 ,,,,,
2011-02-03,,,,,,,,,,,5.90 ,,,,,
2011-02-04,,,,,,,,,,,5.90 ,,,,,
2011-02-07,,,,,,,,,,,5.90 ,,,,,
2011-02-08,,,,,,,,,,,5.90 ,,,,,
2011-02-09,,,3709.37 ,4245.21 ,,,,,,,6.00 ,,,,,
2011-02-10,,,3750.06 ,4289.81 ,,,,,,,6.00 ,,,,,
2011-02-11,,,3746.05 ,4284.60 ,,,,,,,6.00 ,,,,,
2011-02-14,,,3910.61 ,4520.60 ,,,,,,,6.00 ,,,,,
2011-02-15,,,3907.31 ,4524.39 ,,,,,,,6.00 ,,,,,
2011-02-16,,,3960.17 ,4598.39 ,,,,,,,5.95 ,,,,,
2011-02-17,,,3899.45 ,4522.12 ,,,,,,,6.00 ,,,,,
2011-02-18,,,3957.43 ,4603.89 ,,,,,,,6.00 ,,,,,
2011-02-21,,,4137.33 ,4866.47 ,,,,,,,,,,,,
2011-02-22,,,4040.02 ,4761.10 ,,,,,,,5.75 ,,,,,
2011-02-23,,,4066.32 ,4793.29 ,,,,,,,5.75 ,,,,,
2011-02-24,,,4123.73 ,4885.63 ,,,,,,,5.75 ,,,,,
2011-02-25,,,3989.71 ,4660.13 ,,,,,,,5.75 ,,,,,
2011-02-28,,,4071.41 ,4748.69 ,263.18 ,11960.00 ,693.10 ,579.52 ,,,6.00 ,2340.40 ,73055.00 ,320.36 ,111.60 ,
2011-03-01,,,4082.86 ,4760.75 ,,,,,,,6.00 ,,,,,
2011-03-02,,,4112.61 ,4810.64 ,,,,,,,6.00 ,,,,,
2011-03-03,,,4015.04 ,4665.70 ,,,,,,,6.05 ,,,,,
2011-03-04,,,4043.24 ,4698.12 ,,,,,,,6.05 ,,,,,
2011-03-07,,,4091.93 ,4762.02 ,,,,,,,6.05 ,,,,,
2011-03-08,,,4116.92 ,4778.50 ,,,,,,,6.00 ,,,,,
2011-03-09,,,4117.38 ,4782.29 ,,,,,,,6.00 ,,,,,
2011-03-10,,,4180.42 ,4850.66 ,,,,,,,5.95 ,,,,,
2011-03-11,,,4194.12 ,4860.63 ,,,,,,,5.95 ,,,,,
2011-03-14,,,4191.97 ,4853.26 ,,,,,,,5.95 ,,,,,
2011-03-15,,,4158.91 ,4810.01 ,,,,,,,5.80 ,,,,,
2011-03-16,,,4207.48 ,4865.86 ,,,,,,,5.80 ,,,,,
2011-03-17,,,4153.94 ,4782.55 ,,,,,,,5.70 ,,,,,
2011-03-18,,,4194.19 ,4832.10 ,,,,,,,5.85 ,,,,,
2011-03-21,,,4210.52 ,4857.22 ,,,,,,,5.85 ,,,,,
2011-03-22,,,4184.51 ,4826.77 ,,,,,,,5.85 ,,,,,
2011-03-23,,,4283.97 ,4974.63 ,,,,,,,5.85 ,,,,,
2011-03-24,,,4294.02 ,4990.72 ,,,,,,,5.90 ,,,,,
2011-03-25,,,4324.56 ,5020.74 ,,,,,,,5.90 ,,,,,
2011-03-28,,,4449.61 ,5218.01 ,,,,,,,5.90 ,,,,,
2011-03-29,,,4356.01 ,5101.30 ,,,,,,,5.90 ,,,,,
2011-03-30,,,4347.43 ,5103.07 ,,,,,,,5.90 ,,,,,
2011-03-31,,,4351.76 ,5123.63 ,362.97 ,18610.00 ,1066.20 ,572.92 ,,,5.95 ,4758.90 ,144378.00 ,329.61 ,112.17 ,
2011-04-01,,,4378.98 ,5173.36 ,,,,,,,6.00 ,,,,,
2011-04-04,,,,,,,,,,,6.10 ,,,,,
2011-04-05,,,,,,,,,,,6.10 ,,,,,
2011-04-06,,,4332.03 ,5083.17 ,,,,,,,6.10 ,,,,,
2011-04-07,,,4298.59 ,5029.09 ,,,,,,,6.20 ,,,,,
2011-04-08,,,4345.42 ,5081.50 ,,,,,,,6.20 ,,,,,
2011-04-11,,,4387.57 ,5114.95 ,,,,,,,6.20 ,,,,,
2011-04-12,,,4361.61 ,5102.36 ,,,,,,,6.15 ,,,,,
2011-04-13,,,4344.99 ,5080.27 ,,,,,,,6.20 ,,,,,
2011-04-14,,,4341.06 ,5062.82 ,,,,,,,6.20 ,,,,,
2011-04-15,,,4298.41 ,5023.78 ,,,,,,,6.15 ,,,,,
2011-04-18,,,4198.97 ,4861.98 ,,,,,,,6.20 ,,,,,
2011-04-19,,,4146.72 ,4806.84 ,,,,,,,6.20 ,,,,,
2011-04-20,,,4164.52 ,4831.99 ,,,,,,,6.20 ,,,,,
2011-04-21,,,4169.38 ,4826.53 ,,,,,,,6.20 ,,,,,
2011-04-22,,,4131.02 ,4770.48 ,,,,,,,,,,,,
2011-04-25,,,4095.21 ,4694.06 ,,,,,,,6.35 ,,,,,
2011-04-26,,,4089.45 ,4689.88 ,,,,,,,6.35 ,,,,,
2011-04-27,,,4024.93 ,4600.75 ,,,,,,,6.35 ,,,,,
2011-04-28,,,3929.90 ,4508.42 ,,,,,,,6.30 ,,,,,
2011-04-29,,,4048.60 ,4655.42 ,,,,,,,6.30 ,,,,,
2011-04-30,,,,,390.84 ,22730.00 ,1280.70 ,563.44 ,,,,7659.20 ,216446.00 ,353.86 ,110.92 ,
2011-05-02,,,,,,,,,,,6.30 ,,,,,
2011-05-03,,,4129.27 ,4756.93 ,,,,,,,6.25 ,,,,,
2011-05-04,,,4075.88 ,4681.48 ,,,,,,,6.25 ,,,,,
2011-05-05,,,4144.85 ,4755.56 ,,,,,,,6.20 ,,,,,
2011-05-06,,,4186.78 ,4802.99 ,,,,,,,6.20 ,,,,,
2011-05-09,,,4125.65 ,4719.49 ,,,,,,,6.30 ,,,,,
2011-05-10,,,4157.73 ,4764.78 ,,,,,,,6.30 ,,,,,
2011-05-11,,,4117.07 ,4709.83 ,,,,,,,6.20 ,,,,,
2011-05-12,,,4079.05 ,4667.32 ,,,,,,,6.20 ,,,,,
2011-05-13,,,4113.92 ,4718.94 ,,,,,,,6.20 ,,,,,
2011-05-16,,,4089.12 ,4663.91 ,,,,,,,6.40 ,,,,,
2011-05-17,,,4071.20 ,4648.67 ,,,,,,,6.50 ,,,,,
2011-05-18,,,4111.55 ,4688.53 ,,,,,,,6.50 ,,,,,
2011-05-19,,,4132.70 ,4710.93 ,,,,,,,6.60 ,,,,,
2011-05-20,,,4101.03 ,4672.63 ,,,,,,,6.60 ,,,,,
2011-05-23,,,3934.58 ,4469.97 ,,,,,,,6.55 ,,,,,
2011-05-24,,,3940.09 ,4461.03 ,,,,,,,6.60 ,,,,,
2011-05-25,,,3920.47 ,4438.63 ,,,,,,,,,,,,
2011-05-26,,,3887.31 ,4398.64 ,,,,,,,6.75 ,,,,,
2011-05-27,,,3773.37 ,4264.85 ,,,,,,,6.75 ,,,,,
2011-05-30,,,3842.66 ,4342.20 ,,,,,,,6.75 ,,,,,
2011-05-31,,,3897.16 ,4419.75 ,475.12 ,17920.00 ,1075.30 ,600.06 ,,,6.75 ,7669.40 ,221267.00 ,346.61 ,110.31 ,
2011-06-01,,,3906.34 ,4430.45 ,,,,,,,6.75 ,,,,,
2011-06-02,,,3868.77 ,4384.27 ,,,,,,,,,,,,
2011-06-03,,,3973.54 ,4498.67 ,,,,,,,7.25 ,,,,,
2011-06-06,,,,,,,,,,,7.25 ,,,,,
2011-06-07,,,4004.55 ,4538.84 ,,,,,,,7.35 ,,,,,
2011-06-08,,,4209.63 ,4781.36 ,,,,,,,7.50 ,,,,,
2011-06-09,,,4149.79 ,4695.62 ,,,,,,,7.50 ,,,,,
2011-06-10,,,4247.79 ,4816.72 ,,,,,,,7.50 ,,,,,
2011-06-13,,,4196.11 ,4772.99 ,,,,,,,7.50 ,,,,,
2011-06-14,,,4211.12 ,4792.91 ,,,,,,,7.50 ,,,,,
2011-06-15,,,4167.78 ,4740.81 ,,,,,,,7.50 ,,,,,
2011-06-16,,,4065.85 ,4618.00 ,,,,,,,7.50 ,,,,,
2011-06-17,,,3900.62 ,4433.58 ,,,,,,,7.50 ,,,,,
2011-06-20,,,3879.51 ,4413.02 ,,,,,,,7.50 ,,,,,
2011-06-21,,,3925.60 ,4473.30 ,,,,,,,7.55 ,,,,,
2011-06-22,,,3995.87 ,4534.87 ,,,,,,,7.50 ,,,,,
2011-06-23,,,4055.76 ,4612.19 ,,,,,,,7.50 ,,,,,
2011-06-24,,,4134.47 ,4701.30 ,,,,,,,7.50 ,,,,,
2011-06-27,,,4097.39 ,4656.90 ,,,,,,,7.50 ,,,,,
2011-06-28,,,4160.35 ,4733.76 ,,,,,,,7.50 ,,,,,
2011-06-29,,,4046.30 ,4598.93 ,,,,,,,7.55 ,,,,,
2011-06-30,,,4073.86 ,4625.75 ,553.88 ,16630.00 ,1060.10 ,637.46 ,,,7.25 ,8620.90 ,257722.00 ,334.50 ,110.23 ,
2011-07-01,,,4075.13 ,4632.11 ,,,,,,,7.25 ,,,,,
2011-07-04,,,4168.36 ,4737.75 ,,,,,,,,,,,,
2011-07-05,,,4251.94 ,4838.93 ,,,,,,,7.50 ,,,,,
2011-07-06,,,4391.16 ,5037.68 ,,,,,,,7.50 ,,,,,
2011-07-07,,,4369.84 ,5013.80 ,,,,,,,7.50 ,,,,,
2011-07-08,,,4372.43 ,5022.07 ,,,,,,,,,,,,
2011-07-11,,,4388.37 ,5035.95 ,,,,,,,7.65 ,,,,,
2011-07-12,,,4284.22 ,4916.02 ,,,,,,,,,,,,
2011-07-13,,,4362.10 ,4993.87 ,,,,,,,,,,,,
2011-07-14,,,4401.12 ,5042.89 ,,,,,,,,,,,,
2011-07-15,,,4431.78 ,5080.73 ,,,,,,,7.85 ,,,,,
2011-07-18,,,4424.92 ,5064.91 ,,,,,,,7.85 ,,,,,
2011-07-19,,,4426.17 ,5052.10 ,,,,,,,7.85 ,,,,,
2011-07-20,,,4436.47 ,5061.39 ,,,,,,,7.85 ,,,,,
2011-07-21,,,4390.66 ,5006.30 ,,,,,,,7.85 ,,,,,
2011-07-22,,,4415.38 ,5034.84 ,,,,,,,7.85 ,,,,,
2011-07-25,,,4362.44 ,4978.05 ,,,,,,,7.80 ,,,,,
2011-07-26,,,4353.00 ,4978.91 ,,,,,,,7.80 ,,,,,
2011-07-27,,,4451.68 ,5081.62 ,,,,,,,7.80 ,,,,,
2011-07-28,,,4481.27 ,5135.08 ,,,,,,,7.80 ,,,,,
2011-07-29,,,4517.00 ,5188.37 ,,,,,,,7.80 ,,,,,
2011-07-31,,,,,580.40 ,20370.00 ,1233.00 ,605.30 ,,,,4826.60 ,144411.00 ,334.23 ,111.14 ,
2011-08-01,,,4463.51 ,5122.98 ,,,,,,,7.70 ,,,,,
2011-08-02,,,4407.82 ,5056.04 ,,,,,,,7.80 ,,,,,
2011-08-03,,,4458.80 ,5119.17 ,,,,,,,7.80 ,,,,,
2011-08-04,,,4478.08 ,5142.64 ,,,,,,,7.75 ,,,,,
2011-08-05,,,4400.14 ,5039.71 ,,,,,,,7.75 ,,,,,
2011-08-08,,,4262.24 ,4854.04 ,,,,,,,7.75 ,,,,,
2011-08-09,,,4270.22 ,4863.13 ,,,,,,,7.70 ,,,,,
2011-08-10,,,4408.99 ,5007.64 ,,,,,,,7.70 ,,,,,
2011-08-11,,,4511.71 ,5125.21 ,,,,,,,7.75 ,,,,,
2011-08-12,,,4506.52 ,5126.17 ,,,,,,,7.80 ,,,,,
2011-08-15,,,4577.82 ,5232.67 ,,,,,,,7.85 ,,,,,
2011-08-16,,,4518.18 ,5171.19 ,,,,,,,7.90 ,,,,,
2011-08-17,,,4472.14 ,5128.39 ,,,,,,,7.90 ,,,,,
2011-08-18,,,4408.75 ,5048.75 ,,,,,,,7.90 ,,,,,
2011-08-19,,,4352.43 ,4986.61 ,,,,,,,7.90 ,,,,,
2011-08-22,,,4328.26 ,4970.62 ,,,,,,,7.90 ,,,,,
2011-08-23,,,4381.44 ,5034.08 ,,,,,,,7.85 ,,,,,
2011-08-24,,,4389.84 ,5051.53 ,,,,,,,7.85 ,,,,,
2011-08-25,,,4424.87 ,5091.79 ,,,,,,,7.80 ,,,,,
2011-08-26,,,4481.72 ,5145.98 ,,,,,,,7.90 ,,,,,
2011-08-29,,,4469.89 ,5142.33 ,,,,,,,7.95 ,,,,,
2011-08-30,,,4401.55 ,5052.44 ,,,,,,,7.95 ,,,,,
2011-08-31,,,4396.63 ,5051.26 ,562.80 ,21570.00 ,1285.10 ,595.78 ,,,7.95 ,2860.90 ,82074.00 ,348.58 ,112.75 ,
2011-09-01,,,4375.94 ,5039.92 ,,,,,,,7.95 ,,,,,
2011-09-02,,,4363.27 ,5036.86 ,,,,,,,,,,,,
2011-09-04,,,,,,,,,,,7.95 ,,,,,
2011-09-05,,,4309.81 ,4966.99 ,,,,,,,,,,,,
2011-09-06,,,4194.98 ,4807.41 ,,,,,,,7.95 ,,,,,
2011-09-07,,,4254.09 ,4878.24 ,,,,,,,7.95 ,,,,,
2011-09-08,,,4242.42 ,4865.83 ,,,,,,,7.90 ,,,,,
2011-09-09,,,4260.00 ,4887.44 ,,,,,,,7.90 ,,,,,
2011-09-12,,,,,,,,,,,7.90 ,,,,,
2011-09-13,,,4187.68 ,4795.87 ,,,,,,,7.75 ,,,,,
2011-09-14,,,4208.66 ,4819.13 ,,,,,,,7.75 ,,,,,
2011-09-15,,,4231.92 ,4854.81 ,,,,,,,7.75 ,,,,,
2011-09-16,,,4224.51 ,4846.52 ,,,,,,,7.70 ,,,,,
2011-09-19,,,4168.00 ,4776.04 ,,,,,,,7.50 ,,,,,
2011-09-20,,,4168.05 ,4778.56 ,,,,,,,7.60 ,,,,,
2011-09-21,,,4236.60 ,4864.66 ,,,,,,,7.60 ,,,,,
2011-09-22,,,4144.56 ,4763.01 ,,,,,,,7.60 ,,,,,
2011-09-23,,,4000.25 ,4606.81 ,,,,,,,7.50 ,,,,,
2011-09-26,,,3920.21 ,4527.92 ,,,,,,,7.75 ,,,,,
2011-09-27,,,3898.40 ,4508.86 ,,,,,,,7.75 ,,,,,
2011-09-28,,,3768.03 ,4356.59 ,,,,,,,7.75 ,,,,,
2011-09-29,,,3675.43 ,4253.56 ,,,,,,,7.75 ,,,,,
2011-09-30,,,3710.05 ,4290.83 ,461.31 ,17010.00 ,1014.30 ,596.30 ,,,7.65 ,5058.20 ,142508.00 ,354.94 ,113.31 ,
2011-10-03,,,,,,,,,,,7.65 ,,,,,
2011-10-04,,,,,,,,,,,7.60 ,,,,,
2011-10-05,,,,,,,,,,,7.60 ,,,,,
2011-10-06,,,,,,,,,,,7.60 ,,,,,
2011-10-07,,,,,,,,,,,7.60 ,,,,,
2011-10-10,,,3708.14 ,4293.51 ,,,,,,,7.65 ,,,,,
2011-10-11,,,3672.84 ,4263.71 ,,,,,,,7.65 ,,,,,
2011-10-12,,,3766.48 ,4371.95 ,,,,,,,,,,,,
2011-10-13,,,3853.59 ,4462.73 ,,,,,,,7.65 ,,,,,
2011-10-14,,,3745.07 ,4312.82 ,,,,,,,7.65 ,,,,,
2011-10-17,,,3736.86 ,4308.83 ,,,,,,,7.65 ,,,,,
2011-10-18,,,3697.01 ,4273.40 ,,,,,,,7.65 ,,,,,
2011-10-19,,,3692.25 ,4271.44 ,,,,,,,7.65 ,,,,,
2011-10-20,,,3580.52 ,4117.92 ,,,,,,,7.65 ,,,,,
2011-10-21,,,3609.40 ,4167.55 ,,,,,,,7.65 ,,,,,
2011-10-24,,,3679.55 ,4257.27 ,,,,,,,7.65 ,,,,,
2011-10-25,,,3765.93 ,4346.26 ,,,,,,,7.65 ,,,,,
2011-10-26,,,3814.01 ,4417.23 ,,,,,,,7.65 ,,,,,
2011-10-27,,,3786.38 ,4384.04 ,,,,,,,7.65 ,,,,,
2011-10-28,,,3795.26 ,4401.18 ,,,,,,,7.65 ,,,,,
2011-10-31,,,3801.92 ,4406.67 ,341.22 ,17560.00 ,1075.50 ,612.47 ,,,7.65 ,6120.30 ,176305.00 ,347.14 ,113.84 ,
2011-11-01,,,3808.85 ,4418.88 ,,,,,,,7.65 ,,,,,
2011-11-02,,,3861.85 ,4477.84 ,,,,,,,7.65 ,,,,,
2011-11-03,,,3888.30 ,4514.05 ,,,,,,,7.65 ,,,,,
2011-11-04,,,3916.63 ,4547.28 ,,,,,,,7.65 ,,,,,
2011-11-07,,,3968.77 ,4608.49 ,,,,,,,7.65 ,,,,,
2011-11-08,,,3952.41 ,4585.42 ,,,,,,,7.65 ,,,,,
2011-11-09,,,3993.27 ,4629.11 ,,,,,,,7.65 ,,,,,
2011-11-10,,,3884.78 ,4490.81 ,,,,,,,7.65 ,,,,,
2011-11-11,,,3865.47 ,4455.37 ,,,,,,,7.65 ,,,,,
2011-11-14,,,3913.65 ,4511.97 ,,,,,,,7.65 ,,,,,
2011-11-15,,,3902.92 ,4500.18 ,,,,,,,7.65 ,,,,,
2011-11-16,,,3842.08 ,4438.40 ,,,,,,,7.65 ,,,,,
2011-11-17,,,3945.93 ,4580.07 ,,,,,,,7.65 ,,,,,
2011-11-18,,,3885.97 ,4517.95 ,,,,,,,7.65 ,,,,,
2011-11-21,,,3868.98 ,4479.01 ,,,,,,,7.65 ,,,,,
2011-11-22,,,3935.83 ,4568.97 ,,,,,,,7.65 ,,,,,
2011-11-23,,,3935.67 ,4571.00 ,,,,,,,7.55 ,,,,,
2011-11-24,,,4121.99 ,4825.27 ,,,,,,,,,,,,
2011-11-25,,,4189.91 ,4942.64 ,,,,,,,7.55 ,,,,,
2011-11-28,,,4198.44 ,4943.67 ,,,,,,,7.50 ,,,,,
2011-11-29,,,4196.16 ,4940.74 ,,,,,,,7.35 ,,,,,
2011-11-30,,,4111.88 ,4850.80 ,310.84 ,18260.00 ,1086.90 ,595.24 ,,,7.35 ,6117.90 ,176602.00 ,346.42 ,108.92 ,
2011-12-01,,,4118.80 ,4855.80 ,,,,,,,7.30 ,,,,,
2011-12-02,,,4077.22 ,4810.03 ,,,,,,,7.30 ,,,,,
2011-12-05,,,4049.48 ,4781.84 ,,,,,,,7.30 ,,,,,
2011-12-06,,,4025.86 ,4761.39 ,,,,,,,7.30 ,,,,,
2011-12-07,,,4024.58 ,4758.74 ,,,,,,,7.30 ,,,,,
2011-12-08,,,3843.88 ,4504.56 ,,,,,,,7.30 ,,,,,
2011-12-09,,,3629.32 ,4222.55 ,,,,,,,7.30 ,,,,,
2011-12-12,,,3446.41 ,3988.44 ,,,,,,,7.30 ,,,,,
2011-12-13,,,3253.20 ,3750.12 ,,,,,,,7.30 ,,,,,
2011-12-14,,,3134.22 ,3576.82 ,,,,,,,7.30 ,,,,,
2011-12-15,,,3001.15 ,3393.03 ,,,,,,,7.30 ,,,,,
2011-12-16,,,2927.18 ,3282.76 ,,,,,,,7.30 ,,,,,
2011-12-19,,,2836.85 ,3150.29 ,,,,,,,7.35 ,,,,,
2011-12-20,,,2773.26 ,3077.75 ,,,,,,,7.35 ,,,,,
2011-12-21,,,2749.23 ,3056.91 ,,,,,,,7.35 ,,,,,
2011-12-22,,,2656.62 ,2960.95 ,,,,,,,7.35 ,,,,,
2011-12-23,,,2670.63 ,2977.20 ,,,,,,,7.35 ,,,,,
2011-12-26,,,2631.64 ,2929.09 ,,,,,,,,,,,,
2011-12-27,,,2595.94 ,2894.86 ,,,,,,,7.35 ,,,,,
2011-12-28,,,2590.51 ,2887.22 ,,,,,,,7.35 ,,,,,
2011-12-29,,,2606.92 ,2902.83 ,,,,,,,7.35 ,,,,,
2011-12-30,,,2649.54 ,2953.61 ,,,,,,,7.35 ,,,,,
2011-12-31,,,,,297.27 ,19360.00 ,1164.80 ,601.65 ,,,,4740.10 ,123633.00 ,383.40 ,107.89 ,
2012-01-03,,,,,,,,,,,7.35 ,,,,,
2012-01-04,,,2585.75 ,2878.17 ,,,,,,,7.35 ,,,,,
2012-01-05,,,2538.78 ,2825.05 ,,,,,,,7.25 ,,,,,
2012-01-06,,,2551.42 ,2836.45 ,,,,,,,,,,,,
2012-01-09,,,2615.54 ,2898.92 ,,,,,,,7.25 ,,,,,
2012-01-10,,,2636.09 ,2920.72 ,,,,,,,7.25 ,,,,,
2012-01-11,,,2666.43 ,2943.79 ,,,,,,,7.25 ,,,,,
2012-01-12,,,2614.38 ,2884.25 ,,,,,,,7.20 ,,,,,
2012-01-13,,,2556.55 ,2820.27 ,,,,,,,7.20 ,,,,,
2012-01-16,,,2425.26 ,2686.98 ,,,,,,,,,,,,
2012-01-17,,,2534.22 ,2798.97 ,,,,,,,7.20 ,,,,,
2012-01-18,,,2479.33 ,2737.17 ,,,,,,,7.15 ,,,,,
2012-01-19,,,2498.54 ,2761.71 ,,,,,,,7.15 ,,,,,
2012-01-20,,,2514.02 ,2780.26 ,,,,,,,7.15 ,,,,,
2012-01-23,,,,,,,,,,,7.15 ,,,,,
2012-01-24,,,,,,,,,,,7.15 ,,,,,
2012-01-25,,,,,,,,,,,7.15 ,,,,,
2012-01-26,,,,,,,,,,,7.15 ,,,,,
2012-01-27,,,,,,,,,,,7.15 ,,,,,
2012-01-30,,,2550.78 ,2819.48 ,,,,,,,7.15 ,,,,,
2012-01-31,,,2547.64 ,2804.77 ,277.99 ,14920.00 ,926.50 ,620.98 ,,,7.15 ,4434.30 ,119805.00 ,370.13 ,108.17 ,
2012-02-01,,,2565.25 ,2825.75 ,,,,,,,7.15 ,,,,,
2012-02-02,,,2599.68 ,2854.48 ,,,,,,,7.15 ,,,,,
2012-02-03,,,2621.32 ,2876.54 ,,,,,,,7.15 ,,,,,
2012-02-06,,,2605.42 ,2857.28 ,,,,,,,7.15 ,,,,,
2012-02-07,,,2571.99 ,2818.39 ,,,,,,,7.05 ,,,,,
2012-02-08,,,2654.33 ,2898.41 ,,,,,,,7.05 ,,,,,
2012-02-09,,,2705.74 ,2954.24 ,,,,,,,7.05 ,,,,,
2012-02-10,,,2767.42 ,3021.25 ,,,,,,,7.05 ,,,,,
2012-02-13,,,2807.77 ,3069.38 ,,,,,,,7.05 ,,,,,
2012-02-14,,,2789.14 ,3049.98 ,,,,,,,7.05 ,,,,,
2012-02-15,,,2810.19 ,3070.18 ,,,,,,,7.05 ,,,,,
2012-02-16,,,2816.66 ,3086.34 ,,,,,,,7.10 ,,,,,
2012-02-17,,,2900.30 ,3174.34 ,,,,,,,7.05 ,,,,,
2012-02-20,,,2866.61 ,3135.07 ,,,,,,,,,,,,
2012-02-21,,,2933.10 ,3200.06 ,,,,,,,7.05 ,,,,,
2012-02-22,,,3017.35 ,3290.18 ,,,,,,,7.05 ,,,,,
2012-02-23,,,3102.32 ,3379.95 ,,,,,,,7.05 ,,,,,
2012-02-24,,,3056.50 ,3330.64 ,,,,,,,7.05 ,,,,,
2012-02-27,,,3098.84 ,3383.47 ,,,,,,,7.05 ,,,,,
2012-02-28,,,3076.12 ,3363.98 ,,,,,,,7.05 ,,,,,
2012-02-29,,,3096.35 ,3385.77 ,281.87 ,18520.00 ,1175.90 ,634.94 ,,,7.05 ,3297.90 ,100087.00 ,329.50 ,107.31 ,
2012-03-01,,,3080.17 ,3368.51 ,,,,,,,7.05 ,,,,,
2012-03-02,,,3112.35 ,3399.42 ,,,,,,,7.05 ,,,,,
2012-03-05,,,3115.79 ,3402.19 ,,,,,,,,,,,,
2012-03-06,,,3059.35 ,3343.42 ,,,,,,,7.05 ,,,,,
2012-03-07,,,3108.91 ,3394.32 ,,,,,,,7.05 ,,,,,
2012-03-08,,,3114.12 ,3399.17 ,,,,,,,7.05 ,,,,,
2012-03-09,,,3163.42 ,3453.21 ,,,,,,,7.05 ,,,,,
2012-03-12,,,3164.67 ,3450.88 ,,,,,,,7.05 ,,,,,
2012-03-13,,,3183.98 ,3477.27 ,,,,,,,7.05 ,,,,,
2012-03-14,,,3107.61 ,3396.13 ,,,,,,,7.05 ,,,,,
2012-03-15,,,3031.32 ,3320.59 ,,,,,,,7.05 ,,,,,
2012-03-16,,,3163.50 ,3455.58 ,,,,,,,7.05 ,,,,,
2012-03-19,,,3132.27 ,3414.98 ,,,,,,,7.05 ,,,,,
2012-03-20,,,3131.84 ,3397.56 ,,,,,,,7.05 ,,,,,
2012-03-21,,,3147.34 ,3401.51 ,,,,,,,7.05 ,,,,,
2012-03-22,,,3087.64 ,3338.02 ,,,,,,,7.05 ,,,,,
2012-03-23,,,3053.20 ,3300.14 ,,,,,,,7.05 ,,,,,
2012-03-26,,,3019.17 ,3273.38 ,,,,,,,7.05 ,,,,,
2012-03-27,,,3059.60 ,3318.77 ,,,,,,,7.05 ,,,,,
2012-03-28,,,2966.81 ,3228.46 ,,,,,,,7.05 ,,,,,
2012-03-29,,,2899.53 ,3163.84 ,,,,,,,7.05 ,,,,,
2012-03-30,,,2804.76 ,3068.10 ,,,,,,,6.95 ,,,,,
2012-03-31,,,,,334.09 ,19970.00 ,1206.90 ,604.36 ,,,,15378.60 ,488020.00 ,315.12 ,107.21 ,
2012-04-04,,,,,,,,,,,7.05 ,,,,,
2012-04-05,,,2905.84 ,3168.11 ,,,,,,,7.05 ,,,,,
2012-04-06,,,2933.59 ,3191.61 ,,,,,,,,,,,,
2012-04-09,,,2930.55 ,3195.37 ,,,,,,,,,,,,
2012-04-10,,,2974.78 ,3243.65 ,,,,,,,,,,,,
2012-04-11,,,2961.35 ,3230.82 ,,,,,,,,,,,,
2012-04-12,,,3054.63 ,3328.62 ,,,,,,,,,,,,
2012-04-13,,,3034.67 ,3301.39 ,,,,,,,7.05 ,,,,,
2012-04-16,,,3057.25 ,3326.26 ,,,,,,,7.00 ,,,,,
2012-04-17,,,3009.35 ,3279.45 ,,,,,,,7.00 ,,,,,
2012-04-18,,,2997.17 ,3260.11 ,,,,,,,7.00 ,,,,,
2012-04-19,,,2983.96 ,3240.30 ,,,,,,,7.00 ,,,,,
2012-04-20,,,2990.31 ,3250.22 ,,,,,,,7.00 ,,,,,
2012-04-23,,,2899.89 ,3159.89 ,,,,,,,,,,,,
2012-04-24,,,2883.06 ,3137.76 ,,,,,,,7.05 ,,,,,
2012-04-25,,,2887.42 ,3142.35 ,,,,,,,7.05 ,,,,,
2012-04-26,,,2880.46 ,3136.46 ,,,,,,,7.05 ,,,,,
2012-04-27,,,2917.17 ,3177.03 ,,,,,,,7.05 ,,,,,
2012-04-30,,,,,416.61 ,18840.00 ,1164.60 ,618.15 ,,,7.05 ,11715.20 ,387770.00 ,302.12 ,107.52 ,
2012-05-01,,,,,,,,,,,7.10 ,,,,,
2012-05-02,,,2976.82 ,3241.21 ,,,,,,,7.05 ,,,,,
2012-05-03,,,2994.68 ,3256.41 ,,,,,,,7.05 ,,,,,
2012-05-04,,,3024.74 ,3295.30 ,,,,,,,7.05 ,,,,,
2012-05-07,,,3034.64 ,3309.91 ,,,,,,,7.00 ,,,,,
2012-05-08,,,3039.55 ,3312.36 ,,,,,,,7.00 ,,,,,
2012-05-09,,,3000.49 ,3267.50 ,,,,,,,7.00 ,,,,,
2012-05-10,,,3033.70 ,3309.01 ,,,,,,,6.90 ,,,,,
2012-05-11,,,3028.87 ,3297.05 ,,,,,,,6.85 ,,,,,
2012-05-14,,,3013.30 ,3278.87 ,,,,,,,,,,,,
2012-05-15,,,3010.22 ,3288.38 ,,,,,,,7.00 ,,,,,
2012-05-16,,,2993.43 ,3269.65 ,,,,,,,7.00 ,,,,,
2012-05-17,,,3014.14 ,3288.61 ,,,,,,,7.00 ,,,,,
2012-05-18,,,2947.87 ,3219.04 ,,,,,,,7.10 ,,,,,
2012-05-21,,,2980.91 ,3252.78 ,,,,,,,7.10 ,,,,,
2012-05-22,,,3054.02 ,3324.82 ,,,,,,,7.05 ,,,,,
2012-05-23,,,3047.20 ,3318.16 ,,,,,,,7.05 ,,,,,
2012-05-24,,,2999.96 ,3271.67 ,,,,,,,7.05 ,,,,,
2012-05-25,,,2969.88 ,3236.64 ,,,,,,,7.05 ,,,,,
2012-05-28,,,2985.84 ,3258.96 ,,,,,,,,,,,,
2012-05-29,,,3067.64 ,3347.80 ,,,,,,,6.95 ,,,,,
2012-05-30,,,3074.84 ,3359.17 ,,,,,,,6.95 ,,,,,
2012-05-31,,,3053.07 ,3340.26 ,516.60 ,19130.00 ,1169.40 ,611.29 ,,,6.95 ,7642.80 ,254805.00 ,299.95 ,106.21 ,
2012-06-01,,,3041.72 ,3325.93 ,,,,,,,6.95 ,,,,,
2012-06-04,,,3013.16 ,3300.67 ,,,,,,,6.95 ,,,,,
2012-06-05,,,3019.97 ,3316.78 ,,,,,,,6.90 ,,,,,
2012-06-06,,,3011.99 ,3302.90 ,,,,,,,6.95 ,,,,,
2012-06-07,,,3002.59 ,3308.52 ,,,,,,,,,,,,
2012-06-08,,,2935.74 ,3238.19 ,,,,,,,7.05 ,,,,,
2012-06-11,,,2953.05 ,3261.23 ,,,,,,,7.05 ,,,,,
2012-06-12,,,2937.89 ,3259.12 ,,,,,,,7.05 ,,,,,
2012-06-13,,,3003.42 ,3337.36 ,,,,,,,7.05 ,,,,,
2012-06-14,,,3009.70 ,3335.10 ,,,,,,,7.05 ,,,,,
2012-06-15,,,3000.96 ,3330.51 ,,,,,,,7.05 ,,,,,
2012-06-18,,,2989.57 ,3312.49 ,,,,,,,7.05 ,,,,,
2012-06-19,,,2942.37 ,3253.69 ,,,,,,,7.05 ,,,,,
2012-06-20,,,2925.46 ,3239.54 ,,,,,,,7.05 ,,,,,
2012-06-21,,,2882.91 ,3197.94 ,,,,,,,7.00 ,,,,,
2012-06-22,,,,,,,,,,,7.00 ,,,,,
2012-06-25,,,2806.23 ,3121.90 ,,,,,,,7.00 ,,,,,
2012-06-26,,,2779.42 ,3085.68 ,,,,,,,7.00 ,,,,,
2012-06-27,,,2758.08 ,3066.68 ,,,,,,,7.10 ,,,,,
2012-06-28,,,2730.47 ,3041.28 ,,,,,,,7.15 ,,,,,
2012-06-29,,,2816.89 ,3136.29 ,,,,,,,7.15 ,,,,,
2012-06-30,,,,,548.80 ,22400.00 ,1382.30 ,617.10 ,,,,4758.70 ,159107.00 ,299.09 ,104.63 ,
2012-07-02,,,2839.58 ,3154.17 ,,,,,,,6.15 ,,,,,
2012-07-03,,,2823.26 ,3139.17 ,,,,,,,6.50 ,,,,,
2012-07-04,,,2815.28 ,3135.02 ,,,,,,,,,,,,
2012-07-05,,,2746.69 ,3069.22 ,,,,,,,,,,,,
2012-07-06,,,2809.86 ,3137.21 ,,,,,,,6.50 ,,,,,
2012-07-09,,,2752.82 ,3075.99 ,,,,,,,7.00 ,,,,,
2012-07-10,,,2726.12 ,3049.93 ,,,,,,,7.00 ,,,,,
2012-07-11,,,2715.41 ,3039.89 ,,,,,,,,,,,,
2012-07-12,,,2755.74 ,3076.39 ,,,,,,,6.65 ,,,,,
2012-07-13,,,2760.47 ,3078.75 ,,,,,,,6.65 ,,,,,
2012-07-16,,,2706.07 ,3023.56 ,,,,,,,7.10 ,,,,,
2012-07-17,,,2697.15 ,3011.35 ,,,,,,,7.10 ,,,,,
2012-07-18,,,2675.10 ,2982.71 ,,,,,,,7.10 ,,,,,
2012-07-19,,,2688.42 ,2993.42 ,,,,,,,7.10 ,,,,,
2012-07-20,,,2669.91 ,2974.58 ,,,,,,,7.10 ,,,,,
2012-07-23,,,2628.58 ,2931.78 ,,,,,,,7.10 ,,,,,
2012-07-24,,,2638.72 ,2941.28 ,,,,,,,7.00 ,,,,,
2012-07-25,,,2624.42 ,2926.26 ,,,,,,,7.10 ,,,,,
2012-07-26,,,2619.90 ,2930.16 ,,,,,,,7.10 ,,,,,
2012-07-27,,,2612.25 ,2924.06 ,,,,,,,7.10 ,,,,,
2012-07-30,,,2559.04 ,2876.40 ,,,,,,,7.15 ,,,,,
2012-07-31,,,2485.81 ,2808.05 ,569.12 ,19790.00 ,1254.90 ,634.11 ,,,,3813.40 ,126453.00 ,301.57 ,105.53 ,
2012-08-01,,,2505.68 ,2823.91 ,,,,,,,6.85 ,,,,,
2012-08-02,,,2462.80 ,2767.61 ,,,,,,,6.85 ,,,,,
2012-08-03,,,2466.21 ,2764.93 ,,,,,,,6.90 ,,,,,
2012-08-06,,,2505.91 ,2800.60 ,,,,,,,,,,,,
2012-08-07,,,2545.81 ,2835.67 ,,,,,,,6.90 ,,,,,
2012-08-08,,,2521.89 ,2811.37 ,,,,,,,6.90 ,,,,,
2012-08-09,,,2557.72 ,2852.72 ,,,,,,,7.10 ,,,,,
2012-08-10,,,2586.77 ,2884.62 ,,,,,,,6.90 ,,,,,
2012-08-13,,,2545.56 ,2849.24 ,,,,,,,6.90 ,,,,,
2012-08-14,,,2533.31 ,2836.30 ,,,,,,,6.90 ,,,,,
2012-08-15,,,2498.91 ,2799.82 ,,,,,,,6.95 ,,,,,
2012-08-16,,,2454.30 ,2742.91 ,,,,,,,6.95 ,,,,,
2012-08-17,,,2468.01 ,2756.45 ,,,,,,,6.95 ,,,,,
2012-08-20,,,2514.11 ,2808.05 ,,,,,,,6.95 ,,,,,
2012-08-21,,,2529.18 ,2821.90 ,,,,,,,7.05 ,,,,,
2012-08-22,,,2490.52 ,2779.99 ,,,,,,,,,,,,
2012-08-23,,,2485.57 ,2771.35 ,,,,,,,,,,,,
2012-08-24,,,2428.39 ,2713.38 ,,,,,,,7.00 ,,,,,
2012-08-27,,,2388.51 ,2676.01 ,,,,,,,7.00 ,,,,,
2012-08-28,,,2403.74 ,2688.62 ,,,,,,,,,,,,
2012-08-29,,,2380.37 ,2668.38 ,,,,,,,6.95 ,,,,,
2012-08-30,,,2360.81 ,2646.93 ,,,,,,,,,,,,
2012-08-31,,,2342.14 ,2625.20 ,580.03 ,17640.00 ,1120.30 ,635.09 ,,,7.00 ,6600.40 ,227339.00 ,290.33 ,104.76 ,
2012-09-03,,,2372.55 ,2658.16 ,,,,,,,7.00 ,,,,,
2012-09-04,,,2338.27 ,2617.43 ,,,,,,,7.05 ,,,,,
2012-09-05,,,2344.12 ,2624.79 ,,,,,,,7.05 ,,,,,
2012-09-06,,,2354.96 ,2635.88 ,,,,,,,7.00 ,,,,,
2012-09-07,,,2444.33 ,2731.49 ,,,,,,,7.00 ,,,,,
2012-09-10,,,2444.15 ,2728.03 ,,,,,,,6.85 ,,,,,
2012-09-11,,,2434.88 ,2715.88 ,,,,,,,6.85 ,,,,,
2012-09-12,,,2439.70 ,2720.37 ,,,,,,,6.75 ,,,,,
2012-09-13,,,2381.80 ,2656.06 ,,,,,,,6.85 ,,,,,
2012-09-14,,,2400.09 ,2675.03 ,,,,,,,6.85 ,,,,,
2012-09-17,,,2342.03 ,2613.10 ,,,,,,,7.00 ,,,,,
2012-09-18,,,2288.24 ,2550.44 ,,,,,,,7.00 ,,,,,
2012-09-19,,,2306.81 ,2566.53 ,,,,,,,7.10 ,,,,,
2012-09-20,,,2259.28 ,2520.89 ,,,,,,,7.10 ,,,,,
2012-09-21,,,2249.71 ,2512.60 ,,,,,,,,,,,,
2012-09-24,,,2254.16 ,2516.47 ,,,,,,,7.10 ,,,,,
2012-09-25,,,2241.17 ,2499.05 ,,,,,,,7.10 ,,,,,
2012-09-26,,,2190.68 ,2448.84 ,,,,,,,7.00 ,,,,,
2012-09-27,,,2228.18 ,2488.91 ,,,,,,,7.00 ,,,,,
2012-09-28,,,2273.40 ,2540.02 ,,,,,,,7.00 ,,,,,
2012-09-30,,,,,455.07 ,20420.00 ,1281.00 ,627.33 ,,,,6091.90 ,200877.00 ,303.27 ,102.49 ,
2012-10-01,,,,,,,,,,,7.00 ,,,,,
2012-10-04,,,,,,,,,,,7.05 ,,,,,
2012-10-05,,,,,,,,,,,7.05 ,,,,,
2012-10-08,,,2256.42 ,2524.81 ,,,,,,,7.05 ,,,,,
2012-10-09,,,2313.72 ,2586.18 ,,,,,,,7.05 ,,,,,
2012-10-10,,,2350.63 ,2617.70 ,,,,,,,7.05 ,,,,,
2012-10-11,,,2370.88 ,2645.94 ,,,,,,,7.15 ,,,,,
2012-10-12,,,2371.68 ,2648.58 ,,,,,,,7.15 ,,,,,
2012-10-15,,,2360.41 ,2635.15 ,,,,,,,7.15 ,,,,,
2012-10-16,,,2368.23 ,2642.59 ,,,,,,,7.15 ,,,,,
2012-10-17,,,2348.65 ,2620.60 ,,,,,,,7.05 ,,,,,
2012-10-18,,,2365.84 ,2636.62 ,,,,,,,7.05 ,,,,,
2012-10-19,,,2347.57 ,2617.71 ,,,,,,,7.10 ,,,,,
2012-10-22,,,2353.31 ,2625.60 ,,,,,,,7.10 ,,,,,
2012-10-23,,,2339.48 ,2610.18 ,,,,,,,7.11 ,,,,,
2012-10-24,,,2327.72 ,2597.54 ,,,,,,,7.15 ,,,,,
2012-10-25,,,2297.44 ,2567.05 ,,,,,,,7.15 ,,,,,
2012-10-26,,,2254.63 ,2522.10 ,,,,,,,7.15 ,,,,,
2012-10-29,,,2249.05 ,2515.29 ,,,,,,,7.25 ,,,,,
2012-10-30,,,2246.77 ,2509.50 ,,,,,,,,,,,,
2012-10-31,,,2267.18 ,2534.60 ,340.61 ,16880.00 ,1074.50 ,636.55 ,,,7.25 ,6017.90 ,200674.00 ,299.88 ,101.35 ,
2012-11-01,,,2315.07 ,2588.16 ,,,,,,,7.25 ,,,,,
2012-11-02,,,2313.34 ,2585.98 ,,,,,,,7.25 ,,,,,
2012-11-05,,,2353.03 ,2623.96 ,,,,,,,7.25 ,,,,,
2012-11-06,,,2304.53 ,2573.43 ,,,,,,,7.25 ,,,,,
2012-11-07,,,2296.36 ,2564.87 ,,,,,,,7.25 ,,,,,
2012-11-08,,,2233.92 ,2497.24 ,,,,,,,7.25 ,,,,,
2012-11-09,,,2237.93 ,2501.98 ,,,,,,,7.25 ,,,,,
2012-11-12,,,2244.23 ,2507.72 ,,,,,,,7.20 ,,,,,
2012-11-13,,,2203.47 ,2463.80 ,,,,,,,7.20 ,,,,,
2012-11-14,,,2208.32 ,2467.32 ,,,,,,,7.20 ,,,,,
2012-11-15,,,2170.95 ,2429.07 ,,,,,,,,,,,,
2012-11-16,,,2145.50 ,2404.29 ,,,,,,,7.20 ,,,,,
2012-11-19,,,2132.61 ,2386.12 ,,,,,,,7.20 ,,,,,
2012-11-20,,,2129.62 ,2384.16 ,,,,,,,7.20 ,,,,,
2012-11-21,,,2141.36 ,2395.45 ,,,,,,,7.20 ,,,,,
2012-11-22,,,2111.63 ,2365.31 ,,,,,,,,,,,,
2012-11-23,,,2135.45 ,2394.57 ,,,,,,,7.20 ,,,,,
2012-11-26,,,2114.26 ,2372.42 ,,,,,,,7.20 ,,,,,
2012-11-27,,,2058.67 ,2320.10 ,,,,,,,7.25 ,,,,,
2012-11-28,,,1983.08 ,2240.29 ,,,,,,,7.25 ,,,,,
2012-11-29,,,1965.40 ,2228.32 ,,,,,,,7.25 ,,,,,
2012-11-30,,,1992.12 ,2259.30 ,288.95 ,17530.00 ,1128.00 ,643.47 ,,,7.25 ,6629.20 ,208047.00 ,318.64 ,102.10 ,
2012-12-03,,,1935.97 ,2203.19 ,,,,,,,7.25 ,,,,,
2012-12-04,,,1970.03 ,2236.76 ,,,,,,,7.25 ,,,,,
2012-12-05,,,2023.95 ,2293.93 ,,,,,,,7.25 ,,,,,
2012-12-06,,,2018.99 ,2288.94 ,,,,,,,7.25 ,,,,,
2012-12-07,,,2047.18 ,2316.96 ,,,,,,,7.25 ,,,,,
2012-12-10,,,2077.50 ,2345.47 ,,,,,,,7.25 ,,,,,
2012-12-11,,,2060.84 ,2327.69 ,,,,,,,7.25 ,,,,,
2012-12-12,,,2066.42 ,2333.42 ,,,,,,,7.25 ,,,,,
2012-12-13,,,2080.82 ,2353.01 ,,,,,,,7.20 ,,,,,
2012-12-14,,,2152.48 ,2430.97 ,,,,,,,7.20 ,,,,,
2012-12-17,,,2172.79 ,2451.40 ,,,,,,,7.20 ,,,,,
2012-12-18,,,2167.84 ,2445.58 ,,,,,,,7.20 ,,,,,
2012-12-19,,,2164.39 ,2442.87 ,,,,,,,7.20 ,,,,,
2012-12-20,,,2160.01 ,2431.62 ,,,,,,,7.15 ,,,,,
2012-12-21,,,2156.71 ,2428.99 ,,,,,,,7.20 ,,,,,
2012-12-24,,,2165.69 ,2439.16 ,,,,,,,,,,,,
2012-12-25,,,2219.24 ,2502.09 ,,,,,,,,,,,,
2012-12-26,,,2233.41 ,2518.47 ,,,,,,,7.20 ,,,,,
2012-12-27,,,2220.35 ,2502.87 ,,,,,,,7.20 ,,,,,
2012-12-28,,,2233.44 ,2517.69 ,,,,,,,7.20 ,,,,,
2012-12-31,,,2242.40 ,2528.21 ,275.37 ,19680.00 ,1228.30 ,624.14 ,,,7.20 ,1742.10 ,55294.00 ,315.06 ,104.05 ,
2013-01-02,,,,,,,,,,,7.20 ,,,,,
2013-01-03,,,,,,,,,,,7.15 ,,,,,
2013-01-04,,,2261.70 ,2544.82 ,,,,,3.80 ,5.80 ,7.15 ,,,,,
2013-01-07,,,2253.34 ,2532.46 ,,,,,,,7.15 ,,,,,
2013-01-08,,,2279.24 ,2561.30 ,,,,,,,7.10 ,,,,,
2013-01-09,,,2294.62 ,2581.14 ,,,,,,,7.10 ,,,,,
2013-01-10,,,2286.40 ,2569.80 ,,,,,,,7.10 ,,,,,
2013-01-11,,,2236.21 ,2521.95 ,,,,,3.80 ,5.80 ,7.10 ,,,,,
2013-01-14,,,2287.46 ,2577.52 ,,,,,,,7.10 ,,,,,
2013-01-15,,,2300.08 ,2584.92 ,,,,,,,7.10 ,,,,,
2013-01-16,,,2299.28 ,2584.53 ,,,,,,,7.10 ,,,,,
2013-01-17,,,2292.70 ,2576.95 ,,,,,,,7.05 ,,,,,
2013-01-18,,,2325.02 ,2617.42 ,,,,,3.80 ,5.80 ,7.05 ,,,,,
2013-01-21,,,2331.98 ,2623.52 ,,,,,,,,,,,,
2013-01-22,,,2296.98 ,2585.49 ,,,,,,,7.10 ,,,,,
2013-01-23,,,2285.40 ,2572.06 ,,,,,,,7.10 ,,,,,
2013-01-24,,,2246.92 ,2533.48 ,,,,,,,7.10 ,,,,,
2013-01-25,,,2239.01 ,2529.56 ,,,,,3.80 ,5.80 ,7.10 ,,,,,
2013-01-28,,,2254.59 ,2542.19 ,,,,,,,7.00 ,,,,,
2013-01-29,,,2223.44 ,2499.54 ,,,,,,,7.00 ,,,,,
2013-01-30,,,2237.07 ,2519.01 ,,,,,,,7.05 ,,,,,
2013-01-31,3.95 ,3.86 ,2236.64 ,2517.74 ,,17890.00 ,1135.20 ,634.54 ,,,7.05 ,4321.10 ,121703.00 ,355.05 ,104.54 ,
2013-02-01,,,2245.31 ,2529.06 ,,,,,3.80 ,5.80 ,7.05 ,,,,,
2013-02-04,,,2257.57 ,2543.51 ,,,,,,,7.05 ,,,,,
2013-02-05,,,2293.78 ,2584.72 ,,,,,,,7.05 ,,,,,
2013-02-06,,,2265.20 ,2552.10 ,,,,,,,7.05 ,,,,,
2013-02-07,,,2284.09 ,2573.37 ,,,,,,,7.05 ,,,,,
2013-02-08,,,2323.20 ,2617.69 ,,,,,3.80 ,5.80 ,7.05 ,,,,,
2013-02-11,,,,,,,,,,,7.05 ,,,,,
2013-02-12,,,,,,,,,,,7.00 ,,,,,
2013-02-13,,,,,,,,,,,7.00 ,,,,,
2013-02-14,,,,,,,,,,,7.00 ,,,,,
2013-02-15,,,,,,,,,3.80 ,5.90 ,7.00 ,,,,,
2013-02-18,,,2342.43 ,2636.74 ,,,,,,,,,,,,
2013-02-19,,,2385.92 ,2686.10 ,,,,,,,7.00 ,,,,,
2013-02-20,,,2416.94 ,2720.77 ,,,,,,,7.05 ,,,,,
2013-02-21,,,2352.62 ,2648.61 ,,,,,,,7.05 ,,,,,
2013-02-22,,,2355.00 ,2651.40 ,,,,,3.80 ,5.90 ,7.05 ,,,,,
2013-02-25,,,2349.16 ,2644.77 ,,,,,,,7.05 ,,,,,
2013-02-26,,,2303.52 ,2593.16 ,,,,,,,7.05 ,,,,,
2013-02-27,,,2280.26 ,2566.71 ,,,,,,,,,,,,
2013-02-28,3.96 ,3.86 ,2322.84 ,2614.90 ,,16330.00 ,1015.80 ,622.05 ,,,7.10 ,1569.30 ,44197.00 ,355.07 ,104.82 ,
2013-03-01,,,2325.82 ,2618.34 ,,,,,3.80 ,5.90 ,7.10 ,,,,,
2013-03-04,,,2298.13 ,2587.33 ,,,,,,,7.10 ,,,,,
2013-03-05,,,2435.92 ,2741.94 ,,,,,,,7.10 ,,,,,
2013-03-06,,,2486.58 ,2798.37 ,,,,,,,7.10 ,,,,,
2013-03-07,,,2518.82 ,2834.30 ,,,,,,,7.05 ,,,,,
2013-03-08,,,2497.07 ,2810.04 ,,,,,3.80 ,5.90 ,7.10 ,,,,,
2013-03-11,,,2481.30 ,2791.98 ,,,,,,,7.10 ,,,,,
2013-03-12,,,2432.21 ,2736.94 ,,,,,,,6.50 ,,,,,
2013-03-13,,,2416.18 ,2719.03 ,,,,,,,6.50 ,,,,,
2013-03-14,,,2403.88 ,2705.21 ,,,,,,,6.50 ,,,,,
2013-03-15,,,2395.85 ,2696.55 ,,,,,3.80 ,5.90 ,,,,,,
2013-03-18,,,2340.95 ,2634.72 ,,,,,,,6.50 ,,,,,
2013-03-19,,,2334.41 ,2627.49 ,,,,,,,,,,,,
2013-03-20,,,2370.09 ,2667.22 ,,,,,,,,,,,,
2013-03-21,,,2389.93 ,2689.80 ,,,,,,,,,,,,
2013-03-22,,,2391.88 ,2691.98 ,,,,,3.80 ,5.90 ,,,,,,
2013-03-25,,,2430.27 ,2734.90 ,,,,,,,,,,,,
2013-03-26,,,2394.12 ,2694.19 ,,,,,,,,,,,,
2013-03-27,,,2421.19 ,2724.93 ,,,,,,,,,,,,
2013-03-28,,,2404.01 ,2706.54 ,,,,,,,,,,,,
2013-03-29,,,2385.82 ,2686.15 ,,,,,3.80 ,5.90 ,,,,,,
2013-03-31,4.04 ,3.94 ,,,421.73 ,21750.00 ,1394.80 ,641.29 ,,,,7205.90 ,202674.00 ,355.54 ,103.02 ,
2013-04-01,,,2406.78 ,2710.43 ,,,,,,,6.50 ,,,,,
2013-04-02,,,2356.08 ,2653.71 ,,,,,,,6.50 ,,,,,
2013-04-03,,,2335.31 ,2629.85 ,,,,,,,6.25 ,,,,,
2013-04-04,,,,,,,,,,,6.25 ,,,,,
2013-04-05,,,,,,,,,3.80 ,5.90 ,6.25 ,,,,,
2013-04-08,,,2369.53 ,2668.90 ,,,,,,,6.25 ,,,,,
2013-04-09,,,2365.27 ,2663.35 ,,,,,,,,,,,,
2013-04-10,,,2394.97 ,2696.77 ,,,,,,,6.25 ,,,,,
2013-04-11,,,2366.61 ,2665.30 ,,,,,,,6.25 ,,,,,
2013-04-12,,,2360.32 ,2657.55 ,,,,,3.80 ,5.90 ,6.25 ,,,,,
2013-04-15,,,2373.03 ,2672.07 ,,,,,,,,,,,,
2013-04-16,,,2370.86 ,2669.53 ,,,,,,,,,,,,
2013-04-17,,,2383.70 ,2684.19 ,,,,,,,6.75 ,,,,,
2013-04-18,,,2379.08 ,2679.48 ,,,,,,,6.75 ,,,,,
2013-04-19,,,2434.45 ,2741.23 ,,,,,3.80 ,5.90 ,6.75 ,,,,,
2013-04-22,,,2431.52 ,2738.31 ,,,,,,,6.75 ,,,,,
2013-04-23,,,2362.97 ,2661.28 ,,,,,,,6.70 ,,,,,
2013-04-24,,,2392.52 ,2694.48 ,,,,,,,6.70 ,,,,,
2013-04-25,,,2363.09 ,2661.49 ,,,,,,,6.70 ,,,,,
2013-04-26,,,2353.75 ,2651.18 ,,,,,3.80 ,5.90 ,,,,,,
2013-04-30,,,,,429.04 ,19590.00 ,1248.90 ,637.52 ,,,,6995.10 ,197803.00 ,353.64 ,100.84 ,
2013-05-01,,,,,,,,,,,6.75 ,,,,,
2013-05-02,,,2341.58 ,2637.14 ,,,,,,,6.75 ,,,,,
2013-05-03,,,2380.61 ,2680.81 ,,,,,3.80 ,5.90 ,6.75 ,,,,,
2013-05-06,,,2396.95 ,2699.03 ,,,,,,,6.75 ,,,,,
2013-05-07,,,2411.52 ,2715.36 ,,,,,,,6.75 ,,,,,
2013-05-08,,,2424.14 ,2730.73 ,,,,,,,,,,,,
2013-05-09,,,2410.61 ,2708.05 ,,,,,,,6.75 ,,,,,
2013-05-10,,,2433.73 ,2733.76 ,,,,,3.80 ,5.90 ,6.75 ,,,,,
2013-05-13,,,2422.03 ,2720.89 ,,,,,,,6.75 ,,,,,
2013-05-14,,,2368.40 ,2660.38 ,,,,,,,6.75 ,,,,,
2013-05-15,,,2383.93 ,2677.88 ,,,,,,,6.75 ,,,,,
2013-05-16,,,2404.85 ,2701.22 ,,,,,,,6.70 ,,,,,
2013-05-17,,,2450.57 ,2764.11 ,,,,,3.80 ,5.90 ,6.70 ,,,,,
2013-05-20,,,2493.01 ,2812.20 ,,,,,,,6.70 ,,,,,
2013-05-21,,,2501.06 ,2821.23 ,,,,,,,6.60 ,,,,,
2013-05-22,,,2492.87 ,2812.15 ,,,,,,,6.60 ,,,,,
2013-05-23,,,2457.64 ,2772.54 ,,,,,,,6.60 ,,,,,
2013-05-24,,,2467.83 ,2784.20 ,,,,,3.80 ,5.90 ,6.60 ,,,,,
2013-05-27,,,2469.47 ,2786.57 ,,,,,,,,,,,,
2013-05-28,,,2489.09 ,2814.75 ,,,,,,,6.65 ,,,,,
2013-05-29,,,2536.62 ,2868.57 ,,,,,,,6.65 ,,,,,
2013-05-30,,,2545.62 ,2878.45 ,,,,,,,6.65 ,,,,,
2013-05-31,,,2508.90 ,2836.97 ,493.46 ,23800.00 ,1525.40 ,640.92 ,3.80 ,5.90 ,6.70 ,9241.40 ,259517.00 ,356.10 ,99.59 ,
2013-06-03,,,2490.81 ,2820.77 ,,,,,,,6.75 ,,,,,
2013-06-04,,,2469.34 ,2797.61 ,,,,,,,6.75 ,,,,,
2013-06-05,,,2469.22 ,2796.05 ,,,,,,,6.75 ,,,,,
2013-06-06,,,2465.68 ,2791.76 ,,,,,,,6.75 ,,,,,
2013-06-07,,,2442.01 ,2764.73 ,,,,,3.80 ,5.90 ,6.75 ,,,,,
2013-06-10,,,,,,,,,,,6.75 ,,,,,
2013-06-12,,,,,,,,,,,6.75 ,,,,,
2013-06-13,,,2395.14 ,2711.69 ,,,,,,,6.90 ,,,,,
2013-06-14,,,2418.10 ,2737.96 ,,,,,3.80 ,5.90 ,6.90 ,,,,,
2013-06-17,,,2414.80 ,2734.14 ,,,,,,,,,,,,
2013-06-18,,,2412.44 ,2731.31 ,,,,,,,6.90 ,,,,,
2013-06-19,,,2442.00 ,2765.11 ,,,,,,,7.00 ,,,,,
2013-06-20,,,2400.94 ,2718.88 ,,,,,,,7.00 ,,,,,
2013-06-21,,,2378.88 ,2693.85 ,,,,,3.80 ,5.90 ,7.00 ,,,,,
2013-06-24,,,2258.59 ,2557.69 ,,,,,,,7.00 ,,,,,
2013-06-25,,,2251.71 ,2550.19 ,,,,,,,7.00 ,,,,,
2013-06-26,,,2259.01 ,2558.27 ,,,,,,,7.00 ,,,,,
2013-06-27,,,2229.24 ,2524.95 ,,,,,,,,,,,,
2013-06-28,,,2265.50 ,2566.76 ,,,,,3.80 ,5.90 ,,,,,,
2013-06-30,3.99 ,4.04 ,,,554.16 ,21840.00 ,1442.60 ,660.53 ,,,,7257.10 ,206072.00 ,352.16 ,100.00 ,
2013-07-01,,,2302.44 ,2593.50 ,,,,,,,6.75 ,,,,,
2013-07-02,,,2321.00 ,2614.09 ,,,,,,,6.85 ,,,,,
2013-07-03,,,2323.01 ,2616.35 ,,,,,,,6.85 ,,,,,
2013-07-04,,,2353.62 ,2650.76 ,,,,,,,,,,,,
2013-07-05,,,2344.89 ,2640.94 ,,,,,3.80 ,5.90 ,6.85 ,,,,,
2013-07-08,,,2348.45 ,2645.19 ,,,,,,,6.85 ,,,,,
2013-07-09,,,2342.91 ,2639.05 ,,,,,,,6.85 ,,,,,
2013-07-10,,,2382.09 ,2682.78 ,,,,,,,6.85 ,,,,,
2013-07-11,,,2422.62 ,2728.21 ,,,,,,,6.85 ,,,,,
2013-07-12,,,2417.18 ,2721.87 ,,,,,3.80 ,5.50 ,6.85 ,,,,,
2013-07-15,,,2448.24 ,2756.96 ,,,,,,,6.90 ,,,,,
2013-07-16,,,2452.55 ,2761.83 ,,,,,,,6.90 ,,,,,
2013-07-17,,,2376.17 ,2675.93 ,,,,,,,6.75 ,,,,,
2013-07-18,,,2374.27 ,2674.07 ,,,,,,,6.90 ,,,,,
2013-07-19,,,2337.23 ,2632.65 ,,,,,3.80 ,5.50 ,6.90 ,,,,,
2013-07-22,,,2365.25 ,2664.35 ,,,,,,,6.90 ,,,,,
2013-07-23,,,2429.85 ,2736.99 ,,,,,,,6.85 ,,,,,
2013-07-24,,,2428.56 ,2735.78 ,,,,,,,6.85 ,,,,,
2013-07-25,,,2507.94 ,2825.59 ,,,,,,,6.85 ,,,,,
2013-07-26,,,2456.16 ,2777.72 ,,,,,3.80 ,5.50 ,,,,,,
2013-07-28,,,,,,,,,,,6.85 ,,,,,
2013-07-29,,,2423.69 ,2741.97 ,,,,,,,6.50 ,,,,,
2013-07-30,,,2431.66 ,2750.81 ,,,,,,,6.35 ,,,,,
2013-07-31,,,2422.35 ,2740.60 ,572.04 ,22070.00 ,1446.40 ,655.37 ,,,6.25 ,5310.50 ,163893.00 ,324.02 ,98.79 ,
2013-08-01,,,2466.99 ,2791.58 ,,,,,,,6.15 ,,,,,
2013-08-02,,,2479.77 ,2806.43 ,,,,,3.80 ,5.90 ,6.15 ,,,,,
2013-08-05,,,2516.51 ,2848.05 ,,,,,,,6.15 ,,,,,
2013-08-06,,,2527.15 ,2860.75 ,,,,,,,6.15 ,,,,,
2013-08-07,,,2493.58 ,2822.74 ,,,,,,,6.15 ,,,,,
2013-08-08,,,2515.70 ,2848.06 ,,,,,,,6.15 ,,,,,
2013-08-09,,,2543.53 ,2879.24 ,,,,,3.80 ,5.50 ,6.15 ,,,,,
2013-08-12,,,2594.93 ,2937.32 ,,,,,,,6.15 ,,,,,
2013-08-13,,,2574.49 ,2913.97 ,,,,,,,6.15 ,,,,,
2013-08-14,,,2560.53 ,2898.54 ,,,,,,,6.15 ,,,,,
2013-08-15,,,2526.89 ,2860.17 ,,,,,,,6.15 ,,,,,
2013-08-16,,,2471.62 ,2796.65 ,,,,,3.80 ,5.50 ,6.00 ,,,,,
2013-08-19,,,2497.14 ,2825.65 ,,,,,,,6.00 ,,,,,
2013-08-20,,,2483.79 ,2810.54 ,,,,,,,6.00 ,,,,,
2013-08-21,,,2497.08 ,2825.84 ,,,,,,,5.50 ,,,,,
2013-08-22,,,2478.20 ,2804.60 ,,,,,,,5.40 ,,,,,
2013-08-23,,,2447.37 ,2769.97 ,,,,,3.80 ,5.50 ,5.40 ,,,,,
2013-08-26,,,2485.14 ,2812.76 ,,,,,,,5.50 ,,,,,
2013-08-27,,,2487.18 ,2814.57 ,,,,,,,5.50 ,,,,,
2013-08-28,,,2487.27 ,2813.89 ,,,,,,,5.50 ,,,,,
2013-08-29,,,2495.31 ,2822.54 ,,,,,,,5.45 ,,,,,
2013-08-30,,,2506.08 ,2834.88 ,,,,,3.80 ,5.50 ,5.45 ,,,,,
2013-08-31,3.99 ,4.04 ,,,564.82 ,20440.00 ,1332.10 ,651.71 ,,,,6318.30 ,186747.00 ,338.33 ,98.39 ,
2013-09-02,,,2535.63 ,2868.82 ,,,,,,,,,,,,
2013-09-03,,,2545.70 ,2880.08 ,,,,,,,,,,,,
2013-09-04,,,2565.80 ,2902.53 ,,,,,,,,,,,,
2013-09-05,,,2553.35 ,2888.72 ,,,,,,,5.40 ,,,,,
2013-09-06,,,2540.89 ,2874.69 ,,,,,3.80 ,5.90 ,5.40 ,,,,,
2013-09-09,,,2569.09 ,2906.70 ,,,,,,,5.40 ,,,,,
2013-09-10,,,2579.37 ,2918.18 ,,,,,,,5.35 ,,,,,
2013-09-11,,,2574.83 ,2912.06 ,,,,,,,5.35 ,,,,,
2013-09-12,,,2566.00 ,2902.07 ,,,,,,,5.35 ,,,,,
2013-09-13,,,2582.19 ,2920.32 ,,,,,3.80 ,5.90 ,5.35 ,,,,,
2013-09-16,,,2542.53 ,2875.15 ,,,,,,,5.30 ,,,,,
2013-09-17,,,2537.49 ,2868.22 ,,,,,,,5.30 ,,,,,
2013-09-18,,,2533.95 ,2864.27 ,,,,,,,5.50 ,,,,,
2013-09-19,,,,,,,,,,,5.50 ,,,,,
2013-09-20,,,,,,,,,3.80 ,5.90 ,5.50 ,,,,,
2013-09-23,,,2538.96 ,2870.73 ,,,,,,,5.50 ,,,,,
2013-09-24,,,2547.85 ,2882.72 ,,,,,,,5.50 ,,,,,
2013-09-25,,,2561.89 ,2901.22 ,,,,,,,5.50 ,,,,,
2013-09-26,,,2541.05 ,2873.81 ,,,,,,,5.50 ,,,,,
2013-09-27,,,2569.16 ,2906.15 ,,,,,3.80 ,5.90 ,5.50 ,,,,,
2013-09-30,,,2569.24 ,2905.96 ,460.90 ,21110.00 ,1439.70 ,682.00 ,,,5.50 ,11115.10 ,336602.00 ,330.21 ,98.39 ,
2013-10-04,,,,,,,,,3.80 ,5.90 ,,,,,,
2013-10-08,,,2583.72 ,2922.12 ,,,,,,,,,,,,
2013-10-09,,,2578.18 ,2916.21 ,,,,,,,,,,,,
2013-10-10,,,2551.97 ,2886.47 ,,,,,,,,,,,,
2013-10-11,,,2626.62 ,2970.84 ,,,,,3.80 ,5.90 ,,,,,,
2013-10-14,,,2796.89 ,3163.33 ,,,,,,,,,,,,
2013-10-15,,,2813.06 ,3181.34 ,,,,,,,,,,,,
2013-10-16,,,2801.91 ,3168.38 ,,,,,,,,,,,,
2013-10-17,,,2786.22 ,3150.55 ,,,,,,,,,,,,
2013-10-18,,,2827.33 ,3196.99 ,,,,,3.80 ,5.90 ,,,,,,
2013-10-21,,,2885.92 ,3264.13 ,,,,,,,5.50 ,,,,,
2013-10-22,,,2828.32 ,3198.99 ,,,,,,,5.50 ,,,,,
2013-10-23,,,2747.64 ,3107.34 ,,,,,,,5.50 ,,,,,
2013-10-24,,,2723.10 ,3079.24 ,,,,,,,5.50 ,,,,,
2013-10-25,,,2682.56 ,3033.53 ,,,,,3.80 ,5.90 ,5.50 ,,,,,
2013-10-28,,,2735.90 ,3094.20 ,,,,,,,5.50 ,,,,,
2013-10-29,,,2684.07 ,3035.68 ,,,,,,,5.50 ,,,,,
2013-10-30,,,2698.36 ,3051.18 ,,,,,,,5.50 ,,,,,
2013-10-31,4.00 ,4.08 ,2669.45 ,3018.62 ,354.72 ,18560.00 ,1267.80 ,683.08 ,,,5.50 ,10651.10 ,322791.00 ,329.97 ,98.76 ,
2013-11-01,,,2726.62 ,3082.84 ,,,,,3.80 ,5.90 ,5.50 ,,,,,
2013-11-04,,,2708.42 ,3062.02 ,,,,,,,5.50 ,,,,,
2013-11-05,,,2666.63 ,3014.60 ,,,,,,,5.50 ,,,,,
2013-11-06,,,2621.41 ,2963.31 ,,,,,,,5.45 ,,,,,
2013-11-07,,,2611.19 ,2951.63 ,,,,,,,5.45 ,,,,,
2013-11-08,,,2587.08 ,2924.58 ,,,,,3.80 ,5.90 ,5.45 ,,,,,
2013-11-11,,,2598.92 ,2938.01 ,,,,,,,5.45 ,,,,,
2013-11-12,,,2640.38 ,2984.83 ,,,,,,,5.45 ,,,,,
2013-11-13,,,2580.84 ,2917.89 ,,,,,,,5.45 ,,,,,
2013-11-14,,,2618.80 ,2960.95 ,,,,,,,5.45 ,,,,,
2013-11-15,,,2688.95 ,3040.76 ,,,,,3.80 ,4.50 ,5.45 ,,,,,
2013-11-18,,,2776.57 ,3139.64 ,,,,,,,5.45 ,,,,,
2013-11-19,,,2756.29 ,3116.62 ,,,,,,,5.45 ,,,,,
2013-11-20,,,2787.71 ,3152.48 ,,,,,,,5.45 ,,,,,
2013-11-21,,,2778.63 ,3142.13 ,,,,,,,5.45 ,,,,,
2013-11-22,,,2767.98 ,3130.37 ,,,,,3.80 ,4.50 ,,,,,,
2013-11-25,,,2745.20 ,3103.67 ,,,,,,,5.45 ,,,,,
2013-11-26,,,2741.68 ,3099.38 ,,,,,,,5.45 ,,,,,
2013-11-27,,,2770.58 ,3132.47 ,,,,,,,5.45 ,,,,,
2013-11-28,,,2786.52 ,3150.77 ,,,,,,,,,,,,
2013-11-29,,,2790.99 ,3156.12 ,,,,,3.80 ,4.50 ,,,,,,
2013-11-30,4.00 ,4.10 ,,,289.29 ,20340.00 ,1383.30 ,680.09 ,,,,3047.90 ,97123.00 ,313.82 ,100.00 ,
2013-12-02,,,2694.57 ,3042.40 ,,,,,,,5.55 ,,,,,
2013-12-03,,,2756.78 ,3116.70 ,,,,,,,5.55 ,,,,,
2013-12-04,,,2769.14 ,3130.79 ,,,,,,,5.50 ,,,,,
2013-12-05,,,2803.35 ,3169.69 ,,,,,,,5.50 ,,,,,
2013-12-06,,,2774.61 ,3137.32 ,,,,,3.80 ,5.90 ,5.50 ,,,,,
2013-12-09,,,2767.87 ,3130.29 ,,,,,,,5.50 ,,,,,
2013-12-10,,,2788.98 ,3153.81 ,,,,,,,5.75 ,,,,,
2013-12-11,,,2739.03 ,3096.86 ,,,,,,,5.75 ,,,,,
2013-12-12,,,2737.16 ,3094.50 ,,,,,,,5.75 ,,,,,
2013-12-13,,,2774.21 ,3136.41 ,,,,,3.80 ,5.90 ,5.75 ,,,,,
2013-12-16,,,2784.87 ,3158.18 ,,,,,,,5.75 ,,,,,
2013-12-17,,,2766.78 ,3132.44 ,,,,,,,5.75 ,,,,,
2013-12-18,,,2733.33 ,3092.97 ,,,,,,,5.75 ,,,,,
2013-12-19,,,2724.12 ,3085.34 ,,,,,,,5.75 ,,,,,
2013-12-20,,,2683.07 ,3039.09 ,,,,,3.80 ,5.90 ,6.00 ,,,,,
2013-12-23,,,2677.76 ,3032.86 ,,,,,,,6.00 ,,,,,
2013-12-24,,,2702.74 ,3063.19 ,,,,,,,6.00 ,,,,,
2013-12-25,,,2765.51 ,3136.67 ,,,,,,,,,,,,
2013-12-26,,,2745.08 ,3115.70 ,,,,,,,6.00 ,,,,,
2013-12-27,,,2787.43 ,3169.45 ,,,,,3.80 ,5.90 ,6.00 ,,,,,
2013-12-30,,,2857.02 ,3254.24 ,,,,,,,6.00 ,,,,,
2013-12-31,3.98 ,4.12 ,2850.94 ,3241.97 ,291.73 ,25690.00 ,1688.30 ,657.18 ,,,6.00 ,6822.90 ,196316.00 ,347.55 ,100.00 ,2273.00 
2014-01-02,,,2832.69 ,3218.23 ,,,,,,,5.80 ,,,,,
2014-01-03,,,2816.31 ,3200.56 ,,,,,3.80 ,6.50 ,5.80 ,,,,,
2014-01-06,,,2725.91 ,3097.44 ,,,,,,,5.80 ,,,,,
2014-01-07,,,2720.97 ,3091.46 ,,,,,,,5.80 ,,,,,
2014-01-08,,,2738.94 ,3113.67 ,,,,,,,5.80 ,,,,,
2014-01-09,,,2663.35 ,3028.49 ,,,,,,,5.80 ,,,,,
2014-01-10,,,2635.96 ,2997.18 ,,,,,3.80 ,6.50 ,5.80 ,,,,,2259.80 
2014-01-13,,,2641.22 ,3003.41 ,,,,,,,5.70 ,,,,,
2014-01-14,,,2651.42 ,3011.78 ,,,,,,,5.70 ,,,,,
2014-01-15,,,2664.24 ,3028.97 ,,,,,,,5.70 ,,,,,
2014-01-16,,,2699.63 ,3071.79 ,,,,,,,5.70 ,,,,,
2014-01-17,,,2637.19 ,2998.96 ,,,,,3.80 ,6.50 ,5.70 ,,,,,
2014-01-20,,,2587.10 ,2941.24 ,,,,,,,,,,,,2257.00 
2014-01-21,,,2615.98 ,2974.21 ,,,,,,,5.65 ,,,,,
2014-01-22,,,2660.10 ,3023.95 ,,,,,,,5.70 ,,,,,
2014-01-23,,,2634.93 ,2993.25 ,,,,,,,5.70 ,,,,,
2014-01-24,,,2619.19 ,2973.45 ,,,,,3.80 ,6.50 ,5.70 ,,,,,
2014-01-27,,,2574.40 ,2915.47 ,,,,,,,5.70 ,,,,,
2014-01-28,,,2535.94 ,2870.22 ,,,,,,,5.70 ,,,,,
2014-01-29,,,2545.60 ,2881.92 ,,,,,,,,,,,,
2014-01-30,,,2578.70 ,2923.50 ,,,,,,,,,,,,
2014-01-31,3.99 ,4.11 ,,,,20663.46 ,1415.33 ,684.94 ,3.80 ,6.50 ,,3047.89 ,99446.60 ,306.48 ,99.20 ,2257.70 
2014-02-04,,,,,,,,,,,5.60 ,,,,,
2014-02-06,,,,,,,,,,,5.65 ,,,,,
2014-02-07,,,2570.71 ,2917.14 ,,,,,3.80 ,6.50 ,5.65 ,,,,,
2014-02-10,,,2624.91 ,2977.74 ,,,,,,,,,,,,2258.30 
2014-02-11,,,2655.78 ,3011.91 ,,,,,,,5.65 ,,,,,
2014-02-12,,,2628.98 ,2980.23 ,,,,,,,,,,,,
2014-02-13,,,2604.89 ,2951.59 ,,,,,,,,,,,,
2014-02-14,,,2604.60 ,2949.31 ,,,,,3.80 ,6.50 ,5.65 ,,,,,
2014-02-17,,,2603.26 ,2944.47 ,,,,,,,,,,,,
2014-02-18,,,2573.11 ,2912.05 ,,,,,,,,,,,,
2014-02-19,,,2590.79 ,2930.78 ,,,,,,,5.65 ,,,,,
2014-02-20,,,2626.06 ,2975.84 ,,,,,,,5.65 ,,,,,2259.90 
2014-02-21,,,2593.82 ,2938.66 ,,,,,3.80 ,6.50 ,5.65 ,,,,,
2014-02-24,,,2538.08 ,2877.70 ,,,,,,,5.65 ,,,,,
2014-02-25,,,2512.64 ,2851.04 ,,,,,,,5.65 ,,,,,
2014-02-26,,,2497.21 ,2830.72 ,,,,,,,5.65 ,,,,,
2014-02-27,,,2457.40 ,2789.18 ,,,,,,,,,,,,
2014-02-28,4.02 ,4.12 ,2526.87 ,2871.33 ,,15233.04 ,1020.23 ,669.75 ,3.80 ,6.50 ,,9948.77 ,342696.88 ,290.31 ,99.20 ,2254.30 
2014-03-03,,,2551.65 ,2899.11 ,,,,,,,5.80 ,,,,,
2014-03-04,,,2546.77 ,2888.08 ,,,,,,,6.00 ,,,,,
2014-03-05,,,2509.37 ,2845.90 ,,,,,,,6.00 ,,,,,
2014-03-06,,,2504.98 ,2841.77 ,,,,,,,,,,,,
2014-03-07,,,2548.15 ,2893.78 ,,,,,3.80 ,6.50 ,,,,,,
2014-03-10,,,2509.19 ,2855.14 ,,,,,,,,,,,,2253.90 
2014-03-11,,,2568.14 ,2923.89 ,,,,,,,,,,,,
2014-03-12,,,2560.34 ,2915.40 ,,,,,,,5.90 ,,,,,
2014-03-13,,,2585.39 ,2940.77 ,,,,,,,,,,,,
2014-03-14,,,2516.12 ,2857.02 ,,,,,3.80 ,6.50 ,6.00 ,,,,,
2014-03-17,,,2520.11 ,2858.80 ,,,,,,,,,,,,
2014-03-18,,,2514.77 ,2850.91 ,,,,,,,6.00 ,,,,,
2014-03-19,,,2493.82 ,2827.95 ,,,,,,,6.00 ,,,,,
2014-03-20,,,2470.47 ,2798.96 ,,,,,,,6.00 ,,,,,2255.00 
2014-03-21,,,2514.91 ,2850.41 ,,,,,3.80 ,6.50 ,6.00 ,,,,,
2014-03-24,,,2525.02 ,2861.24 ,,,,,,,6.00 ,,,,,
2014-03-25,,,2524.75 ,2861.99 ,,,,,,,,,,,,
2014-03-26,,,2504.85 ,2838.23 ,,,,,,,6.00 ,,,,,
2014-03-27,,,2473.60 ,2804.31 ,,,,,,,,,,,,
2014-03-28,,,2472.78 ,2804.70 ,,,,,3.80 ,6.50 ,,,,,,
2014-03-31,4.04 ,3.94 ,2481.63 ,2817.67 ,398.54 ,21208.35 ,1464.90 ,690.72 ,,,6.00 ,15815.41 ,541109.89 ,292.28 ,99.20 ,2255.40 
2014-04-01,,,2495.66 ,2833.53 ,,,,,,,6.00 ,,,,,
2014-04-02,,,2509.85 ,2850.42 ,,,,,,,,,,,,
2014-04-03,,,2482.94 ,2815.29 ,,,,,,,,,,,,
2014-04-04,,,2502.26 ,2838.01 ,,,,,3.80 ,6.50 ,,,,,,
2014-04-07,,,,,,,,,,,6.00 ,,,,,
2014-04-08,,,2530.56 ,2870.21 ,,,,,,,6.00 ,,,,,
2014-04-09,,,2543.09 ,2883.80 ,,,,,,,6.00 ,,,,,
2014-04-10,,,2607.43 ,2963.79 ,,,,,,,6.00 ,,,,,2254.70 
2014-04-11,,,2581.65 ,2933.70 ,,,,,3.90 ,6.50 ,,,,,,
2014-04-14,,,2577.65 ,2929.05 ,,,,,,,6.00 ,,,,,
2014-04-15,,,2576.16 ,2927.98 ,,,,,,,6.00 ,,,,,
2014-04-16,,,2576.31 ,2927.90 ,,,,,,,6.00 ,,,,,
2014-04-17,,,2579.50 ,2931.98 ,,,,,,,6.90 ,,,,,
2014-04-18,,,2614.39 ,2971.98 ,,,,,3.90 ,6.50 ,,,,,,
2014-04-20,,,,,,,,,,,,,,,,2270.60 
2014-04-21,,,2567.66 ,2918.39 ,,,,,,,6.90 ,,,,,
2014-04-22,,,2554.53 ,2904.44 ,,,,,,,6.90 ,,,,,
2014-04-23,,,2536.02 ,2882.81 ,,,,,,,6.90 ,,,,,
2014-04-24,,,2511.06 ,2855.19 ,,,,,,,6.50 ,,,,,
2014-04-25,,,2473.48 ,2813.00 ,,,,,3.90 ,6.50 ,6.25 ,,,,,
2014-04-28,,,2422.61 ,2756.02 ,,,,,,,6.25 ,,,,,
2014-04-29,,,2448.51 ,2784.64 ,,,,,,,,,,,,
2014-04-30,4.03 ,4.13 ,2478.52 ,2819.88 ,436.45 ,23051.19 ,1565.77 ,679.26 ,,,,13136.12 ,454173.13 ,289.23 ,99.60 ,2298.30 
2014-05-01,,,,,,,,,,,6.25 ,,,,,
2014-05-02,,,,,,,,,3.90 ,6.50 ,6.00 ,,,,,
2014-05-05,,,2473.58 ,2813.69 ,,,,,,,6.00 ,,,,,
2014-05-06,,,2453.73 ,2790.14 ,,,,,,,6.00 ,,,,,
2014-05-07,,,2431.44 ,2765.17 ,,,,,,,6.00 ,,,,,
2014-05-08,,,2449.43 ,2785.99 ,,,,,,,6.00 ,,,,,
2014-05-09,,,2433.51 ,2767.71 ,,,,,3.90 ,6.50 ,6.00 ,,,,,
2014-05-10,,,,,,,,,,,,,,,,2328.20 
2014-05-12,,,2501.11 ,2845.43 ,,,,,,,6.00 ,,,,,
2014-05-13,,,2506.56 ,2850.48 ,,,,,,,6.50 ,,,,,
2014-05-14,,,2529.51 ,2877.39 ,,,,,,,6.25 ,,,,,
2014-05-15,,,2474.64 ,2815.16 ,,,,,,,6.50 ,,,,,
2014-05-16,,,2502.26 ,2846.84 ,,,,,3.90 ,6.50 ,6.40 ,,,,,
2014-05-19,,,2515.06 ,2863.20 ,,,,,,,6.35 ,,,,,
2014-05-20,,,2523.37 ,2873.04 ,,,,,,,6.35 ,,,,,2351.80 
2014-05-21,,,2583.28 ,2941.75 ,,,,,,,6.00 ,,,,,
2014-05-22,,,2569.81 ,2927.18 ,,,,,,,6.00 ,,,,,
2014-05-23,,,2589.29 ,2958.51 ,,,,,3.90 ,6.50 ,6.00 ,,,,,
2014-05-26,,,2579.88 ,2947.17 ,,,,,,,,,,,,
2014-05-27,,,2567.19 ,2931.34 ,,,,,,,6.00 ,,,,,
2014-05-28,,,2587.15 ,2954.82 ,,,,,,,5.75 ,,,,,
2014-05-29,,,2564.57 ,2928.54 ,,,,,,,6.00 ,,,,,
2014-05-30,,,2600.01 ,2968.34 ,,,,,3.90 ,6.50 ,,,,,,
2014-05-31,4.04 ,4.14 ,,,502.31 ,23993.95 ,1605.20 ,669.00 ,,,,19395.26 ,665745.17 ,291.33 ,101.70 ,2356.40 
2014-06-02,,,,,,,,,,,5.85 ,,,,,
2014-06-03,,,2579.36 ,2944.79 ,,,,,,,5.85 ,,,,,
2014-06-04,,,2548.25 ,2909.16 ,,,,,,,5.85 ,,,,,
2014-06-05,,,2570.09 ,2933.77 ,,,,,,,5.85 ,,,,,
2014-06-06,,,2555.58 ,2917.31 ,,,,,3.90 ,6.50 ,5.85 ,,,,,
2014-06-09,,,2583.97 ,2950.75 ,,,,,,,5.85 ,,,,,
2014-06-10,,,2577.01 ,2942.65 ,,,,,,,5.65 ,,,,,2373.40 
2014-06-11,,,2595.03 ,2963.75 ,,,,,,,5.65 ,,,,,
2014-06-12,,,2564.13 ,2928.39 ,,,,,,,5.65 ,,,,,
2014-06-13,,,2546.01 ,2908.15 ,,,,,3.90 ,6.50 ,5.65 ,,,,,
2014-06-16,,,2563.55 ,2929.74 ,,,,,,,5.65 ,,,,,
2014-06-17,,,2532.73 ,2896.20 ,,,,,,,5.65 ,,,,,
2014-06-18,,,2525.67 ,2888.08 ,,,,,,,5.65 ,,,,,
2014-06-19,,,2487.89 ,2845.42 ,,,,,,,5.75 ,,,,,
2014-06-20,,,2488.14 ,2848.88 ,,,,,3.90 ,6.50 ,5.75 ,,,,,2398.80 
2014-06-23,,,2481.17 ,2840.51 ,,,,,,,5.75 ,,,,,
2014-06-24,,,2471.31 ,2827.99 ,,,,,,,5.65 ,,,,,
2014-06-25,,,2463.17 ,2818.27 ,,,,,,,5.60 ,,,,,
2014-06-26,,,2473.86 ,2830.60 ,,,,,,,5.60 ,,,,,
2014-06-27,,,2484.14 ,2841.94 ,,,,,3.90 ,6.50 ,5.60 ,,,,,
2014-06-30,4.06 ,4.15 ,2494.37 ,2853.28 ,566.81 ,24651.51 ,1633.96 ,662.82 ,,,5.60 ,9677.11 ,327053.42 ,295.89 ,102.50 ,2428.00 
2014-07-01,,,2487.90 ,2846.32 ,,,,,,,5.60 ,,,,,
2014-07-02,,,2488.20 ,2846.81 ,,,,,,,5.70 ,,,,,
2014-07-03,,,2491.44 ,2850.13 ,,,,,,,5.70 ,,,,,
2014-07-04,,,2476.65 ,2833.54 ,,,,,3.90 ,6.50 ,,,,,,
2014-07-07,,,2479.39 ,2836.79 ,,,,,,,5.65 ,,,,,
2014-07-08,,,2483.99 ,2841.75 ,,,,,,,,,,,,
2014-07-09,,,2431.27 ,2781.40 ,,,,,,,,,,,,
2014-07-10,,,2423.83 ,2772.80 ,,,,,,,,,,,,2465.00 
2014-07-11,,,2436.09 ,2787.11 ,,,,,3.90 ,6.50 ,,,,,,
2014-07-14,,,2457.80 ,2811.72 ,,,,,,,,,,,,
2014-07-15,,,2477.57 ,2834.24 ,,,,,,,,,,,,
2014-07-16,,,2465.43 ,2820.49 ,,,,,,,,,,,,
2014-07-17,,,2467.86 ,2822.83 ,,,,,,,5.60 ,,,,,
2014-07-18,,,2487.77 ,2845.47 ,,,,,3.90 ,6.50 ,5.60 ,,,,,
2014-07-20,,,,,,,,,,,,,,,,2485.80 
2014-07-21,,,2479.04 ,2835.27 ,,,,,,,5.60 ,,,,,
2014-07-22,,,2490.00 ,2847.87 ,,,,,,,,,,,,
2014-07-23,,,2470.07 ,2825.36 ,,,,,,,5.60 ,,,,,
2014-07-24,,,2487.92 ,2845.63 ,,,,,,,5.60 ,,,,,
2014-07-25,,,2503.57 ,2863.46 ,,,,,3.90 ,6.50 ,5.60 ,,,,,
2014-07-28,,,2552.38 ,2919.03 ,,,,,,,5.60 ,,,,,
2014-07-29,,,2564.00 ,2932.36 ,,,,,,,5.60 ,,,,,
2014-07-30,,,2573.51 ,2943.06 ,,,,,,,5.60 ,,,,,
2014-07-31,4.05 ,4.15 ,2583.68 ,2954.78 ,565.28 ,22207.82 ,1527.69 ,687.91 ,,,5.60 ,22339.44 ,763535.15 ,292.58 ,103.70 ,2513.20 
2014-08-01,,,2580.38 ,2964.50 ,,,,,3.90 ,6.50 ,5.60 ,,,,,
2014-08-04,,,2618.15 ,3007.58 ,,,,,,,5.75 ,,,,,
2014-08-05,,,2609.01 ,2997.30 ,,,,,,,5.75 ,,,,,
2014-08-06,,,2617.55 ,3007.17 ,,,,,,,5.75 ,,,,,
2014-08-07,,,2551.72 ,2931.57 ,,,,,,,5.85 ,,,,,
2014-08-08,,,2573.93 ,2956.94 ,,,,,3.90 ,6.50 ,5.85 ,,,,,
2014-08-10,,,,,,,,,,,,,,,,2551.20 
2014-08-11,,,2605.90 ,2993.20 ,,,,,,,5.85 ,,,,,
2014-08-12,,,2597.47 ,2983.92 ,,,,,,,5.90 ,,,,,
2014-08-13,,,2587.32 ,2972.43 ,,,,,,,5.90 ,,,,,
2014-08-14,,,2580.32 ,2964.65 ,,,,,,,5.90 ,,,,,
2014-08-15,,,2596.20 ,2982.99 ,,,,,3.90 ,6.50 ,5.90 ,,,,,
2014-08-18,,,2614.53 ,3004.41 ,,,,,,,5.90 ,,,,,
2014-08-19,,,2603.13 ,2991.34 ,,,,,,,5.90 ,,,,,
2014-08-20,,,2602.32 ,2990.42 ,,,,,,,5.50 ,,,,,2591.90 
2014-08-21,,,2601.52 ,2989.65 ,,,,,,,5.50 ,,,,,
2014-08-22,,,2607.89 ,2997.16 ,,,,,3.90 ,6.50 ,5.70 ,,,,,
2014-08-25,,,2582.74 ,2968.18 ,,,,,,,5.75 ,,,,,
2014-08-26,,,2503.83 ,2877.80 ,,,,,,,5.75 ,,,,,
2014-08-27,,,2514.60 ,2890.73 ,,,,,,,,,,,,
2014-08-28,,,2514.12 ,2889.71 ,,,,,,,,,,,,
2014-08-29,,,2550.55 ,2931.84 ,,,,,3.90 ,6.50 ,6.10 ,,,,,
2014-08-31,4.06 ,4.13 ,,,530.43 ,22848.11 ,1577.05 ,690.23 ,,,,9490.09 ,323283.48 ,293.55 ,107.30 ,2619.40 
2014-09-01,,,2564.60 ,2948.23 ,,,,,,,,,,,,
2014-09-02,,,2592.14 ,2979.30 ,,,,,,,5.70 ,,,,,
2014-09-03,,,2604.58 ,2993.74 ,,,,,,,5.70 ,,,,,
2014-09-04,,,2627.33 ,3019.28 ,,,,,,,5.70 ,,,,,
2014-09-05,,,2639.28 ,3032.86 ,,,,,3.90 ,6.50 ,,,,,,
2014-09-08,,,,,,,,,,,5.75 ,,,,,
2014-09-09,,,2630.38 ,3022.77 ,,,,,,,6.20 ,,,,,
2014-09-10,,,2629.01 ,3021.47 ,,,,,,,6.20 ,,,,,2605.90 
2014-09-11,,,2626.19 ,3016.92 ,,,,,,,,,,,,
2014-09-12,,,2637.20 ,3031.02 ,,,,,3.90 ,6.50 ,6.20 ,,,,,
2014-09-15,,,2640.38 ,3035.52 ,,,,,,,6.20 ,,,,,
2014-09-16,,,2605.24 ,2991.52 ,,,,,,,6.35 ,,,,,
2014-09-17,,,2617.56 ,3006.89 ,,,,,,,6.35 ,,,,,
2014-09-18,,,2638.29 ,3032.14 ,,,,,,,6.35 ,,,,,
2014-09-19,,,2651.27 ,3047.89 ,,,,,3.90 ,6.50 ,6.35 ,,,,,
2014-09-20,,,,,,,,,,,,,,,,2542.70 
2014-09-22,,,2631.13 ,3021.96 ,,,,,,,6.35 ,,,,,
2014-09-23,,,2643.31 ,3037.10 ,,,,,,,6.35 ,,,,,
2014-09-24,,,2661.68 ,3059.63 ,,,,,,,6.35 ,,,,,
2014-09-25,,,2645.75 ,3040.07 ,,,,,,,6.35 ,,,,,
2014-09-26,,,2647.17 ,3041.82 ,,,,,3.90 ,6.50 ,6.35 ,,,,,
2014-09-29,,,2666.74 ,3065.61 ,,,,,,,6.35 ,,,,,
2014-09-30,4.10 ,4.08 ,2674.52 ,3075.09 ,412.43 ,21240.36 ,1481.05 ,697.28 ,,,,21913.83 ,757116.43 ,289.44 ,107.40 ,2479.50 
2014-10-01,,,,,,,,,,,6.50 ,,,,,
2014-10-02,,,,,,,,,,,6.50 ,,,,,
2014-10-03,,,,,,,,,3.90 ,6.50 ,7.35 ,,,,,
2014-10-06,,,,,,,,,,,7.35 ,,,,,
2014-10-07,,,,,,,,,,,7.35 ,,,,,
2014-10-08,,,2712.74 ,3122.14 ,,,,,,,7.35 ,,,,,
2014-10-09,,,2719.15 ,3130.49 ,,,,,,,,,,,,
2014-10-10,,,2695.32 ,3100.77 ,,,,,3.90 ,6.50 ,7.35 ,,,,,2389.80 
2014-10-13,,,2681.94 ,3083.80 ,,,,,,,7.35 ,,,,,
2014-10-14,,,2666.26 ,3065.09 ,,,,,,,,,,,,
2014-10-15,,,2671.06 ,3071.54 ,,,,,,,7.35 ,,,,,
2014-10-16,,,2657.85 ,3055.51 ,,,,,,,7.35 ,,,,,
2014-10-17,,,2668.65 ,3067.95 ,,,,,3.90 ,6.50 ,7.35 ,,,,,
2014-10-20,,,2689.03 ,3093.27 ,,,,,,,7.35 ,,,,,2343.60 
2014-10-21,,,2661.38 ,3058.53 ,,,,,,,7.35 ,,,,,
2014-10-22,,,2645.58 ,3038.27 ,,,,,,,7.35 ,,,,,
2014-10-23,,,2610.56 ,2994.98 ,,,,,,,7.35 ,,,,,
2014-10-24,,,2614.66 ,2999.79 ,,,,,3.90 ,6.50 ,7.35 ,,,,,
2014-10-27,,,2593.56 ,2973.69 ,,,,,,,7.35 ,,,,,
2014-10-28,,,2636.42 ,3026.35 ,,,,,,,7.35 ,,,,,
2014-10-29,,,2665.75 ,3062.33 ,,,,,,,7.35 ,,,,,
2014-10-30,,,2686.71 ,3088.17 ,,,,,,,7.35 ,,,,,
2014-10-31,4.11 ,4.05 ,2696.31 ,3099.77 ,325.13 ,21190.95 ,1519.14 ,716.88 ,3.90 ,6.50 ,7.35 ,6613.33 ,218756.94 ,302.31 ,105.40 ,2296.50 
2014-11-03,,,2703.12 ,3108.18 ,,,,,,,7.35 ,,,,,
2014-11-04,,,2701.72 ,3105.89 ,,,,,,,7.35 ,,,,,
2014-11-05,,,2695.29 ,3098.01 ,,,,,,,7.35 ,,,,,
2014-11-06,,,2702.32 ,3106.81 ,,,,,,,,,,,,
2014-11-07,,,2672.93 ,3071.05 ,,,,,3.90 ,6.50 ,7.35 ,,,,,
2014-11-10,,,2704.70 ,3110.35 ,,,,,,,7.35 ,,,,,2263.50 
2014-11-11,,,2692.40 ,3095.04 ,,,,,,,7.35 ,,,,,
2014-11-12,,,2729.33 ,3139.82 ,,,,,,,7.35 ,,,,,
2014-11-13,,,2725.57 ,3135.29 ,,,,,,,,,,,,
2014-11-14,,,2748.41 ,3163.53 ,,,,,3.90 ,6.50 ,7.35 ,,,,,
2014-11-17,,,2733.62 ,3145.00 ,,,,,,,7.35 ,,,,,
2014-11-18,,,2721.23 ,3129.99 ,,,,,,,,,,,,
2014-11-19,,,2732.80 ,3143.62 ,,,,,,,,,,,,
2014-11-20,,,2731.36 ,3141.85 ,,,,,,,7.35 ,,,,,2263.10 
2014-11-21,,,2734.17 ,3145.33 ,,,,,3.90 ,6.50 ,7.35 ,,,,,
2014-11-24,,,2738.39 ,3150.92 ,,,,,,,7.35 ,,,,,
2014-11-25,,,2768.64 ,3188.27 ,,,,,,,7.35 ,,,,,
2014-11-26,,,2788.13 ,3212.31 ,,,,,,,7.35 ,,,,,
2014-11-27,,,2811.74 ,3239.62 ,,,,,,,,,,,,
2014-11-28,,,2792.82 ,3216.34 ,,,,,3.90 ,6.50 ,,,,,,
2014-11-30,4.12 ,4.07 ,,,268.31 ,20265.50 ,1428.49 ,704.89 ,,,,4032.87 ,136926.87 ,294.53 ,104.20 ,2258.10 
2014-12-01,,,2793.20 ,3218.48 ,,,,,,,7.35 ,,,,,
2014-12-02,,,2825.34 ,3258.72 ,,,,,,,7.35 ,,,,,
2014-12-03,,,2879.29 ,3324.26 ,,,,,,,7.35 ,,,,,
2014-12-04,,,2903.11 ,3353.60 ,,,,,,,,,,,,
2014-12-05,,,2851.32 ,3289.56 ,,,,,3.90 ,6.50 ,7.35 ,,,,,
2014-12-08,,,2869.85 ,3311.96 ,,,,,,,7.35 ,,,,,
2014-12-09,,,2832.58 ,3267.54 ,,,,,,,7.35 ,,,,,
2014-12-10,,,2956.87 ,3418.74 ,,,,,,,7.35 ,,,,,2256.80 
2014-12-11,,,2926.94 ,3381.22 ,,,,,,,,,,,,
2014-12-12,,,2973.26 ,3437.64 ,,,,,3.90 ,6.50 ,7.35 ,,,,,
2014-12-15,,,3002.08 ,3472.60 ,,,,,,,7.35 ,,,,,
2014-12-16,,,2975.15 ,3439.48 ,,,,,,,7.35 ,,,,,
2014-12-17,,,2925.79 ,3378.98 ,,,,,,,7.35 ,,,,,
2014-12-18,,,2928.35 ,3382.25 ,,,,,,,,,,,,
2014-12-19,,,2907.11 ,3355.75 ,,,,,3.90 ,6.50 ,7.35 ,,,,,
2014-12-20,,,,,,,,,,,,,,,,2252.50 
2014-12-22,,,2825.23 ,3255.04 ,,,,,,,7.35 ,,,,,
2014-12-23,,,2813.11 ,3240.12 ,,,,,,,7.35 ,,,,,
2014-12-24,,,2821.05 ,3250.91 ,,,,,,,7.35 ,,,,,
2014-12-25,,,2826.24 ,3257.06 ,,,,,,,,,,,,
2014-12-26,,,2830.46 ,3262.82 ,,,,,3.90 ,6.50 ,,,,,,
2014-12-29,,,2825.75 ,3255.22 ,,,,,,,,,,,,
2014-12-30,,,2790.57 ,3211.76 ,,,,,,,,,,,,
2014-12-31,4.19 ,4.07 ,2842.22 ,3275.85 ,242.10 ,21387.77 ,1486.33 ,694.94 ,,,,21958.63 ,783112.30 ,280.40 ,103.80 ,2236.90 
2015-01-02,,,,,,,,,3.90 ,6.50 ,7.35 ,,,,,
2015-01-05,,,2899.36 ,3345.54 ,,,,,,,7.35 ,,,,,
2015-01-06,,,2919.77 ,3370.61 ,,,,,,,7.35 ,,,,,
2015-01-07,,,2891.78 ,3337.00 ,,,,,,,7.35 ,,,,,
2015-01-08,,,2893.58 ,3339.09 ,,,,,,,7.35 ,,,,,
2015-01-09,,,2915.63 ,3364.26 ,,,,,3.90 ,6.50 ,7.20 ,,,,,
2015-01-10,,,,,,,,,,,,,,,,2225.90 
2015-01-12,,,2926.23 ,3374.21 ,,,,,,,7.20 ,,,,,
2015-01-13,,,2910.08 ,3355.10 ,,,,,,,7.20 ,,,,,
2015-01-14,,,2936.81 ,3387.62 ,,,,,,,7.20 ,,,,,
2015-01-15,,,2934.30 ,3385.15 ,,,,,,,7.20 ,,,,,
2015-01-16,,,2928.74 ,3379.03 ,,,,,3.90 ,6.50 ,7.20 ,,,,,
2015-01-19,,,2819.33 ,3245.15 ,,,,,,,,,,,,
2015-01-20,,,2853.74 ,3287.63 ,,,,,,,7.10 ,,,,,2215.90 
2015-01-21,,,2897.12 ,3340.81 ,,,,,,,7.10 ,,,,,
2015-01-22,,,2914.67 ,3362.31 ,,,,,,,7.10 ,,,,,
2015-01-23,,,2887.36 ,3329.09 ,,,,,3.90 ,6.50 ,,,,,,
2015-01-26,,,2928.53 ,3379.69 ,,,,,,,6.75 ,,,,,
2015-01-27,,,2984.47 ,3448.72 ,,,,,,,6.75 ,,,,,
2015-01-28,,,2953.68 ,3410.78 ,,,,,,,,,,,,
2015-01-29,,,2914.20 ,3362.81 ,,,,,,,6.75 ,,,,,
2015-01-30,,,2902.40 ,3348.19 ,,,,,3.90 ,6.50 ,6.75 ,,,,,
2015-01-31,4.20 ,4.08 ,,,,21868.51 ,1489.51 ,681.12 ,,,,24639.16 ,880953.24 ,279.69 ,103.00 ,2220.00 
2015-02-02,,,2885.53 ,3327.52 ,,,,,,,6.75 ,,,,,
2015-02-03,,,2906.09 ,3352.09 ,,,,,,,6.75 ,,,,,
2015-02-04,,,2870.99 ,3308.53 ,,,,,,,6.75 ,,,,,
2015-02-05,,,2833.77 ,3263.66 ,,,,,,,,,,,,
2015-02-06,,,2787.45 ,3207.27 ,,,,,3.90 ,6.50 ,,,,,,
2015-02-09,,,2795.72 ,3217.37 ,,,,,,,,,,,,
2015-02-10,,,2843.48 ,3275.36 ,,,,,,,,,,,,2225.50 
2015-02-11,,,2855.91 ,3290.15 ,,,,,,,,,,,,
2015-02-12,,,2862.80 ,3298.10 ,,,,,,,,,,,,
2015-02-13,,,2873.42 ,3311.50 ,,,,,3.90 ,6.50 ,,,,,,
2015-02-16,,,2880.10 ,3319.92 ,,,,,,,,,,,,
2015-02-17,,,2876.65 ,3315.66 ,,,,,,,,,,,,
2015-02-20,,,,,,,,,3.90 ,6.50 ,,,,,,
2015-02-25,,,2887.97 ,3329.99 ,,,,,,,,,,,,
2015-02-26,,,2906.95 ,3352.64 ,,,,,,,,,,,,
2015-02-27,,,2905.30 ,3350.18 ,,,,,3.90 ,6.50 ,,,,,,
2015-02-28,4.14 ,4.09 ,,,,14320.74 ,994.05 ,694.14 ,,,,26769.20 ,929073.99 ,288.13 ,104.64 ,2227.00 
2015-03-02,,,2952.76 ,3407.19 ,,,,,,,,,,,,
2015-03-03,,,2937.33 ,3388.67 ,,,,,,,,,,,,
2015-03-04,,,2968.03 ,3426.92 ,,,,,,,,,,,,
2015-03-05,,,2942.50 ,3396.21 ,,,,,,,,,,,,
2015-03-06,,,2926.60 ,3376.49 ,,,,,3.90 ,6.50 ,,,,,,
2015-03-09,,,2940.91 ,3394.08 ,,,,,,,,,,,,
2015-03-10,,,2940.30 ,3393.45 ,,,,,,,,,,,,2259.40 
2015-03-11,,,2971.46 ,3430.21 ,,,,,,,,,,,,
2015-03-12,,,2950.31 ,3404.60 ,,,,,,,,,,,,
2015-03-13,,,3008.00 ,3478.50 ,,,,,3.90 ,6.50 ,,,,,,
2015-03-16,,,3098.52 ,3592.10 ,,,,,,,,,,,,
2015-03-17,,,3161.75 ,3672.09 ,,,,,,,,,,,,
2015-03-18,,,3218.02 ,3744.14 ,,,,,,,,,,,,
2015-03-19,,,3201.84 ,3722.63 ,,,,,,,,,,,,
2015-03-20,,,3191.51 ,3710.12 ,,,,,3.90 ,6.50 ,,,,,,2314.70 
2015-03-23,,,3256.72 ,3789.60 ,,,,,,,,,,,,
2015-03-24,,,3231.79 ,3757.89 ,,,,,,,,,,,,
2015-03-25,,,3255.74 ,3789.55 ,,,,,,,,,,,,
2015-03-26,,,3273.96 ,3812.16 ,,,,,,,,,,,,
2015-03-27,,,3271.84 ,3809.31 ,,,,,3.90 ,6.50 ,,,,,,
2015-03-30,,,3300.50 ,3843.95 ,,,,,,,,,,,,
2015-03-31,4.18 ,4.08 ,3265.55 ,3801.60 ,395.81 ,21121.09 ,1412.06 ,668.55 ,,,,24818.46 ,849447.08 ,292.17 ,103.40 ,2346.20 
2015-04-01,,,3303.38 ,3848.48 ,,,,,,,,,,,,
2015-04-02,,,3310.47 ,3856.82 ,,,,,,,,,,,,
2015-04-03,,,3372.10 ,3931.47 ,,,,,3.90 ,6.50 ,,,,,,
2015-04-07,,,3483.34 ,4072.19 ,,,,,,,,,,,,
2015-04-08,,,3468.24 ,4057.07 ,,,,,,,,,,,,
2015-04-09,,,3540.06 ,4141.63 ,,,,,,,,,,,,
2015-04-10,,,3550.37 ,4153.71 ,,,,,3.90 ,6.50 ,,,,,,2350.20 
2015-04-13,,,3605.29 ,4220.36 ,,,,,,,6.35 ,,,,,
2015-04-14,,,3625.40 ,4246.11 ,,,,,,,6.35 ,,,,,
2015-04-15,,,3599.97 ,4209.13 ,,,,,,,6.35 ,,,,,
2015-04-16,,,3682.50 ,4308.90 ,,,,,,,6.35 ,,,,,
2015-04-17,,,3678.07 ,4304.01 ,,,,,3.90 ,6.50 ,6.35 ,,,,,
2015-04-20,,,3582.13 ,4192.61 ,,,,,,,6.35 ,,,,,2348.20 
2015-04-21,,,3666.31 ,4290.82 ,,,,,,,6.35 ,,,,,
2015-04-22,,,3729.16 ,4365.34 ,,,,,,,6.35 ,,,,,
2015-04-23,,,3726.88 ,4361.29 ,,,,,,,6.35 ,,,,,
2015-04-24,,,3736.44 ,4370.64 ,,,,,3.90 ,6.50 ,6.35 ,,,,,
2015-04-27,,,3768.04 ,4406.44 ,,,,,,,6.35 ,,,,,
2015-04-28,,,3658.32 ,4276.27 ,,,,,,,6.35 ,,,,,
2015-04-29,,,3744.45 ,4376.06 ,,,,,,,6.35 ,,,,,
2015-04-30,4.20 ,4.08 ,3788.36 ,4424.80 ,399.84 ,21961.46 ,1489.79 ,678.37 ,,,,28315.45 ,1003571.32 ,282.15 ,103.40 ,2344.30 
2015-05-01,,,,,,,,,3.90 ,6.50 ,6.35 ,,,,,
2015-05-04,,,3799.03 ,4437.43 ,,,,,,,6.35 ,,,,,
2015-05-05,,,3749.54 ,4380.95 ,,,,,,,,,,,,
2015-05-06,,,3668.56 ,4289.70 ,,,,,,,,,,,,
2015-05-07,,,3588.85 ,4195.45 ,,,,,,,,,,,,
2015-05-08,,,3681.01 ,4301.63 ,,,,,3.90 ,6.50 ,,,,,,
2015-05-10,,,,,,,,,,,,,,,,2344.60 
2015-05-11,,,3743.88 ,4375.00 ,,,,,,,,,,,,
2015-05-12,,,3744.18 ,4376.04 ,,,,,,,6.00 ,,,,,
2015-05-13,,,3883.97 ,4537.83 ,,,,,,,,,,,,
2015-05-14,,,3975.85 ,4643.18 ,,,,,,,6.00 ,,,,,
2015-05-15,,,3915.08 ,4571.78 ,,,,,3.90 ,6.50 ,,,,,,
2015-05-18,,,4037.74 ,4713.61 ,,,,,,,,,,,,
2015-05-19,,,4067.75 ,4749.34 ,,,,,,,,,,,,
2015-05-20,,,4100.03 ,4786.34 ,,,,,,,,,,,,2351.80 
2015-05-21,,,4129.88 ,4821.90 ,,,,,,,,,,,,
2015-05-22,,,4215.68 ,4922.07 ,,,,,3.90 ,6.50 ,,,,,,
2015-05-25,,,4297.67 ,5019.11 ,,,,,,,,,,,,
2015-05-26,,,4548.02 ,5313.98 ,,,,,,,,,,,,
2015-05-27,,,4549.31 ,5318.40 ,,,,,,,,,,,,
2015-05-28,,,4233.05 ,4949.06 ,,,,,,,,,,,,
2015-05-29,,,4283.94 ,5005.46 ,,,,,3.90 ,6.50 ,,,,,,
2015-05-31,,,,,483.89 ,20720.25 ,1426.91 ,688.66 ,,,,20065.46 ,726238.46 ,276.29 ,102.00 ,2358.60 
2015-06-01,,,4530.52 ,5293.50 ,,,,,,,,,,,,
2015-06-02,,,4839.07 ,5683.89 ,,,,,,,,,,,,
2015-06-03,,,4899.78 ,5754.97 ,,,,,,,,,,,,
2015-06-04,,,4895.89 ,5751.52 ,,,,,,,,,,,,
2015-06-05,,,4936.84 ,5802.77 ,,,,,3.90 ,6.50 ,,,,,,
2015-06-08,,,4866.37 ,5715.86 ,,,,,,,,,,,,
2015-06-09,,,4796.49 ,5627.31 ,,,,,,,,,,,,
2015-06-10,,,4835.05 ,5674.18 ,,,,,,,,,,,,2353.10 
2015-06-11,,,4958.09 ,5828.12 ,,,,,,,,,,,,
2015-06-12,,,4995.47 ,5873.59 ,,,,,3.90 ,6.50 ,,,,,,
2015-06-15,,,4942.23 ,5804.63 ,,,,,,,,,,,,
2015-06-16,,,4698.53 ,5498.75 ,,,,,,,,,,,,
2015-06-17,,,4764.65 ,5582.05 ,,,,,,,,,,,,
2015-06-18,,,4675.84 ,5468.98 ,,,,,,,,,,,,
2015-06-19,,,4403.95 ,5125.30 ,,,,,3.90 ,6.50 ,,,,,,
2015-06-20,,,,,,,,,,,,,,,,2346.20 
2015-06-23,,,4493.29 ,5239.87 ,,,,,,,,,,,,
2015-06-24,,,4585.49 ,5366.25 ,,,,,,,,,,,,
2015-06-25,,,4406.76 ,5141.14 ,,,,,,,,,,,,
2015-06-26,,,3996.74 ,4627.94 ,,,,,3.90 ,6.50 ,,,,,,
2015-06-29,,,3761.53 ,4335.19 ,,,,,,,,,,,,
2015-06-30,4.23 ,4.07 ,3964.45 ,4591.27 ,515.09 ,22784.30 ,1584.78 ,695.56 ,,,,26501.69 ,974720.10 ,271.89 ,100.80 ,2338.80 
2015-07-01,,,3701.51 ,4262.79 ,,,,,,,,,,,,
2015-07-02,,,3425.94 ,3914.79 ,,,,,,,,,,,,
2015-07-03,,,3173.25 ,3595.36 ,,,,,3.90 ,6.90 ,,,,,,
2015-07-06,,,3125.82 ,3536.34 ,,,,,,,,,,,,
2015-07-07,,,2985.74 ,3362.44 ,,,,,,,,,,,,
2015-07-08,,,2735.40 ,3044.63 ,,,,,,,,,,,,
2015-07-09,,,2953.72 ,3349.46 ,,,,,,,6.00 ,,,,,
2015-07-10,,,3193.79 ,3684.64 ,,,,,3.90 ,6.90 ,,,,,,2332.60 
2015-07-13,,,3424.15 ,3978.87 ,,,,,,,,,,,,
2015-07-14,,,3374.56 ,3913.48 ,,,,,,,,,,,,
2015-07-15,,,3132.20 ,3602.00 ,,,,,,,,,,,,
2015-07-16,,,3185.43 ,3669.69 ,,,,,,,,,,,,
2015-07-17,,,3357.35 ,3889.27 ,,,,,3.90 ,6.90 ,,,,,,
2015-07-20,,,3381.20 ,3919.82 ,,,,,,,,,,,,2330.10 
2015-07-21,,,3409.52 ,3955.26 ,,,,,,,,,,,,
2015-07-22,,,3411.43 ,3956.60 ,,,,,,,,,,,,
2015-07-23,,,3545.58 ,4128.43 ,,,,,,,,,,,,
2015-07-24,,,3462.58 ,4032.49 ,,,,,3.90 ,6.90 ,,,,,,
2015-07-27,,,3120.85 ,3634.41 ,,,,,,,,,,,,
2015-07-28,,,3058.78 ,3563.91 ,,,,,,,,,,,,
2015-07-29,,,3209.72 ,3737.88 ,,,,,,,,,,,,
2015-07-30,,,3126.86 ,3639.81 ,,,,,,,,,,,,
2015-07-31,4.25 ,4.06 ,3175.16 ,3707.77 ,524.03 ,22681.07 ,1601.59 ,706.14 ,3.90 ,6.90 ,,33066.19 ,1282683.76 ,257.79 ,98.00 ,2328.00 
2015-08-03,,,3210.11 ,3747.78 ,,,,,,,,,,,,
2015-08-04,,,3357.33 ,3918.89 ,,,,,,,,,,,,
2015-08-05,,,3289.47 ,3839.79 ,,,,,,,,,,,,
2015-08-06,,,3246.42 ,3789.99 ,,,,,,,,,,,,
2015-08-07,,,3315.82 ,3870.82 ,,,,,3.90 ,6.90 ,,,,,,
2015-08-10,,,3454.00 ,4032.16 ,,,,,,,,,,,,2316.80 
2015-08-11,,,3418.81 ,3991.87 ,,,,,,,,,,,,
2015-08-12,,,3370.54 ,3935.48 ,,,,,,,,,,,,
2015-08-13,,,3429.87 ,4005.46 ,,,,,,,,,,,,
2015-08-14,,,3469.87 ,4051.18 ,,,,,,,,,,,,
2015-08-17,,,3516.54 ,4104.38 ,,,,,,,,,,,,
2015-08-18,,,3218.91 ,3758.64 ,,,,,,,,,,,,
2015-08-19,,,3346.90 ,3906.72 ,,,,,,,,,,,,
2015-08-20,,,3252.73 ,3799.12 ,,,,,,,,,,,,2289.80 
2015-08-21,,,3075.46 ,3591.98 ,,,,,,,,,,,,
2015-08-24,,,2767.77 ,3232.62 ,,,,,,,,,,,,
2015-08-25,,,2554.57 ,2984.43 ,,,,,,,,,,,,
2015-08-26,,,2486.94 ,2906.23 ,,,,,,,,,,,,
2015-08-27,,,2604.01 ,3045.62 ,,,,,,,,,,,,
2015-08-28,,,2746.11 ,3211.22 ,,,,,,,,,,,,
2015-08-31,4.24 ,4.06 ,2645.99 ,3095.22 ,509.40 ,25396.36 ,1791.34 ,705.35 ,,,,20731.65 ,778166.32 ,266.42 ,93.20 ,2260.90 
2015-09-01,,,2552.01 ,2986.54 ,,,,,,,,,,,,
2015-09-02,,,2553.63 ,2988.76 ,,,,,,,,,,,,
2015-09-07,,,2538.98 ,2969.99 ,,,,,,,,,,,,
2015-09-08,,,2608.44 ,3050.73 ,,,,,,,,,,,,
2015-09-09,,,2701.08 ,3158.24 ,,,,,,,,,,,,
2015-09-10,,,2619.64 ,3063.81 ,,,,,,,,,,,,2220.80 
2015-09-11,,,2615.97 ,3058.97 ,,,,,,,,,,,,
2015-09-14,,,2481.15 ,2901.42 ,,,,,,,4.95 ,,,,,
2015-09-15,,,2341.08 ,2740.58 ,,,,,,,4.95 ,,,,,
2015-09-16,,,2516.14 ,2944.55 ,,,,,,,4.95 ,,,,,
2015-09-17,,,2498.54 ,2924.60 ,,,,,,,4.95 ,,,,,
2015-09-18,,,2512.19 ,2939.42 ,,,,,,,4.95 ,,,,,
2015-09-20,,,,,,,,,,,,,,,,2166.20 
2015-09-21,,,2557.52 ,2997.31 ,,,,,,,4.95 ,,,,,
2015-09-22,,,2578.70 ,3024.18 ,,,,,,,4.95 ,,,,,
2015-09-23,,,2527.59 ,2958.77 ,,,,,,,4.95 ,,,,,
2015-09-24,,,2546.52 ,2983.09 ,,,,,,,,,,,,
2015-09-25,,,2491.75 ,2912.72 ,,,,,3.90 ,6.90 ,,,,,,
2015-09-28,,,2525.40 ,2956.11 ,,,,,,,,,,,,
2015-09-29,,,2525.59 ,2955.73 ,,,,,,,4.95 ,,,,,
2015-09-30,4.24 ,4.08 ,2530.96 ,2963.12 ,401.53 ,23740.79 ,1694.65 ,713.81 ,,,4.95 ,31032.95 ,1295253.83 ,239.59 ,90.80 ,2056.50 
2015-10-01,,,,,,,,,,,4.95 ,,,,,
2015-10-02,,,,,,,,,3.90 ,6.90 ,4.95 ,,,,,
2015-10-05,,,,,,,,,,,4.95 ,,,,,
2015-10-08,,,2613.36 ,3058.69 ,,,,,,,,,,,,
2015-10-09,,,2636.88 ,3087.67 ,,,,,3.90 ,6.90 ,,,,,,
2015-10-10,,,,,,,,,,,,,,,,1900.30 
2015-10-12,,,2738.35 ,3212.39 ,,,,,,,,,,,,
2015-10-13,,,2781.21 ,3264.05 ,,,,,,,,,,,,
2015-10-14,,,2774.05 ,3255.48 ,,,,,,,,,,,,
2015-10-15,,,2820.69 ,3312.76 ,,,,,,,,,,,,
2015-10-16,,,2888.09 ,3394.44 ,,,,,3.90 ,6.90 ,,,,,,
2015-10-19,,,2856.74 ,3357.05 ,,,,,,,,,,,,
2015-10-20,,,2894.85 ,3403.15 ,,,,,,,,,,,,1888.10 
2015-10-21,,,2745.38 ,3219.69 ,,,,,,,,,,,,
2015-10-22,,,2827.04 ,3319.09 ,,,,,,,,,,,,
2015-10-23,,,2921.22 ,3435.53 ,,,,,3.90 ,6.90 ,,,,,,
2015-10-26,,,2972.18 ,3498.58 ,,,,,,,,,,,,
2015-10-27,,,2985.15 ,3514.63 ,,,,,,,,,,,,
2015-10-28,,,2945.62 ,3465.60 ,,,,,,,,,,,,
2015-10-29,,,2976.71 ,3502.84 ,,,,,,,,,,,,
2015-10-30,,,2983.20 ,3510.76 ,,,,,3.90 ,6.90 ,,,,,,
2015-10-31,4.25 ,4.10 ,,,311.20 ,22842.83 ,1584.06 ,693.46 ,,,,24733.44 ,998367.08 ,247.74 ,87.70 ,1866.90 
2015-11-02,,,2920.21 ,3433.79 ,,,,,,,,,,,,
2015-11-03,,,2924.44 ,3439.48 ,,,,,,,,,,,,
2015-11-04,,,3038.99 ,3580.94 ,,,,,,,,,,,,
2015-11-05,,,3013.20 ,3549.62 ,,,,,,,,,,,,
2015-11-06,,,3088.50 ,3641.89 ,,,,,3.90 ,6.90 ,,,,,,
2015-11-09,,,3106.23 ,3663.33 ,,,,,,,,,,,,
2015-11-10,,,3110.12 ,3667.06 ,,,,,,,,,,,,1876.90 
2015-11-11,,,3133.66 ,3695.47 ,,,,,,,,,,,,
2015-11-12,,,3111.92 ,3668.95 ,,,,,,,,,,,,
2015-11-13,,,3034.28 ,3573.76 ,,,,,3.90 ,6.90 ,,,,,,
2015-11-16,,,3051.65 ,3594.72 ,,,,,,,,,,,,
2015-11-17,,,3069.81 ,3616.11 ,,,,,,,,,,,,
2015-11-18,,,3038.03 ,3578.17 ,,,,,,,,,,,,
2015-11-19,,,3080.93 ,3631.44 ,,,,,,,,,,,,
2015-11-20,,,3072.64 ,3621.40 ,,,,,3.90 ,6.90 ,,,,,,1935.60 
2015-11-23,,,3075.83 ,3625.15 ,,,,,,,,,,,,
2015-11-24,,,3056.17 ,3600.99 ,,,,,,,,,,,,
2015-11-25,,,3090.61 ,3643.03 ,,,,,,,,,,,,
2015-11-26,,,3114.32 ,3677.13 ,,,,,,,,,,,,
2015-11-27,,,2933.06 ,3453.38 ,,,,,3.90 ,6.90 ,,,,,,
2015-11-30,4.29 ,4.09 ,2894.60 ,3406.08 ,265.60 ,21711.34 ,1472.86 ,678.38 ,,,,13751.67 ,556804.93 ,246.97 ,89.00 ,1974.00 
2015-12-01,,,2902.96 ,3417.06 ,,,,,,,,,,,,
2015-12-02,,,2937.13 ,3459.59 ,,,,,,,,,,,,
2015-12-03,,,2976.35 ,3507.21 ,,,,,,,,,,,,
2015-12-04,,,2932.06 ,3452.56 ,,,,,3.90 ,6.90 ,,,,,,
2015-12-07,,,2972.95 ,3502.97 ,,,,,,,,,,,,
2015-12-08,,,2918.45 ,3436.77 ,,,,,,,,,,,,
2015-12-09,,,2916.23 ,3432.80 ,,,,,,,,,,,,
2015-12-10,,,2911.70 ,3427.18 ,,,,,,,,,,,,1984.10 
2015-12-11,,,2910.02 ,3425.81 ,,,,,3.90 ,6.90 ,,,,,,
2015-12-14,,,2940.31 ,3462.70 ,,,,,,,,,,,,
2015-12-15,,,2964.71 ,3492.01 ,,,,,,,,,,,,
2015-12-16,,,2989.23 ,3521.52 ,,,,,,,,,,,,
2015-12-17,,,3050.77 ,3596.89 ,,,,,,,,,,,,
2015-12-18,,,3069.46 ,3619.76 ,,,,,3.90 ,6.90 ,,,,,,
2015-12-20,,,,,,,,,,,,,,,,1964.40 
2015-12-21,,,3186.06 ,3765.79 ,,,,,,,,,,,,
2015-12-22,,,3179.35 ,3756.95 ,,,,,,,,,,,,
2015-12-23,,,3184.23 ,3763.03 ,,,,,,,,,,,,
2015-12-24,,,3169.13 ,3741.23 ,,,,,,,,,,,,
2015-12-25,,,3197.89 ,3784.48 ,,,,,3.90 ,6.90 ,,,,,,
2015-12-28,,,3123.78 ,3677.96 ,,,,,,,,,,,,
2015-12-29,,,3151.25 ,3717.57 ,,,,,,,,,,,,
2015-12-30,,,3165.99 ,3738.74 ,,,,,,,,,,,,
2015-12-31,4.31 ,4.08 ,3139.94 ,3701.19 ,250.30 ,26130.62 ,1783.68 ,682.60 ,,,,11501.72 ,455986.02 ,252.24 ,89.40 ,1967.40 
2016-01-01,,,,,,,,,3.90 ,6.20 ,,,,,,
2016-01-04,,,2897.66 ,3403.56 ,,,,,,,,,,,,
2016-01-05,,,2818.93 ,3307.42 ,,,,,,,,,,,,
2016-01-06,,,2874.80 ,3376.43 ,,,,,,,,,,,,
2016-01-07,,,2674.17 ,3130.06 ,,,,,,,,,,,,
2016-01-08,,,2698.51 ,3161.01 ,,,,,3.90 ,6.20 ,,,,,,
2016-01-10,,,,,,,,,,,,,,,,1964.90 
2016-01-11,,,2556.05 ,2986.37 ,,,,,,,,,,,,
2016-01-12,,,2534.99 ,2959.64 ,,,,,,,,,,,,
2016-01-13,,,2484.08 ,2896.42 ,,,,,,,,,,,,
2016-01-14,,,2540.54 ,2965.43 ,,,,,,,,,,,,
2016-01-15,,,2463.61 ,2870.69 ,,,,,3.90 ,6.20 ,,,,,,
2016-01-18,,,2486.63 ,2899.52 ,,,,,,,,,,,,
2016-01-19,,,2565.18 ,2996.41 ,,,,,,,,,,,,
2016-01-20,,,2535.99 ,2959.99 ,,,,,,,,,,,,1948.60 
2016-01-21,,,2475.40 ,2886.38 ,,,,,,,,,,,,
2016-01-22,,,2510.74 ,2929.80 ,,,,,3.90 ,6.20 ,,,,,,
2016-01-25,,,2520.87 ,2942.23 ,,,,,,,,,,,,
2016-01-26,,,2373.00 ,2759.95 ,,,,,,,,,,,,
2016-01-27,,,2365.52 ,2750.40 ,,,,,,,,,,,,
2016-01-28,,,2323.32 ,2699.70 ,,,,,,,,,,,,
2016-01-29,,,2398.39 ,2791.67 ,,,,,3.90 ,6.20 ,,,,,,
2016-01-31,4.41 ,4.08 ,,,,23560.00 ,1617.00 ,686.33 ,,,,10270.20 ,360000.00 ,285.28 ,90.10 ,1931.80 
2016-02-01,,,2345.52 ,2726.78 ,,,,,,,,,,,,
2016-02-02,,,2403.88 ,2798.26 ,,,,,,,,,,,,
2016-02-03,,,2401.96 ,2794.99 ,,,,,,,,,,,,
2016-02-04,,,2427.22 ,2826.55 ,,,,,,,,,,,,
2016-02-05,,,2399.70 ,2793.04 ,,,,,3.90 ,6.20 ,,,,,,
2016-02-10,,,,,,,,,,,,,,,,1929.40 
2016-02-12,,,,,,,,,3.90 ,6.20 ,,,,,,
2016-02-15,,,2377.93 ,2766.73 ,,,,,,,,,,,,
2016-02-16,,,2458.19 ,2864.98 ,,,,,,,,,,,,
2016-02-17,,,2473.12 ,2882.93 ,,,,,,,,,,,,
2016-02-18,,,2474.85 ,2884.66 ,,,,,,,,,,,,
2016-02-19,,,2480.79 ,2891.60 ,,,,,3.90 ,6.20 ,,,,,,
2016-02-20,,,,,,,,,,,,,,,,1931.30 
2016-02-22,,,2527.79 ,2949.78 ,,,,,,,,,,,,
2016-02-23,,,2549.11 ,2975.67 ,,,,,,,,,,,,
2016-02-24,,,2554.77 ,2982.76 ,,,,,,,,,,,,
2016-02-25,,,2374.64 ,2761.68 ,,,,,,,,,,,,
2016-02-26,,,2393.89 ,2785.35 ,,,,,3.90 ,6.20 ,,,,,,
2016-02-29,4.44 ,4.06 ,2322.08 ,2697.02 ,,18170.00 ,1262.60 ,694.88 ,,,,6834.40 ,260000.00 ,262.86 ,87.50 ,1906.60 
2016-03-01,,,2351.70 ,2732.91 ,,,,,,,,,,,,
2016-03-02,,,2460.83 ,2867.09 ,,,,,,,,,,,,
2016-03-03,,,2467.50 ,2876.28 ,,,,,,,,,,,,
2016-03-04,,,2429.14 ,2823.81 ,,,,,3.90 ,6.20 ,,,,,,
2016-03-07,,,2489.67 ,2906.94 ,,,,,,,,,,,,
2016-03-08,,,2479.60 ,2892.78 ,,,,,,,,,,,,
2016-03-09,,,2431.74 ,2826.79 ,,,,,,,,,,,,
2016-03-10,,,2422.35 ,2813.91 ,,,,,,,,,,,,1873.50 
2016-03-11,,,2409.20 ,2795.31 ,,,,,3.90 ,5.40 ,,,,,,
2016-03-14,,,2460.66 ,2866.22 ,,,,,,,,,,,,
2016-03-15,,,2470.13 ,2879.95 ,,,,,,,,,,,,
2016-03-16,,,2453.92 ,2857.94 ,,,,,,,,,,,,
2016-03-17,,,2497.66 ,2919.29 ,,,,,,,,,,,,
2016-03-18,,,2564.67 ,3012.74 ,,,,,3.90 ,5.40 ,,,,,,
2016-03-20,,,,,,,,,,,,,,,,1851.40 
2016-03-21,,,2590.14 ,3047.65 ,,,,,,,,,,,,
2016-03-22,,,2578.04 ,3030.93 ,,,,,,,,,,,,
2016-03-23,,,2580.72 ,3033.95 ,,,,,,,,,,,,
2016-03-24,,,2542.63 ,2981.59 ,,,,,,,,,,,,
2016-03-25,,,2566.70 ,3015.29 ,,,,,3.90 ,5.40 ,,,,,,
2016-03-28,,,2576.09 ,3028.09 ,,,,,,,,,,,,
2016-03-29,,,2521.57 ,2963.68 ,,,,,,,,,,,,
2016-03-30,,,2579.12 ,3043.43 ,,,,,,,,,,,,
2016-03-31,4.44 ,4.04 ,2610.24 ,3085.43 ,384.30 ,25840.00 ,1773.50 ,686.34 ,,,,8237.10 ,320000.00 ,257.41 ,88.20 ,1836.70 
2016-04-01,,,2580.90 ,3045.40 ,,,,,3.90 ,5.00 ,,,,,,
2016-04-05,,,2617.37 ,3096.40 ,,,,,,,,,,,,
2016-04-06,,,2630.00 ,3115.74 ,,,,,,,,,,,,
2016-04-07,,,2588.53 ,3057.57 ,,,,,,,,,,,,
2016-04-08,,,2560.78 ,3019.25 ,,,,,3.90 ,5.00 ,,,,,,
2016-04-10,,,,,,,,,,,,,,,,1809.00 
2016-04-11,,,2612.18 ,3090.36 ,,,,,,,,,,,,
2016-04-12,,,2612.90 ,3091.72 ,,,,,,,,,,,,
2016-04-13,,,2640.03 ,3128.84 ,,,,,,,,,,,,
2016-04-14,,,2662.06 ,3158.61 ,,,,,,,,,,,,
2016-04-15,,,2663.95 ,3162.60 ,,,,,3.90 ,5.00 ,,,,,,
2016-04-18,,,2627.60 ,3111.57 ,,,,,,,,,,,,
2016-04-19,,,2631.97 ,3117.54 ,,,,,,,,,,,,
2016-04-20,,,2543.85 ,2995.14 ,,,,,,,,,,,,1796.30 
2016-04-21,,,2547.59 ,3000.73 ,,,,,,,,,,,,
2016-04-22,,,2565.70 ,3025.42 ,,,,,3.90 ,5.00 ,,,,,,
2016-04-25,,,2582.80 ,3048.79 ,,,,,,,,,,,,
2016-04-26,,,2614.75 ,3091.47 ,,,,,,,,,,,,
2016-04-27,,,2613.14 ,3090.43 ,,,,,,,,,,,,
2016-04-28,,,2618.83 ,3097.16 ,,,,,,,,,,,,
2016-04-29,,,2647.49 ,3134.75 ,,,,,3.90 ,5.00 ,,,,,,
2016-04-30,4.41 ,4.04 ,,,357.80 ,23280.00 ,1487.80 ,639.09 ,,,,6064.30 ,250000.00 ,242.57 ,85.40 ,1822.70 
2016-05-03,,,2747.39 ,3264.46 ,,,,,,,,,,,,
2016-05-04,,,2726.62 ,3237.06 ,,,,,,,,,,,,
2016-05-05,,,2724.18 ,3233.64 ,,,,,,,,,,,,
2016-05-06,,,2624.53 ,3101.75 ,,,,,3.90 ,5.40 ,,,,,,
2016-05-09,,,2595.62 ,3062.56 ,,,,,,,,,,,,
2016-05-10,,,2652.49 ,3135.88 ,,,,,,,,,,,,1814.30 
2016-05-11,,,2770.70 ,3288.65 ,,,,,,,,,,,,
2016-05-12,,,2713.62 ,3213.79 ,,,,,,,,,,,,
2016-05-13,,,2694.35 ,3188.53 ,,,,,3.90 ,5.40 ,,,,,,
2016-05-16,,,2734.68 ,3241.35 ,,,,,,,,,,,,
2016-05-17,,,2688.09 ,3180.68 ,,,,,,,,,,,,
2016-05-18,,,2643.43 ,3121.01 ,,,,,,,,,,,,
2016-05-19,,,2643.00 ,3120.21 ,,,,,,,,,,,,
2016-05-20,,,2655.64 ,3137.33 ,,,,,3.90 ,7.40 ,,,,,,1810.60 
2016-05-23,,,2664.57 ,3149.09 ,,,,,,,,,,,,
2016-05-24,,,2643.58 ,3121.75 ,,,,,,,,,,,,
2016-05-25,,,2645.49 ,3124.45 ,,,,,,,,,,,,
2016-05-26,,,2618.19 ,3094.17 ,,,,,,,,,,,,
2016-05-27,,,2658.30 ,3153.01 ,,,,,3.90 ,5.40 ,,,,,,
2016-05-30,,,2633.88 ,3124.48 ,,,,,,,,,,,,
2016-05-31,4.40 ,4.04 ,2732.28 ,3255.90 ,425.10 ,27000.00 ,1852.50 ,686.11 ,,,,12362.80 ,510000.00 ,242.41 ,84.30 ,1804.10 
2016-06-01,,,2734.52 ,3262.43 ,,,,,,,,,,,,
2016-06-02,,,2770.50 ,3306.31 ,,,,,,,,,,,,
2016-06-03,,,2795.55 ,3334.27 ,,,,,3.90 ,5.30 ,,,,,,
2016-06-06,,,2777.70 ,3308.01 ,,,,,,,,,,,,
2016-06-07,,,2776.31 ,3310.99 ,,,,,,,,,,,,
2016-06-08,,,2752.11 ,3280.42 ,,,,,,,,,,,,
2016-06-10,,,,,,,,,3.90 ,5.40 ,,,,,,1825.20 
2016-06-13,,,2699.52 ,3229.46 ,,,,,,,,,,,,
2016-06-14,,,2710.30 ,3237.32 ,,,,,,,,,,,,
2016-06-15,,,2754.06 ,3286.90 ,,,,,,,,,,,,
2016-06-16,,,2723.47 ,3242.36 ,,,,,,,,,,,,
2016-06-17,,,2723.48 ,3245.13 ,,,,,3.90 ,5.40 ,,,,,,
2016-06-20,,,2690.32 ,3199.06 ,,,,,,,,,,,,1875.90 
2016-06-21,,,2659.10 ,3165.67 ,,,,,,,,,,,,
2016-06-22,,,2682.13 ,3197.61 ,,,,,,,,,,,,
2016-06-23,,,2656.89 ,3167.05 ,,,,,,,,,,,,
2016-06-24,,,2615.21 ,3121.75 ,,,,,3.90 ,5.30 ,,,,,,
2016-06-27,,,2663.84 ,3182.68 ,,,,,,,,,,,,
2016-06-28,,,2685.23 ,3205.84 ,,,,,,,,,,,,
2016-06-29,,,2693.95 ,3219.51 ,,,,,,,,,,,,
2016-06-30,4.42 ,4.04 ,2682.76 ,3208.94 ,480.70 ,22990.00 ,1488.00 ,647.24 ,,,,11854.80 ,480000.00 ,246.98 ,86.00 ,1920.70 
2016-07-01,,,2681.21 ,3209.62 ,,,,,3.90 ,5.60 ,,,,,,
2016-07-04,,,2720.69 ,3257.14 ,,,,,,,,,,,,
2016-07-05,,,2729.92 ,3269.97 ,,,,,,,,,,,,
2016-07-06,,,2771.77 ,3318.66 ,,,,,,,,,,,,
2016-07-07,,,2756.08 ,3296.96 ,,,,,,,,,,,,
2016-07-08,,,2744.97 ,3285.65 ,,,,,3.90 ,4.90 ,,,,,,
2016-07-10,,,,,,,,,,,,,,,,1914.70 
2016-07-11,,,2779.40 ,3328.76 ,,,,,,,,,,,,
2016-07-12,,,2806.98 ,3329.86 ,,,,,,,,,,,,
2016-07-13,,,2814.94 ,3336.61 ,,,,,,,,,,,,
2016-07-14,,,2797.46 ,3315.27 ,,,,,,,,,,,,
2016-07-15,,,2809.86 ,3318.76 ,,,,,3.90 ,5.60 ,,,,,,
2016-07-18,,,2805.77 ,3315.21 ,,,,,,,,,,,,
2016-07-19,,,2788.52 ,3290.68 ,,,,,,,,,,,,
2016-07-20,,,2786.77 ,3289.34 ,,,,,,,,,,,,1880.80 
2016-07-21,,,2796.14 ,3305.37 ,,,,,,,,,,,,
2016-07-22,,,2775.20 ,3283.29 ,,,,,3.90 ,5.60 ,,,,,,
2016-07-25,,,2764.72 ,3274.61 ,,,,,,,,,,,,
2016-07-26,,,2803.86 ,3323.67 ,,,,,,,,,,,,
2016-07-27,,,2703.79 ,3211.64 ,,,,,,,,,,,,
2016-07-28,,,2705.59 ,3180.42 ,,,,,,,,,,,,
2016-07-29,,,2675.54 ,3145.39 ,,,,,3.90 ,5.30 ,,,,,,
2016-07-31,4.41 ,4.05 ,,,507.90 ,25720.00 ,1715.80 ,667.11 ,,,,7646.50 ,360000.00 ,212.40 ,86.80 ,1833.30 
2016-08-01,,,2630.90 ,3083.03 ,,,,,,,,,,,,
2016-08-02,,,2653.50 ,3098.31 ,,,,,,,,,,,,
2016-08-03,,,2671.45 ,3122.57 ,,,,,,,,,,,,
2016-08-04,,,2688.13 ,3142.05 ,,,,,,,,,,,,
2016-08-05,,,2719.24 ,3175.27 ,,,,,3.90 ,5.30 ,,,,,,
2016-08-08,,,2741.33 ,3209.22 ,,,,,,,,,,,,
2016-08-09,,,2767.18 ,3246.37 ,,,,,,,,,,,,
2016-08-10,,,2777.95 ,3222.83 ,,,,,,,,,,,,1814.50 
2016-08-11,,,2746.11 ,3191.42 ,,,,,,,,,,,,
2016-08-12,,,2775.74 ,3226.72 ,,,,,3.90 ,5.30 ,,,,,,
2016-08-15,,,2814.28 ,3273.50 ,,,,,,,,,,,,
2016-08-16,,,2829.92 ,3295.54 ,,,,,,,,,,,,
2016-08-17,,,2834.44 ,3288.89 ,,,,,,,,,,,,
2016-08-18,,,2826.11 ,3282.82 ,,,,,,,,,,,,
2016-08-19,,,2816.48 ,3276.85 ,,,,,3.90 ,4.50 ,,,,,,
2016-08-20,,,,,,,,,,,,,,,,1799.40 
2016-08-22,,,2775.81 ,3231.28 ,,,,,,,,,,,,
2016-08-23,,,2775.54 ,3218.58 ,,,,,,,,,,,,
2016-08-24,,,2780.40 ,3223.20 ,,,,,,,,,,,,
2016-08-25,,,2752.93 ,3202.04 ,,,,,,,,,,,,
2016-08-26,,,2766.64 ,3212.55 ,,,,,3.90 ,4.50 ,,,,,,
2016-08-29,,,2777.48 ,3220.72 ,,,,,,,,,,,,
2016-08-30,,,2767.49 ,3212.33 ,,,,,,,,,,,,
2016-08-31,4.42 ,4.06 ,2773.28 ,3220.69 ,517.20 ,25660.00 ,1688.10 ,657.87 ,,,,10292.00 ,480000.00 ,214.42 ,87.40 ,1814.70 
2016-09-01,,,2776.99 ,3228.79 ,,,,,,,,,,,,
2016-09-02,,,2774.57 ,3226.96 ,,,,,3.90 ,5.40 ,,,,,,
2016-09-05,,,2796.58 ,3259.23 ,,,,,,,,,,,,
2016-09-06,,,2834.07 ,3304.45 ,,,,,,,,,,,,
2016-09-07,,,2839.68 ,3311.54 ,,,,,,,,,,,,
2016-09-08,,,2844.85 ,3318.37 ,,,,,,,,,,,,
2016-09-09,,,2829.86 ,3303.92 ,,,,,3.90 ,5.30 ,,,,,,
2016-09-10,,,,,,,,,,,,,,,,1825.70 
2016-09-12,,,2767.16 ,3239.21 ,,,,,,,,,,,,
2016-09-13,,,2811.25 ,3296.46 ,,,,,,,,,,,,
2016-09-14,,,2824.09 ,3317.12 ,,,,,,,,,,,,
2016-09-19,,,2870.41 ,3372.30 ,,,,,,,,,,,,
2016-09-20,,,2901.48 ,3416.06 ,,,,,,,,,,,,1788.60 
2016-09-21,,,2890.60 ,3401.09 ,,,,,,,,,,,,
2016-09-22,,,2912.15 ,3427.23 ,,,,,,,,,,,,
2016-09-23,,,2916.47 ,3434.09 ,,,,,3.90 ,5.40 ,,,,,,
2016-09-26,,,2877.84 ,3395.60 ,,,,,,,,,,,,
2016-09-27,,,2886.42 ,3399.31 ,,,,,,,,,,,,
2016-09-28,,,2895.71 ,3410.06 ,,,,,,,,,,,,
2016-09-29,,,2911.35 ,3431.83 ,,,,,,,,,,,,
2016-09-30,4.43 ,4.03 ,2916.41 ,3441.47 ,409.60 ,25320.00 ,1663.70 ,657.07 ,3.90 ,5.30 ,,16591.30 ,830000.00 ,199.90 ,87.00 ,1678.60 
2016-10-10,,,2948.39 ,3471.23 ,,,,,,,,,,,,1616.00 
2016-10-11,,,2988.62 ,3519.70 ,,,,,,,,,,,,
2016-10-12,,,2967.83 ,3493.60 ,,,,,,,,,,,,
2016-10-13,,,2999.26 ,3539.63 ,,,,,,,,,,,,
2016-10-14,,,2975.92 ,3509.46 ,,,,,3.90 ,5.40 ,,,,,,
2016-10-17,,,2924.74 ,3443.89 ,,,,,,,,,,,,
2016-10-18,,,2961.22 ,3488.58 ,,,,,,,,,,,,
2016-10-19,,,2986.86 ,3524.00 ,,,,,,,,,,,,
2016-10-20,,,2975.29 ,3508.40 ,,,,,,,,,,,,1619.90 
2016-10-21,,,2946.75 ,3470.67 ,,,,,3.90 ,5.40 ,,,,,,
2016-10-24,,,2971.71 ,3502.70 ,,,,,,,,,,,,
2016-10-25,,,2961.61 ,3493.34 ,,,,,,,,,,,,
2016-10-26,,,2984.63 ,3524.63 ,,,,,,,,,,,,
2016-10-27,,,2970.94 ,3504.41 ,,,,,,,,,,,,
2016-10-28,,,2934.88 ,3459.80 ,,,,,3.90 ,5.30 ,,,,,,
2016-10-31,4.43 ,4.01 ,2912.69 ,3430.46 ,300.60 ,23900.00 ,1600.50 ,669.67 ,,,,6540.10 ,320000.00 ,204.38 ,87.80 ,1649.40 
2016-11-01,,,2943.37 ,3466.08 ,,,,,,,,,,,,
2016-11-02,,,2927.57 ,3448.23 ,,,,,,,,,,,,
2016-11-03,,,2954.26 ,3480.98 ,,,,,,,,,,,,
2016-11-04,,,2948.42 ,3477.27 ,,,,,3.90 ,5.00 ,,,,,,
2016-11-07,,,2936.54 ,3463.87 ,,,,,,,,,,,,
2016-11-08,,,2961.62 ,3495.40 ,,,,,,,,,,,,
2016-11-09,,,2944.59 ,3473.48 ,,,,,,,,,,,,
2016-11-10,,,2966.28 ,3499.64 ,,,,,,,,,,,,1672.20 
2016-11-11,,,2969.48 ,3498.35 ,,,,,3.90 ,4.50 ,,,,,,
2016-11-14,,,2968.56 ,3495.86 ,,,,,,,,,,,,
2016-11-15,,,2965.07 ,3491.42 ,,,,,,,,,,,,
2016-11-16,,,2959.48 ,3477.10 ,,,,,,,,,,,,
2016-11-17,,,2961.03 ,3485.50 ,,,,,,,,,,,,
2016-11-18,,,2949.69 ,3473.52 ,,,,,3.90 ,5.00 ,,,,,,
2016-11-20,,,,,,,,,,,,,,,,1699.00 
2016-11-21,,,2944.74 ,3461.59 ,,,,,,,,,,,,
2016-11-22,,,2950.61 ,3469.35 ,,,,,,,,,,,,
2016-11-23,,,2946.95 ,3469.46 ,,,,,,,,,,,,
2016-11-24,,,2941.43 ,3466.41 ,,,,,,,,,,,,
2016-11-25,,,2945.69 ,3477.97 ,,,,,3.90 ,5.00 ,,,,,,
2016-11-28,,,2947.61 ,3482.59 ,,,,,,,,,,,,
2016-11-29,,,2930.61 ,3465.41 ,,,,,,,,,,,,
2016-11-30,4.42 ,4.03 ,2887.73 ,3412.36 ,252.90 ,27890.00 ,1764.20 ,632.56 ,,,,8460.10 ,420000.00 ,201.43 ,89.00 ,1681.50 
2016-12-01,,,2912.02 ,3442.48 ,,,,,,,,,,,,
2016-12-02,,,2881.88 ,3403.63 ,,,,,3.90 ,4.10 ,,,,,,
2016-12-05,,,2855.26 ,3371.44 ,,,,,,,,,,,,
2016-12-06,,,2865.27 ,3381.40 ,,,,,,,,,,,,
2016-12-07,,,2872.85 ,3389.71 ,,,,,,,,,,,,
2016-12-08,,,2849.95 ,3362.92 ,,,,,,,,,,,,
2016-12-09,,,2841.60 ,3352.44 ,,,,,3.90 ,5.00 ,,,,,,
2016-12-10,,,,,,,,,,,,,,,,1653.60 
2016-12-12,,,2710.41 ,3198.63 ,,,,,,,,,,,,
2016-12-13,,,2716.26 ,3211.00 ,,,,,,,,,,,,
2016-12-14,,,2702.55 ,3195.93 ,,,,,,,,,,,,
2016-12-15,,,2721.34 ,3213.73 ,,,,,,,,,,,,
2016-12-16,,,2739.01 ,3238.85 ,,,,,3.90 ,5.00 ,,,,,,
2016-12-19,,,2733.03 ,3233.82 ,,,,,,,,,,,,
2016-12-20,,,2712.49 ,3209.90 ,,,,,,,,,,,,1582.60 
2016-12-21,,,2740.19 ,3238.22 ,,,,,,,,,,,,
2016-12-22,,,2750.82 ,3249.21 ,,,,,,,,,,,,
2016-12-23,,,2733.43 ,3230.47 ,,,,,3.90 ,5.00 ,,,,,,
2016-12-26,,,2748.90 ,3250.49 ,,,,,,,,,,,,
2016-12-27,,,2764.11 ,3270.12 ,,,,,,,,,,,,
2016-12-28,,,2761.10 ,3266.01 ,,,,,,,,,,,,
2016-12-29,,,2750.75 ,3253.23 ,,,,,,,,,,,,
2016-12-30,,,2754.59 ,3258.77 ,,,,,3.90 ,5.00 ,,,,,,
2016-12-31,4.44 ,4.02 ,,,274.20 ,22220.00 ,1357.50 ,610.94 ,,,,9046.60 ,400000.00 ,226.17 ,87.70 ,1518.00 
2017-01-03,,,2772.00 ,3281.22 ,,,,,,,,,,,,
2017-01-04,,,2813.80 ,3335.04 ,,,,,,,,,,,,
2017-01-05,,,2841.64 ,3370.43 ,,,,,,,,,,,,
2017-01-06,,,2810.63 ,3330.02 ,,,,,3.90 ,4.50 ,,,,,,
2017-01-09,,,2829.51 ,3354.63 ,,,,,,,,,,,,
2017-01-10,,,2838.31 ,3347.19 ,,,,,,,,,,,,1507.00 
2017-01-11,,,2812.65 ,3318.15 ,,,,,,,,,,,,
2017-01-12,,,2786.94 ,3298.05 ,,,,,,,,,,,,
2017-01-13,,,2727.04 ,3235.87 ,,,,,3.90 ,4.50 ,,,,,,
2017-01-16,,,2668.24 ,3178.49 ,,,,,,,,,,,,
2017-01-17,,,2690.19 ,3205.06 ,,,,,,,,,,,,
2017-01-18,,,2697.45 ,3222.24 ,,,,,,,,,,,,
2017-01-19,,,2704.03 ,3200.33 ,,,,,,,,,,,,
2017-01-20,,,2759.44 ,3262.41 ,,,,,3.90 ,4.50 ,,,,,,1486.10 
2017-01-23,,,2772.89 ,3286.22 ,,,,,,,,,,,,
2017-01-24,,,2761.18 ,3284.35 ,,,,,,,,,,,,
2017-01-25,,,2802.56 ,3334.26 ,,,,,,,,,,,,
2017-01-26,,,2833.14 ,3375.12 ,,,,,,,,,,,,
2017-01-31,4.44 ,4.04 ,,,,30970.00 ,1975.80 ,637.97 ,,,,13718.60 ,670000.00 ,204.76 ,86.80 ,
2017-02-03,,,2846.56 ,3391.99 ,,,,,3.90 ,5.40 ,,,,,,
2017-02-06,,,2875.27 ,3428.30 ,,,,,,,,,,,,
2017-02-07,,,2860.42 ,3413.30 ,,,,,,,,,,,,
2017-02-08,,,2887.18 ,3447.19 ,,,,,,,,,,,,
2017-02-09,,,2920.56 ,3485.47 ,,,,,,,,,,,,
2017-02-10,,,2920.20 ,3482.72 ,,,,,3.90 ,5.40 ,,,,,,1480.10 
2017-02-13,,,2918.69 ,3481.13 ,,,,,,,,,,,,
2017-02-14,,,2908.96 ,3466.67 ,,,,,,,,,,,,
2017-02-15,,,2866.47 ,3417.65 ,,,,,,,,,,,,
2017-02-16,,,2888.31 ,3437.01 ,,,,,,,,,,,,
2017-02-17,,,2892.50 ,3449.76 ,,,,,3.90 ,5.40 ,,,,,,
2017-02-20,,,2933.22 ,3498.91 ,,,,,,,,,,,,1475.60 
2017-02-21,,,2945.97 ,3514.27 ,,,,,,,,,,,,
2017-02-22,,,2960.42 ,3528.81 ,,,,,,,,,,,,
2017-02-23,,,2957.42 ,3527.17 ,,,,,,,,,,,,
2017-02-24,,,2926.82 ,3486.93 ,,,,,3.90 ,5.40 ,,,,,,
2017-02-27,,,2909.04 ,3466.20 ,,,,,,,,,,,,
2017-02-28,4.43 ,4.06 ,2912.35 ,3470.52 ,,21900.00 ,1380.00 ,630.14 ,,,,16311.80 ,810000.00 ,201.38 ,85.80 ,1471.80 
2017-03-01,,,2923.83 ,3485.10 ,,,,,,,,,,,,
2017-03-02,,,2897.24 ,3454.95 ,,,,,,,,,,,,
2017-03-03,,,2901.13 ,3457.57 ,,,,,3.90 ,5.00 ,,,,,,
2017-03-06,,,2917.33 ,3478.29 ,,,,,,,,,,,,
2017-03-07,,,2935.61 ,3500.88 ,,,,,,,,,,,,
2017-03-08,,,2938.30 ,3506.74 ,,,,,,,,,,,,
2017-03-09,,,2916.22 ,3491.74 ,,,,,,,4.70 ,,,,,
2017-03-10,,,2922.82 ,3497.11 ,,,,,3.90 ,5.40 ,4.70 ,,,,,1504.10 
2017-03-13,,,2940.10 ,3518.33 ,,,,,,,4.70 ,,,,,
2017-03-14,,,2920.96 ,3491.68 ,,,,,,,4.70 ,,,,,
2017-03-15,,,2904.24 ,3471.49 ,,,,,,,4.70 ,,,,,
2017-03-16,,,2917.46 ,3489.62 ,,,,,,,4.70 ,,,,,
2017-03-17,,,2899.11 ,3461.92 ,,,,,3.90 ,5.40 ,4.70 ,,,,,
2017-03-20,,,2914.32 ,3481.70 ,,,,,,,4.70 ,,,,,1518.90 
2017-03-21,,,2940.44 ,3516.54 ,,,,,,,4.70 ,,,,,
2017-03-22,,,2927.51 ,3500.15 ,,,,,,,4.70 ,,,,,
2017-03-23,,,2916.69 ,3483.10 ,,,,,,,4.70 ,,,,,
2017-03-24,,,2947.18 ,3514.14 ,,,,,3.90 ,5.40 ,4.70 ,,,,,
2017-03-27,,,2964.50 ,3537.67 ,,,,,,,4.70 ,,,,,
2017-03-28,,,2967.89 ,3540.33 ,,,,,,,,,,,,
2017-03-29,,,2942.31 ,3517.09 ,,,,,,,,,,,,
2017-03-30,,,2882.29 ,3444.69 ,,,,,,,,,,,,
2017-03-31,4.49 ,4.02 ,2890.56 ,3455.80 ,360.90 ,25550.00 ,1561.90 ,611.31 ,3.90 ,5.00 ,,13780.70 ,710000.00 ,194.09 ,85.70 ,1554.10 
2017-04-05,,,2924.94 ,3500.42 ,,,,,,,,,,,,
2017-04-06,,,2909.93 ,3480.61 ,,,,,,,,,,,,
2017-04-07,,,2905.79 ,3481.58 ,,,,,3.90 ,5.00 ,,,,,,
2017-04-10,,,2870.97 ,3442.50 ,,,,,,,,,,,,1592.40 
2017-04-11,,,2873.06 ,3450.19 ,,,,,,,,,,,,
2017-04-12,,,2845.90 ,3414.41 ,,,,,,,,,,,,
2017-04-13,,,2876.65 ,3451.72 ,,,,,,,,,,,,
2017-04-14,,,2856.95 ,3421.17 ,,,,,3.90 ,5.00 ,,,,,,
2017-04-17,,,2846.02 ,3405.91 ,,,,,,,,,,,,
2017-04-18,,,2857.43 ,3418.89 ,,,,,,,,,,,,
2017-04-19,,,2817.34 ,3360.34 ,,,,,,,,,,,,
2017-04-20,,,2847.58 ,3399.09 ,,,,,,,,,,,,1609.40 
2017-04-21,,,2824.56 ,3366.48 ,,,,,3.90 ,5.40 ,,,,,,
2017-04-24,,,2758.19 ,3286.71 ,,,,,,,,,,,,
2017-04-25,,,2782.99 ,3321.83 ,,,,,,,,,,,,
2017-04-26,,,2747.05 ,3279.13 ,,,,,,,,,,,,
2017-04-27,,,2727.60 ,3258.36 ,,,,,,,,,,,,
2017-04-28,,,2721.67 ,3250.61 ,,,,,3.90 ,5.40 ,,,,,,
2017-04-30,4.51 ,4.04 ,,,355.40 ,28190.00 ,1729.70 ,613.59 ,,,,22589.80 ,1090000.00 ,207.25 ,89.52 ,1620.50 
2017-05-02,,,2721.02 ,3252.62 ,,,,,,,,,,,,
2017-05-03,,,2682.44 ,3202.77 ,,,,,,,,,,,,
2017-05-04,,,2690.08 ,3212.35 ,,,,,,,,,,,,
2017-05-05,,,2643.67 ,3158.41 ,,,,,3.90 ,5.40 ,,,,,,
2017-05-08,,,2603.93 ,3116.44 ,,,,,,,,,,,,
2017-05-09,,,2606.97 ,,,,,,,,,,,,,
2017-05-10,,,2582.46 ,3095.97 ,,,,,,,,,,,,1624.20 
2017-05-11,,,2566.06 ,3082.70 ,,,,,,,,,,,,
2017-05-12,,,2558.57 ,3074.25 ,,,,,3.90 ,5.00 ,,,,,,
2017-05-15,,,2577.20 ,3102.82 ,,,,,,,,,,,,
2017-05-16,,,2612.26 ,3142.02 ,,,,,,,,,,,,
2017-05-17,,,2608.21 ,3138.48 ,,,,,,,,,,,,
2017-05-18,,,2605.61 ,3131.51 ,,,,,,,,,,,,
2017-05-19,,,2597.74 ,3125.14 ,,,,,3.90 ,5.40 ,,,,,,
2017-05-20,,,,,,,,,,,,,,,,1656.50 
2017-05-22,,,2577.01 ,3096.38 ,,,,,,,,,,,,
2017-05-23,,,2533.40 ,3045.00 ,,,,,,,,,,,,
2017-05-24,,,2527.23 ,3038.11 ,,,,,,,,,,,,
2017-05-25,,,2595.34 ,3132.98 ,,,,,,,,,,,,
2017-05-26,,,2573.02 ,3103.19 ,,,,,3.90 ,5.40 ,,,,,,
2017-05-31,4.50 ,4.10 ,2585.14 ,3115.19 ,430.50 ,31080.00 ,1978.20 ,636.49 ,,,,12870.00 ,630000.00 ,204.29 ,90.48 ,1663.30 
2017-06-01,,,2554.43 ,3079.46 ,,,,,,,,,,,,
2017-06-02,,,2556.91 ,3080.79 ,,,,,3.90 ,5.40 ,,,,,,
2017-06-05,,,2585.95 ,3120.80 ,,,,,,,,,,,,
2017-06-06,,,2578.81 ,3104.94 ,,,,,,,,,,,,
2017-06-07,,,2642.61 ,3159.09 ,,,,,,,,,,,,
2017-06-08,,,2667.86 ,3198.67 ,,,,,,,,,,,,
2017-06-09,,,2702.72 ,3249.33 ,,,,,3.90 ,5.40 ,,,,,,
2017-06-10,,,,,,,,,,,,,,,,1645.90 
2017-06-12,,,2672.16 ,3220.27 ,,,,,,,,,,,,
2017-06-13,,,2682.67 ,3224.73 ,,,,,,,,,,,,
2017-06-14,,,2670.58 ,3207.69 ,,,,,,,,,,,,
2017-06-15,,,2689.40 ,3232.55 ,,,,,,,,,,,,
2017-06-16,,,2655.25 ,3186.82 ,,,,,3.90 ,5.00 ,,,,,,
2017-06-19,,,2665.33 ,3195.29 ,,,,,,,,,,,,
2017-06-20,,,2672.41 ,3208.48 ,,,,,,,,,,,,1639.40 
2017-06-21,,,2696.24 ,3240.50 ,,,,,,,,,,,,
2017-06-22,,,2647.29 ,3179.47 ,,,,,,,,,,,,
2017-06-23,,,2671.32 ,3211.71 ,,,,,3.90 ,5.00 ,,,,,,
2017-06-26,,,2711.04 ,3265.48 ,,,,,,,,,,,,
2017-06-27,,,2718.59 ,3268.74 ,,,,,,,4.70 ,,,,,
2017-06-28,,,2693.49 ,3238.53 ,,,,,,,4.70 ,,,,,
2017-06-29,,,2715.71 ,3265.53 ,,,,,,,4.70 ,,,,,
2017-06-30,4.50 ,4.10 ,2723.60 ,3290.32 ,509.20 ,29790.00 ,1872.30 ,628.50 ,3.90 ,5.00 ,,12496.40 ,630000.00 ,198.36 ,89.30 ,1672.40 
2017-07-03,,,2720.80 ,3286.38 ,,,,,,,,,,,,
2017-07-04,,,2695.41 ,3254.74 ,,,,,,,,,,,,
2017-07-05,,,2717.02 ,3280.26 ,,,,,,,,,,,,
2017-07-06,,,2706.73 ,3267.25 ,,,,,,,,,,,,
2017-07-07,,,2704.86 ,3265.22 ,,,,,3.90 ,5.00 ,,,,,,
2017-07-10,,,2723.86 ,3287.83 ,,,,,,,4.70 ,,,,,1697.10 
2017-07-11,,,2716.13 ,3283.88 ,,,,,,,4.70 ,,,,,
2017-07-12,,,2731.37 ,3300.86 ,,,,,,,,,,,,
2017-07-13,,,2729.77 ,3298.76 ,,,,,,,4.70 ,,,,,
2017-07-14,,,2720.16 ,3287.66 ,,,,,3.90 ,7.40 ,4.70 ,,,,,
2017-07-17,,,2576.06 ,3114.68 ,,,,,,,4.70 ,,,,,
2017-07-18,,,2609.88 ,3155.13 ,,,,,,,4.70 ,,,,,
2017-07-19,,,2639.31 ,3191.40 ,,,,,,,4.70 ,,,,,
2017-07-20,,,2644.83 ,3197.70 ,,,,,,,4.70 ,,,,,1703.30 
2017-07-21,,,2634.94 ,3185.67 ,,,,,3.90 ,5.00 ,4.70 ,,,,,
2017-07-24,,,2662.05 ,3218.16 ,,,,,,,4.70 ,,,,,
2017-07-25,,,2660.21 ,3216.04 ,,,,,,,4.70 ,,,,,
2017-07-26,,,2662.41 ,3218.98 ,,,,,,,4.70 ,,,,,
2017-07-27,,,2670.16 ,3228.75 ,,,,,,,4.70 ,,,,,
2017-07-28,,,2663.06 ,3230.84 ,,,,,3.90 ,5.00 ,4.70 ,,,,,
2017-07-31,4.47 ,4.07 ,2684.19 ,3256.34 ,515.50 ,,,,,,4.70 ,,,,,1683.30 
2017-08-01,,,2673.60 ,3243.55 ,,,,,,,4.70 ,,,,,
2017-08-02,,,2654.55 ,3219.87 ,,,,,,,4.70 ,,,,,
2017-08-03,,,2641.81 ,3204.37 ,,,,,,,4.70 ,,,,,
2017-08-04,,,2633.59 ,3194.49 ,,,,,3.90 ,5.00 ,,,,,,
2017-08-07,,,2649.86 ,3214.29 ,,,,,,,4.70 ,,,,,
2017-08-08,,,2629.66 ,3189.97 ,,,,,,,4.70 ,,,,,
2017-08-09,,,2663.09 ,3230.64 ,,,,,,,4.70 ,,,,,
2017-08-10,,,2665.26 ,3232.64 ,,,,,,,4.70 ,,,,,1657.10 
2017-08-11,,,2616.28 ,3173.38 ,,,,,3.90 ,5.00 ,,,,,,
2017-08-14,,,2636.62 ,3197.97 ,,,,,,,4.70 ,,,,,
2017-08-15,,,2627.09 ,3186.50 ,,,,,,,4.70 ,,,,,
2017-08-16,,,2638.63 ,3200.42 ,,,,,,,4.70 ,,,,,
2017-08-17,,,2646.10 ,3209.41 ,,,,,,,4.70 ,,,,,
2017-08-18,,,2635.80 ,3197.30 ,,,,,3.90 ,5.00 ,4.70 ,,,,,
2017-08-21,,,2633.87 ,3194.95 ,,,,,,,4.70 ,,,,,
2017-08-22,,,2629.52 ,3189.97 ,,,,,,,,,,,,
