"","report.corp_name.index.","report.report_period.index.","report.净利润.index."
"1","北京时尚控股有限责任公司",2010-03-31 08:00:00,22995552.68
"2","北京时尚控股有限责任公司",2010-06-30 08:00:00,138720653.11
"3","北京时尚控股有限责任公司",2010-09-30 08:00:00,236345662.26
"4","北京时尚控股有限责任公司",2010-12-31 08:00:00,261277880.36
"5","北京时尚控股有限责任公司",2011-03-31 08:00:00,24584517.95
"6","北京时尚控股有限责任公司",2011-06-30 08:00:00,99515447.11
"7","北京时尚控股有限责任公司",2011-09-30 08:00:00,206032547.91
"8","北京时尚控股有限责任公司",2011-12-31 08:00:00,231042470.4
"9","北京时尚控股有限责任公司",2012-03-31 08:00:00,26506461.73
"10","北京时尚控股有限责任公司",2012-06-30 08:00:00,94509623.32
"11","北京时尚控股有限责任公司",2012-09-30 08:00:00,168566588.71
"12","北京时尚控股有限责任公司",2012-12-31 08:00:00,231613802.95
"13","北京时尚控股有限责任公司",2013-03-31 08:00:00,31925023.3
"14","北京时尚控股有限责任公司",2013-06-30 08:00:00,115370508.46
"15","北京时尚控股有限责任公司",2013-09-30 08:00:00,203566143.56
"16","北京时尚控股有限责任公司",2013-12-31 08:00:00,258072879.97
"17","北京时尚控股有限责任公司",2014-03-31 08:00:00,10288251.69
"18","北京时尚控股有限责任公司",2014-06-30 08:00:00,134869970.55
"19","北京时尚控股有限责任公司",2014-09-30 08:00:00,248106164.29
"20","北京时尚控股有限责任公司",2014-12-31 08:00:00,282438175.37
"21","北京时尚控股有限责任公司",2015-03-31 08:00:00,45029118.19
"22","北京时尚控股有限责任公司",2015-06-30 08:00:00,150738308.18
"23","北京时尚控股有限责任公司",2015-09-30 08:00:00,239531370.2
"24","北京时尚控股有限责任公司",2015-12-31 08:00:00,315078660.88
"25","北京时尚控股有限责任公司",2016-03-31 08:00:00,25654234.76
"26","北京时尚控股有限责任公司",2016-06-30 08:00:00,85374546.55
"27","北京时尚控股有限责任公司",2016-09-30 08:00:00,126266527.26
"28","北京时尚控股有限责任公司",2016-12-31 08:00:00,106889463.44
"29","北京时尚控股有限责任公司",2017-03-31 00:00:00,19264896.77
"30","中国中纺集团公司",2011-12-31 00:00:00,382818650.14
"31","中国中纺集团公司",2012-03-31 00:00:00,124120778.44
"32","中国中纺集团公司",2012-06-30 00:00:00,264400067.16
"33","中国中纺集团公司",2012-09-30 00:00:00,376481376.68
"34","中国中纺集团公司",2012-12-31 00:00:00,663330441.67
"35","中国中纺集团公司",2013-03-31 00:00:00,89054761.38
"36","中国中纺集团公司",2013-06-30 00:00:00,268504910.53
"37","中国中纺集团公司",2013-09-30 00:00:00,337044151.76
"38","中国中纺集团公司",2013-12-31 00:00:00,497748013.23
"39","中国中纺集团公司",2014-03-31 00:00:00,66564113.77
"40","中国中纺集团公司",2014-06-30 00:00:00,160795702.27
"41","中国中纺集团公司",2014-09-30 00:00:00,216513795.17
"42","天津天纺投资控股有限公司",2010-12-31 00:00:00,27823799.82
"43","天津天纺投资控股有限公司",2011-12-31 00:00:00,24624974.22
"44","天津天纺投资控股有限公司",2012-12-31 00:00:00,25756113.31
"45","天津天纺投资控股有限公司",2013-03-31 00:00:00,7973799.74
"46","天津天纺投资控股有限公司",2013-06-30 00:00:00,17925013.38
"47","天津天纺投资控股有限公司",2013-09-30 00:00:00,27578691.14
"48","天津天纺投资控股有限公司",2013-12-31 00:00:00,32922796.14
"49","天津天纺投资控股有限公司",2014-03-31 00:00:00,7214966.93
"50","天津天纺投资控股有限公司",2014-06-30 00:00:00,16277650.38
"51","天津天纺投资控股有限公司",2014-09-30 00:00:00,25909832.08
"52","天津天纺投资控股有限公司",2014-12-31 00:00:00,37548377.01
"53","天津天纺投资控股有限公司",2015-03-31 00:00:00,10540666.24
"54","天津天纺投资控股有限公司",2015-06-30 00:00:00,23800416.45
"55","天津天纺投资控股有限公司",2015-09-30 00:00:00,26627952.77
"56","天津天纺投资控股有限公司",2015-12-31 00:00:00,41650521.56
"57","天津天纺投资控股有限公司",2016-03-31 00:00:00,13378464.54
"58","天津天纺投资控股有限公司",2016-06-30 00:00:00,31554767.04
"59","天津天纺投资控股有限公司",2016-09-30 00:00:00,49575558.35
"60","天津天纺投资控股有限公司",2016-12-31 00:00:00,60805485.78
"61","天津天纺投资控股有限公司",2017-03-31 00:00:00,10579377.01
"62","内蒙古天首科技发展股份有限公司",2010-03-31 00:00:00,6853358.99
"63","内蒙古天首科技发展股份有限公司",2010-06-30 00:00:00,17774274.3
"64","内蒙古天首科技发展股份有限公司",2010-09-30 00:00:00,28972427.45
"65","内蒙古天首科技发展股份有限公司",2010-12-31 00:00:00,32929115.63
"66","内蒙古天首科技发展股份有限公司",2011-03-31 00:00:00,3337412.01
"67","内蒙古天首科技发展股份有限公司",2011-06-30 00:00:00,6142454.9
"68","内蒙古天首科技发展股份有限公司",2011-09-30 00:00:00,6142454.9
"69","内蒙古天首科技发展股份有限公司",2011-12-31 00:00:00,6099524.66
"70","内蒙古天首科技发展股份有限公司",2012-03-31 00:00:00,-1151708.19
"71","内蒙古天首科技发展股份有限公司",2012-06-30 00:00:00,556650.44
"72","内蒙古天首科技发展股份有限公司",2012-09-30 00:00:00,1120672.41
"73","内蒙古天首科技发展股份有限公司",2012-12-31 00:00:00,-46122297.58
"74","内蒙古天首科技发展股份有限公司",2013-03-31 00:00:00,-4210120.68
"75","内蒙古天首科技发展股份有限公司",2013-06-30 00:00:00,1410651.49
"76","内蒙古天首科技发展股份有限公司",2013-09-30 00:00:00,6694094.92
"77","内蒙古天首科技发展股份有限公司",2013-12-31 00:00:00,11398700.34
"78","内蒙古天首科技发展股份有限公司",2014-03-31 00:00:00,-222577.91
"79","内蒙古天首科技发展股份有限公司",2014-06-30 00:00:00,-12257310.27
"80","内蒙古天首科技发展股份有限公司",2014-09-30 00:00:00,-16265172
"81","内蒙古天首科技发展股份有限公司",2014-12-31 00:00:00,-50238467.74
"82","内蒙古天首科技发展股份有限公司",2015-03-31 00:00:00,-7272145.41
"83","内蒙古天首科技发展股份有限公司",2015-06-30 00:00:00,-21729306.66
"84","内蒙古天首科技发展股份有限公司",2015-09-30 00:00:00,-22525445.69
"85","内蒙古天首科技发展股份有限公司",2015-12-31 00:00:00,-356061156.21
"86","内蒙古天首科技发展股份有限公司",2016-03-31 00:00:00,-7682096.2
"87","内蒙古天首科技发展股份有限公司",2016-06-30 00:00:00,-17631382.96
"88","内蒙古天首科技发展股份有限公司",2016-09-30 00:00:00,-24734330.4
"89","内蒙古天首科技发展股份有限公司",2016-12-31 00:00:00,5128884.67
"90","内蒙古天首科技发展股份有限公司",2017-03-31 00:00:00,-1395605.44
"91","内蒙古东达蒙古王集团有限公司",2010-12-31 00:00:00,547379606.51
"92","内蒙古东达蒙古王集团有限公司",2011-12-31 00:00:00,497468003.22
"93","内蒙古东达蒙古王集团有限公司",2012-12-31 00:00:00,508773434.48
"94","内蒙古东达蒙古王集团有限公司",2013-06-30 00:00:00,238992510.18
"95","内蒙古东达蒙古王集团有限公司",2013-09-30 00:00:00,418863514.62
"96","内蒙古东达蒙古王集团有限公司",2013-12-31 00:00:00,512702311.49
"97","内蒙古东达蒙古王集团有限公司",2014-03-31 00:00:00,133955821.69
"98","内蒙古东达蒙古王集团有限公司",2014-06-30 00:00:00,286363955.81
"99","内蒙古东达蒙古王集团有限公司",2014-09-30 00:00:00,431816240.73
"100","吉林省东北袜业园产业投资有限公司",2014-12-31 00:00:00,76501330.91
"101","吉林省东北袜业园产业投资有限公司",2015-12-31 00:00:00,81333806
"102","吉林省东北袜业园产业投资有限公司",2016-09-30 00:00:00,213044173.45
"103","吉林省东北袜业园产业投资有限公司",2016-12-31 00:00:00,85765452.51
"104","上海申达股份有限公司",2010-03-31 00:00:00,42866097.86
"105","上海申达股份有限公司",2010-06-30 00:00:00,101166534.45
"106","上海申达股份有限公司",2010-09-30 00:00:00,162852918.55
"107","上海申达股份有限公司",2010-12-31 00:00:00,215653423.99
"108","上海申达股份有限公司",2011-03-31 00:00:00,43569607.54
"109","上海申达股份有限公司",2011-06-30 00:00:00,116993996.5
"110","上海申达股份有限公司",2011-09-30 00:00:00,168447961.35
"111","上海申达股份有限公司",2011-12-31 00:00:00,233448917.15
"112","上海申达股份有限公司",2012-03-31 00:00:00,58188872.93
"113","上海申达股份有限公司",2012-06-30 00:00:00,98739771.2
"114","上海申达股份有限公司",2012-09-30 00:00:00,127403613.64
"115","上海申达股份有限公司",2012-12-31 00:00:00,176054323.89
"116","上海申达股份有限公司",2013-03-31 00:00:00,58657481.1
"117","上海申达股份有限公司",2013-06-30 00:00:00,99252673.63
"118","上海申达股份有限公司",2013-09-30 00:00:00,136636213.71
"119","上海申达股份有限公司",2013-12-31 00:00:00,207775302.36
"120","上海申达股份有限公司",2014-03-31 00:00:00,33880978.06
"121","上海申达股份有限公司",2014-06-30 00:00:00,82341271.35
"122","上海申达股份有限公司",2014-09-30 00:00:00,117936709.5
"123","上海申达股份有限公司",2014-12-31 00:00:00,169060757.99
"124","上海申达股份有限公司",2015-03-31 00:00:00,29629348.66
"125","上海申达股份有限公司",2015-06-30 00:00:00,59852070.25
"126","上海申达股份有限公司",2015-09-30 00:00:00,99191864.09
"127","上海申达股份有限公司",2015-12-31 00:00:00,188488723.53
"128","上海申达股份有限公司",2016-03-31 00:00:00,62889695.75
"129","上海申达股份有限公司",2016-06-30 00:00:00,84542704.33
"130","上海申达股份有限公司",2016-09-30 00:00:00,180258247.96
"131","上海申达股份有限公司",2016-12-31 00:00:00,228926019.9
"132","上海申达股份有限公司",2017-03-31 00:00:00,42049312.29
"133","上海三毛企业(集团)股份有限公司",2010-03-31 00:00:00,-5434367
"134","上海三毛企业(集团)股份有限公司",2010-06-30 00:00:00,2186928.73
"135","上海三毛企业(集团)股份有限公司",2010-09-30 00:00:00,-3889818.6
"136","上海三毛企业(集团)股份有限公司",2010-12-31 00:00:00,15900393.48
"137","上海三毛企业(集团)股份有限公司",2011-03-31 00:00:00,72846
"138","上海三毛企业(集团)股份有限公司",2011-06-30 00:00:00,9663859.63
"139","上海三毛企业(集团)股份有限公司",2011-09-30 00:00:00,3266760.31
"140","上海三毛企业(集团)股份有限公司",2011-12-31 00:00:00,14467001.05
"141","上海三毛企业(集团)股份有限公司",2012-03-31 00:00:00,374109.87
"142","上海三毛企业(集团)股份有限公司",2012-06-30 00:00:00,9816942.53
"143","上海三毛企业(集团)股份有限公司",2012-09-30 00:00:00,25415760.47
"144","上海三毛企业(集团)股份有限公司",2012-12-31 00:00:00,-46864711.06
"145","上海三毛企业(集团)股份有限公司",2013-03-31 00:00:00,-39317773.29
"146","上海三毛企业(集团)股份有限公司",2013-06-30 00:00:00,2007964.46
"147","上海三毛企业(集团)股份有限公司",2013-09-30 00:00:00,-9612690.62
"148","上海三毛企业(集团)股份有限公司",2013-12-31 00:00:00,-47115855.56
"149","上海三毛企业(集团)股份有限公司",2014-03-31 00:00:00,-9937765.52
"150","上海三毛企业(集团)股份有限公司",2014-06-30 00:00:00,-14854490.29
"151","上海三毛企业(集团)股份有限公司",2014-09-30 00:00:00,73712312.86
"152","上海三毛企业(集团)股份有限公司",2014-12-31 00:00:00,60335766.62
"153","上海三毛企业(集团)股份有限公司",2015-03-31 00:00:00,-11616393.97
"154","上海三毛企业(集团)股份有限公司",2015-06-30 00:00:00,-11184949.26
"155","上海三毛企业(集团)股份有限公司",2015-09-30 00:00:00,-20011040.32
"156","上海三毛企业(集团)股份有限公司",2015-12-31 00:00:00,-38437573.95
"157","上海三毛企业(集团)股份有限公司",2016-03-31 00:00:00,-8397710.08
"158","上海三毛企业(集团)股份有限公司",2016-06-30 00:00:00,-18011624.14
"159","上海三毛企业(集团)股份有限公司",2016-09-30 00:00:00,-5442860.16
"160","上海三毛企业(集团)股份有限公司",2016-12-31 00:00:00,91458013.57
"161","上海三毛企业(集团)股份有限公司",2017-03-31 00:00:00,40499788.97
"162","上海纺织(集团)有限公司",2010-12-31 00:00:00,493990806.62
"163","上海纺织(集团)有限公司",2011-12-31 00:00:00,619708594.39
"164","上海纺织(集团)有限公司",2012-12-31 00:00:00,586657670.31
"165","上海纺织(集团)有限公司",2013-12-31 00:00:00,608312609.01
"166","上海纺织(集团)有限公司",2014-09-30 00:00:00,394715353.66
"167","上海纺织(集团)有限公司",2014-12-31 00:00:00,610450594.07
"168","上海纺织(集团)有限公司",2015-03-31 00:00:00,103835843.14
"169","上海纺织(集团)有限公司",2015-06-30 00:00:00,383879654.5
"170","上海纺织(集团)有限公司",2015-09-30 00:00:00,545136370
"171","上海纺织(集团)有限公司",2015-12-31 00:00:00,785046728.76
"172","上海纺织(集团)有限公司",2016-03-31 00:00:00,220732380.79
"173","上海纺织(集团)有限公司",2016-06-30 00:00:00,460526182.28
"174","上海纺织(集团)有限公司",2016-09-30 00:00:00,698412661.81
"175","上海纺织(集团)有限公司",2016-12-31 00:00:00,868406625.76
"176","上海纺织(集团)有限公司",2017-03-31 00:00:00,146771286.9
"177","江苏省苏豪控股集团有限公司",2010-03-31 00:00:00,11692299.59
"178","江苏省苏豪控股集团有限公司",2010-09-30 00:00:00,54731634.67
"179","江苏省苏豪控股集团有限公司",2010-12-31 00:00:00,435861675.64
"180","江苏省苏豪控股集团有限公司",2011-03-31 00:00:00,15947289.8
"181","江苏省苏豪控股集团有限公司",2011-06-30 00:00:00,168075269.87
"182","江苏省苏豪控股集团有限公司",2011-09-30 00:00:00,149665935.82
"183","江苏省苏豪控股集团有限公司",2011-12-31 00:00:00,369585500.51
"184","江苏省苏豪控股集团有限公司",2012-03-31 00:00:00,14738602.27
"185","江苏省苏豪控股集团有限公司",2012-06-30 00:00:00,184043003.79
"186","江苏省苏豪控股集团有限公司",2012-09-30 00:00:00,155556052.91
"187","江苏省苏豪控股集团有限公司",2012-12-31 00:00:00,384336583.71
"188","江苏省苏豪控股集团有限公司",2013-03-31 00:00:00,158780396.29
"189","江苏省苏豪控股集团有限公司",2013-06-30 00:00:00,272656026.2
"190","江苏省苏豪控股集团有限公司",2013-09-30 00:00:00,329372386.79
"191","江苏省苏豪控股集团有限公司",2013-12-31 00:00:00,440771912.28
"192","江苏省苏豪控股集团有限公司",2014-03-31 00:00:00,22428058.06
"193","江苏省苏豪控股集团有限公司",2014-06-30 00:00:00,372726733.57
"194","江苏省苏豪控股集团有限公司",2014-09-30 00:00:00,450230853.18
"195","江苏省苏豪控股集团有限公司",2014-12-31 00:00:00,519217388.65
"196","江苏省苏豪控股集团有限公司",2015-03-31 00:00:00,278132556.84
"197","江苏省苏豪控股集团有限公司",2015-06-30 00:00:00,336778917.75
"198","江苏省苏豪控股集团有限公司",2015-09-30 00:00:00,393789997.49
"199","江苏省苏豪控股集团有限公司",2015-12-31 00:00:00,652749083.6
"200","江苏省苏豪控股集团有限公司",2016-03-31 00:00:00,34708397.68
"201","江苏省苏豪控股集团有限公司",2016-06-30 00:00:00,434989041.08
"202","江苏省苏豪控股集团有限公司",2016-09-30 00:00:00,534363536.54
"203","江苏省苏豪控股集团有限公司",2016-12-31 00:00:00,866018411.49
"204","江苏省苏豪控股集团有限公司",2017-03-31 00:00:00,48226588.09
"205","江苏三房巷实业股份有限公司",2010-03-31 00:00:00,-2291679.33
"206","江苏三房巷实业股份有限公司",2010-06-30 00:00:00,14733888.38
"207","江苏三房巷实业股份有限公司",2010-09-30 00:00:00,39805946.88
"208","江苏三房巷实业股份有限公司",2010-12-31 00:00:00,68186178.18
"209","江苏三房巷实业股份有限公司",2011-03-31 00:00:00,21682907.18
"210","江苏三房巷实业股份有限公司",2011-06-30 00:00:00,38642079.38
"211","江苏三房巷实业股份有限公司",2011-09-30 00:00:00,49360558.38
"212","江苏三房巷实业股份有限公司",2011-12-31 00:00:00,37648034.52
"213","江苏三房巷实业股份有限公司",2012-03-31 00:00:00,3568006.33
"214","江苏三房巷实业股份有限公司",2012-06-30 00:00:00,10251311.06
"215","江苏三房巷实业股份有限公司",2012-09-30 00:00:00,24673092.6
"216","江苏三房巷实业股份有限公司",2012-12-31 00:00:00,37548464.81
"217","江苏三房巷实业股份有限公司",2013-03-31 00:00:00,13470359.48
"218","江苏三房巷实业股份有限公司",2013-06-30 00:00:00,30476684.5
"219","江苏三房巷实业股份有限公司",2013-09-30 00:00:00,35397277.5
"220","江苏三房巷实业股份有限公司",2013-12-31 00:00:00,37945676
"221","江苏三房巷实业股份有限公司",2014-03-31 00:00:00,15539281.73
"222","江苏三房巷实业股份有限公司",2014-06-30 00:00:00,25323715.93
"223","江苏三房巷实业股份有限公司",2014-09-30 00:00:00,31776856.43
"224","江苏三房巷实业股份有限公司",2014-12-31 00:00:00,30370462.09
"225","江苏三房巷实业股份有限公司",2015-03-31 00:00:00,16785646.22
"226","江苏三房巷实业股份有限公司",2015-06-30 00:00:00,28606747.83
"227","江苏三房巷实业股份有限公司",2015-09-30 00:00:00,38559985.06
"228","江苏三房巷实业股份有限公司",2015-12-31 00:00:00,33687365.83
"229","江苏三房巷实业股份有限公司",2016-03-31 00:00:00,19308436.66
"230","江苏三房巷实业股份有限公司",2016-06-30 00:00:00,45659412.84
"231","江苏三房巷实业股份有限公司",2016-09-30 00:00:00,61454051.27
"232","江苏三房巷实业股份有限公司",2016-12-31 00:00:00,64494542.71
"233","江苏三房巷实业股份有限公司",2017-03-31 00:00:00,20566668.16
"234","江苏阳光股份有限公司",2010-03-31 00:00:00,32327669.71
"235","江苏阳光股份有限公司",2010-06-30 00:00:00,46776598.07
"236","江苏阳光股份有限公司",2010-09-30 00:00:00,38102350.56
"237","江苏阳光股份有限公司",2010-12-31 00:00:00,60432240.68
"238","江苏阳光股份有限公司",2011-03-31 00:00:00,35747948.2
"239","江苏阳光股份有限公司",2011-06-30 00:00:00,60466173.09
"240","江苏阳光股份有限公司",2011-09-30 00:00:00,51935930.68
"241","江苏阳光股份有限公司",2011-12-31 00:00:00,10700573.44
"242","江苏阳光股份有限公司",2012-03-31 00:00:00,-45022181.2
"243","江苏阳光股份有限公司",2012-06-30 00:00:00,-110885641.45
"244","江苏阳光股份有限公司",2012-09-30 00:00:00,-134808854.78
"245","江苏阳光股份有限公司",2012-12-31 00:00:00,-1413475482.67
"246","江苏阳光股份有限公司",2013-03-31 00:00:00,12948064.85
"247","江苏阳光股份有限公司",2013-06-30 00:00:00,40241733.16
"248","江苏阳光股份有限公司",2013-09-30 00:00:00,67853563.7
"249","江苏阳光股份有限公司",2013-12-31 00:00:00,126526093.32
"250","江苏阳光股份有限公司",2014-03-31 00:00:00,8972475.54
"251","江苏阳光股份有限公司",2014-06-30 00:00:00,36678965.98
"252","江苏阳光股份有限公司",2014-09-30 00:00:00,57995022.79
"253","江苏阳光股份有限公司",2014-12-31 00:00:00,91420777.83
"254","江苏阳光股份有限公司",2015-03-31 00:00:00,5440056.73
"255","江苏阳光股份有限公司",2015-06-30 00:00:00,32589495.17
"256","江苏阳光股份有限公司",2015-09-30 00:00:00,76261322.12
"257","江苏阳光股份有限公司",2015-12-31 00:00:00,126704732.16
"258","江苏阳光股份有限公司",2016-03-31 00:00:00,43559596.8
"259","江苏阳光股份有限公司",2016-06-30 00:00:00,101534412.49
"260","江苏阳光股份有限公司",2016-09-30 00:00:00,155595499.23
"261","江苏阳光股份有限公司",2016-12-31 00:00:00,178687019.57
"262","江苏阳光股份有限公司",2017-03-31 00:00:00,2807950.32
"263","江苏阳光集团有限公司",2010-03-31 00:00:00,458938302.6
"264","江苏阳光集团有限公司",2010-06-30 00:00:00,524980488.95
"265","江苏阳光集团有限公司",2010-09-30 00:00:00,810849978.38
"266","江苏阳光集团有限公司",2010-12-31 00:00:00,1315545442.96
"267","江苏阳光集团有限公司",2011-09-30 00:00:00,1051840494.32
"268","江苏阳光集团有限公司",2011-12-31 00:00:00,1254339951.7
"269","江苏阳光集团有限公司",2012-03-31 00:00:00,130682346.46
"270","江苏阳光集团有限公司",2012-06-30 00:00:00,84951455.86
"271","江苏阳光集团有限公司",2012-09-30 00:00:00,38458466.72
"272","江苏阳光集团有限公司",2012-12-31 00:00:00,-538867816.09
"273","江苏阳光集团有限公司",2013-03-31 00:00:00,156749310.62
"274","江苏阳光集团有限公司",2013-06-30 00:00:00,90869133
"275","江苏阳光集团有限公司",2013-09-30 00:00:00,272269863.32
"276","江苏阳光集团有限公司",2013-12-31 00:00:00,744086650.74
"277","江苏阳光集团有限公司",2014-03-31 00:00:00,-23263600.69
"278","江苏阳光集团有限公司",2014-06-30 00:00:00,140965172.7
"279","江苏阳光集团有限公司",2014-09-30 00:00:00,171879508.63
"280","江苏阳光集团有限公司",2014-12-31 00:00:00,-637944037.09
"281","江苏阳光集团有限公司",2015-03-31 00:00:00,518918987.19
"282","江苏阳光集团有限公司",2015-06-30 00:00:00,983359184.24
"283","江苏阳光集团有限公司",2015-09-30 00:00:00,1101505023.22
"284","江苏阳光集团有限公司",2015-12-31 00:00:00,1190482148.77
"285","江苏阳光集团有限公司",2016-03-31 00:00:00,120862505.68
"286","江苏阳光集团有限公司",2016-06-30 00:00:00,290400453.14
"287","江苏阳光集团有限公司",2016-09-30 00:00:00,422651872.94
"288","江苏阳光集团有限公司",2016-12-31 00:00:00,522128546.03
"289","江苏阳光集团有限公司",2017-03-31 00:00:00,92747166.26
"290","黑牡丹(集团)股份有限公司",2010-03-31 00:00:00,68889831.48
"291","黑牡丹(集团)股份有限公司",2010-06-30 00:00:00,NA
"292","黑牡丹(集团)股份有限公司",2010-09-30 00:00:00,199582224.16
"293","黑牡丹(集团)股份有限公司",2010-12-31 00:00:00,NA
"294","黑牡丹(集团)股份有限公司",2011-03-31 00:00:00,NA
"295","黑牡丹(集团)股份有限公司",2011-06-30 00:00:00,171242038.38
"296","黑牡丹(集团)股份有限公司",2011-09-30 00:00:00,194769699.98
"297","黑牡丹(集团)股份有限公司",2011-12-31 00:00:00,301421212
"298","黑牡丹(集团)股份有限公司",2012-03-31 00:00:00,NA
"299","黑牡丹(集团)股份有限公司",2012-06-30 00:00:00,246030028.85
"300","黑牡丹(集团)股份有限公司",2012-09-30 00:00:00,362798343.7
"301","黑牡丹(集团)股份有限公司",2012-12-31 00:00:00,389038896.25
"302","黑牡丹(集团)股份有限公司",2013-03-31 00:00:00,NA
"303","黑牡丹(集团)股份有限公司",2013-06-30 00:00:00,113482852.1
"304","黑牡丹(集团)股份有限公司",2013-09-30 00:00:00,413397830.22
"305","黑牡丹(集团)股份有限公司",2013-12-31 00:00:00,428391364.01
"306","黑牡丹(集团)股份有限公司",2014-03-31 00:00:00,148649209.99
"307","黑牡丹(集团)股份有限公司",2014-06-30 00:00:00,251557623.48
"308","黑牡丹(集团)股份有限公司",2014-09-30 00:00:00,286823070.95
"309","黑牡丹(集团)股份有限公司",2014-12-31 00:00:00,319075935.08
"310","黑牡丹(集团)股份有限公司",2015-03-31 00:00:00,70423804.85
"311","黑牡丹(集团)股份有限公司",2015-06-30 00:00:00,143735925.8
"312","黑牡丹(集团)股份有限公司",2015-09-30 00:00:00,174491035.73
"313","黑牡丹(集团)股份有限公司",2015-12-31 00:00:00,281673548.48
"314","黑牡丹(集团)股份有限公司",2016-03-31 00:00:00,64710310.84
"315","黑牡丹(集团)股份有限公司",2016-06-30 00:00:00,213717254.83
"316","黑牡丹(集团)股份有限公司",2016-09-30 00:00:00,325721242.74
"317","黑牡丹(集团)股份有限公司",2016-12-31 00:00:00,453526643.6
"318","黑牡丹(集团)股份有限公司",2017-03-31 00:00:00,90794182.42
"319","旷达科技集团股份有限公司",2010-06-30 00:00:00,54838494.35
"320","旷达科技集团股份有限公司",2010-09-30 00:00:00,87197097.38
"321","旷达科技集团股份有限公司",2010-12-31 00:00:00,113705377.04
"322","旷达科技集团股份有限公司",2011-03-31 00:00:00,34533385.22
"323","旷达科技集团股份有限公司",2011-06-30 00:00:00,65244245.76
"324","旷达科技集团股份有限公司",2011-09-30 00:00:00,90065329.68
"325","旷达科技集团股份有限公司",2011-12-31 00:00:00,123798686.12
"326","旷达科技集团股份有限公司",2012-03-31 00:00:00,26183359.07
"327","旷达科技集团股份有限公司",2012-06-30 00:00:00,64722148.67
"328","旷达科技集团股份有限公司",2012-09-30 00:00:00,105536923.53
"329","旷达科技集团股份有限公司",2012-12-31 00:00:00,134086271.36
"330","旷达科技集团股份有限公司",2013-03-31 00:00:00,29649510.6
"331","旷达科技集团股份有限公司",2013-06-30 00:00:00,68895991.46
"332","旷达科技集团股份有限公司",2013-09-30 00:00:00,116805253.71
"333","旷达科技集团股份有限公司",2013-12-31 00:00:00,148936886.33
"334","旷达科技集团股份有限公司",2014-03-31 00:00:00,32122254.16
"335","旷达科技集团股份有限公司",2014-06-30 00:00:00,87328580.47
"336","旷达科技集团股份有限公司",2014-09-30 00:00:00,132585955.15
"337","旷达科技集团股份有限公司",2014-12-31 00:00:00,171027829.93
"338","旷达科技集团股份有限公司",2015-03-31 00:00:00,37905647.54
"339","旷达科技集团股份有限公司",2015-06-30 00:00:00,129278500.96
"340","旷达科技集团股份有限公司",2015-09-30 00:00:00,199242430.06
"341","旷达科技集团股份有限公司",2015-12-31 00:00:00,252544116.05
"342","旷达科技集团股份有限公司",2016-03-31 00:00:00,47911048.08
"343","旷达科技集团股份有限公司",2016-06-30 00:00:00,131307134.4
"344","旷达科技集团股份有限公司",2016-09-30 00:00:00,249327545.54
"345","旷达科技集团股份有限公司",2016-12-31 00:00:00,299716691.42
"346","旷达科技集团股份有限公司",2017-03-31 00:00:00,70997997.15
"347","江苏鹿港文化股份有限公司",2010-03-31 08:00:00,0
"348","江苏鹿港文化股份有限公司",2010-06-30 08:00:00,53597578
"349","江苏鹿港文化股份有限公司",2010-09-30 08:00:00,74307768.12
"350","江苏鹿港文化股份有限公司",2010-12-31 08:00:00,93836063.43
"351","江苏鹿港文化股份有限公司",2011-03-31 08:00:00,27528412.18
"352","江苏鹿港文化股份有限公司",2011-06-30 08:00:00,72054471.59
"353","江苏鹿港文化股份有限公司",2011-09-30 08:00:00,96421106.39
"354","江苏鹿港文化股份有限公司",2011-12-31 08:00:00,102977720.56
"355","江苏鹿港文化股份有限公司",2012-03-31 08:00:00,5562385.09
"356","江苏鹿港文化股份有限公司",2012-06-30 08:00:00,21937875.83
"357","江苏鹿港文化股份有限公司",2012-09-30 08:00:00,23406434.89
"358","江苏鹿港文化股份有限公司",2012-12-31 08:00:00,10809877.47
"359","江苏鹿港文化股份有限公司",2013-03-31 08:00:00,919181.45
"360","江苏鹿港文化股份有限公司",2013-06-30 08:00:00,28152266.07
"361","江苏鹿港文化股份有限公司",2013-09-30 08:00:00,23267165.78
"362","江苏鹿港文化股份有限公司",2013-12-31 08:00:00,15049338.95
"363","江苏鹿港文化股份有限公司",2014-03-31 08:00:00,5159508.17
"364","江苏鹿港文化股份有限公司",2014-06-30 08:00:00,36206058.83
"365","江苏鹿港文化股份有限公司",2014-09-30 08:00:00,46824341.53
"366","江苏鹿港文化股份有限公司",2014-12-31 08:00:00,65683248.25
"367","江苏鹿港文化股份有限公司",2015-03-31 08:00:00,6770604.9
"368","江苏鹿港文化股份有限公司",2015-06-30 08:00:00,67191992.95
"369","江苏鹿港文化股份有限公司",2015-09-30 08:00:00,94855926.92
"370","江苏鹿港文化股份有限公司",2015-12-31 08:00:00,130677862.42
"371","江苏鹿港文化股份有限公司",2016-03-31 08:00:00,1964103.13
"372","江苏鹿港文化股份有限公司",2016-06-30 08:00:00,83969276.16
"373","江苏鹿港文化股份有限公司",2016-09-30 08:00:00,116497404.15
"374","江苏鹿港文化股份有限公司",2016-12-31 08:00:00,217006929.59
"375","江苏鹿港文化股份有限公司",2017-03-31 00:00:00,3901344.34
"376","圣欧芳纶(江苏)股份有限公司",2012-12-31 00:00:00,29857213.75
"377","圣欧芳纶(江苏)股份有限公司",2013-12-31 00:00:00,31115387.09
"378","圣欧芳纶(江苏)股份有限公司",2014-09-30 00:00:00,22944367.67
"379","江苏联发纺织股份有限公司",2010-03-31 00:00:00,37863774.78
"380","江苏联发纺织股份有限公司",2010-06-30 00:00:00,86468633.27
"381","江苏联发纺织股份有限公司",2010-09-30 00:00:00,139604499.59
"382","江苏联发纺织股份有限公司",2010-12-31 00:00:00,223970247.51
"383","江苏联发纺织股份有限公司",2011-03-31 00:00:00,45781562.57
"384","江苏联发纺织股份有限公司",2011-06-30 00:00:00,116397652.24
"385","江苏联发纺织股份有限公司",2011-09-30 00:00:00,197351298.43
"386","江苏联发纺织股份有限公司",2011-12-31 00:00:00,306549857.26
"387","江苏联发纺织股份有限公司",2012-03-31 00:00:00,35349895.36
"388","江苏联发纺织股份有限公司",2012-06-30 00:00:00,87968531.94
"389","江苏联发纺织股份有限公司",2012-09-30 00:00:00,144751646.04
"390","江苏联发纺织股份有限公司",2012-12-31 00:00:00,239645974.74
"391","江苏联发纺织股份有限公司",2013-03-31 00:00:00,45282704.53
"392","江苏联发纺织股份有限公司",2013-06-30 00:00:00,109089120.57
"393","江苏联发纺织股份有限公司",2013-09-30 00:00:00,179701031.82
"394","江苏联发纺织股份有限公司",2013-12-31 00:00:00,290822650.64
"395","江苏联发纺织股份有限公司",2014-03-31 00:00:00,45628288.67
"396","江苏联发纺织股份有限公司",2014-06-30 00:00:00,117068077.66
"397","江苏联发纺织股份有限公司",2014-09-30 00:00:00,180039646.11
"398","江苏联发纺织股份有限公司",2014-12-31 00:00:00,315089033.95
"399","江苏联发纺织股份有限公司",2015-03-31 00:00:00,46094512.89
"400","江苏联发纺织股份有限公司",2015-06-30 00:00:00,119192710.7
"401","江苏联发纺织股份有限公司",2015-09-30 00:00:00,179762322.02
"402","江苏联发纺织股份有限公司",2015-12-31 00:00:00,293953273.83
"403","江苏联发纺织股份有限公司",2016-03-31 00:00:00,55478408.61
"404","江苏联发纺织股份有限公司",2016-06-30 00:00:00,142370108.88
"405","江苏联发纺织股份有限公司",2016-09-30 00:00:00,228415935.06
"406","江苏联发纺织股份有限公司",2016-12-31 00:00:00,383573390.73
"407","江苏联发纺织股份有限公司",2017-03-31 00:00:00,57517427.2
"408","江苏大宏纺织集团股份有限公司",2010-12-31 00:00:00,55534081.78
"409","江苏大宏纺织集团股份有限公司",2011-12-31 00:00:00,66154628.79
"410","江苏大宏纺织集团股份有限公司",2012-09-30 00:00:00,70067783
"411","浙江嘉欣丝绸股份有限公司",2010-03-31 00:00:00,13677471.88
"412","浙江嘉欣丝绸股份有限公司",2010-06-30 00:00:00,41949265.96
"413","浙江嘉欣丝绸股份有限公司",2010-09-30 00:00:00,67222022.18
"414","浙江嘉欣丝绸股份有限公司",2010-12-31 00:00:00,95056850.92
"415","浙江嘉欣丝绸股份有限公司",2011-03-31 00:00:00,15041776.24
"416","浙江嘉欣丝绸股份有限公司",2011-06-30 00:00:00,50302794.8
"417","浙江嘉欣丝绸股份有限公司",2011-09-30 00:00:00,76423018.96
"418","浙江嘉欣丝绸股份有限公司",2011-12-31 00:00:00,106645493.39
"419","浙江嘉欣丝绸股份有限公司",2012-03-31 00:00:00,15790058.72
"420","浙江嘉欣丝绸股份有限公司",2012-06-30 00:00:00,49045670.56
"421","浙江嘉欣丝绸股份有限公司",2012-09-30 00:00:00,76205679.34
"422","浙江嘉欣丝绸股份有限公司",2012-12-31 00:00:00,102035159.4
"423","浙江嘉欣丝绸股份有限公司",2013-03-31 00:00:00,11675493.55
"424","浙江嘉欣丝绸股份有限公司",2013-06-30 00:00:00,42723902.98
"425","浙江嘉欣丝绸股份有限公司",2013-09-30 00:00:00,74732081.42
"426","浙江嘉欣丝绸股份有限公司",2013-12-31 00:00:00,87762241.07
"427","浙江嘉欣丝绸股份有限公司",2014-03-31 00:00:00,12215640.32
"428","浙江嘉欣丝绸股份有限公司",2014-06-30 00:00:00,45873868.94
"429","浙江嘉欣丝绸股份有限公司",2014-09-30 00:00:00,80731067.29
"430","浙江嘉欣丝绸股份有限公司",2014-12-31 00:00:00,89492139.13
"431","浙江嘉欣丝绸股份有限公司",2015-03-31 00:00:00,11624536.07
"432","浙江嘉欣丝绸股份有限公司",2015-06-30 00:00:00,39438729.41
"433","浙江嘉欣丝绸股份有限公司",2015-09-30 00:00:00,62292235.86
"434","浙江嘉欣丝绸股份有限公司",2015-12-31 00:00:00,64608679.12
"435","浙江嘉欣丝绸股份有限公司",2016-03-31 00:00:00,17142028.48
"436","浙江嘉欣丝绸股份有限公司",2016-06-30 00:00:00,43503405.1
"437","浙江嘉欣丝绸股份有限公司",2016-09-30 00:00:00,70333324.29
"438","浙江嘉欣丝绸股份有限公司",2016-12-31 00:00:00,105822309.25
"439","浙江嘉欣丝绸股份有限公司",2017-03-31 00:00:00,22030541.34
"440","宏达高科控股股份有限公司",2010-03-31 00:00:00,5814785.99
"441","宏达高科控股股份有限公司",2010-06-30 00:00:00,16949767.77
"442","宏达高科控股股份有限公司",2010-09-30 00:00:00,27456717.67
"443","宏达高科控股股份有限公司",2010-12-31 00:00:00,40269821.14
"444","宏达高科控股股份有限公司",2011-03-31 00:00:00,13992317.17
"445","宏达高科控股股份有限公司",2011-06-30 00:00:00,31624569.48
"446","宏达高科控股股份有限公司",2011-09-30 00:00:00,47879520.96
"447","宏达高科控股股份有限公司",2011-12-31 00:00:00,70485795.22
"448","宏达高科控股股份有限公司",2012-03-31 00:00:00,18722530.33
"449","宏达高科控股股份有限公司",2012-06-30 00:00:00,51916765.7
"450","宏达高科控股股份有限公司",2012-09-30 00:00:00,77653201.69
"451","宏达高科控股股份有限公司",2012-12-31 00:00:00,115092511.47
"452","宏达高科控股股份有限公司",2013-03-31 00:00:00,19910171.54
"453","宏达高科控股股份有限公司",2013-06-30 00:00:00,47796394.31
"454","宏达高科控股股份有限公司",2013-09-30 00:00:00,65682797.15
"455","宏达高科控股股份有限公司",2013-12-31 00:00:00,81213304.26
"456","宏达高科控股股份有限公司",2014-03-31 00:00:00,17983817.68
"457","宏达高科控股股份有限公司",2014-06-30 00:00:00,74699469.65
"458","宏达高科控股股份有限公司",2014-09-30 00:00:00,95000145.83
"459","宏达高科控股股份有限公司",2014-12-31 00:00:00,117424943.87
"460","宏达高科控股股份有限公司",2015-03-31 00:00:00,111283151.66
"461","宏达高科控股股份有限公司",2015-06-30 00:00:00,118553915.85
"462","宏达高科控股股份有限公司",2015-09-30 00:00:00,133121232.85
"463","宏达高科控股股份有限公司",2015-12-31 00:00:00,124761171.03
"464","宏达高科控股股份有限公司",2016-03-31 00:00:00,13772745.3
"465","宏达高科控股股份有限公司",2016-06-30 00:00:00,54636809.59
"466","宏达高科控股股份有限公司",2016-09-30 00:00:00,76288441.11
"467","宏达高科控股股份有限公司",2016-12-31 00:00:00,100444547.82
"468","宏达高科控股股份有限公司",2017-03-31 00:00:00,20371378.52
"469","浙江新澳纺织股份有限公司",2011-12-31 00:00:00,101154503.22
"470","浙江新澳纺织股份有限公司",2012-12-31 00:00:00,80398103.35
"471","浙江新澳纺织股份有限公司",2013-12-31 00:00:00,101233907
"472","浙江新澳纺织股份有限公司",2014-06-30 00:00:00,64037630.25
"473","浙江新澳纺织股份有限公司",2014-09-30 00:00:00,91535280.1
"474","浙江新澳纺织股份有限公司",2014-12-31 00:00:00,118846649.35
"475","浙江新澳纺织股份有限公司",2015-03-31 00:00:00,27114695.8
"476","浙江新澳纺织股份有限公司",2015-06-30 00:00:00,84600193.29
"477","浙江新澳纺织股份有限公司",2015-09-30 00:00:00,117184660.84
"478","浙江新澳纺织股份有限公司",2015-12-31 00:00:00,137578056.42
"479","浙江新澳纺织股份有限公司",2016-03-31 00:00:00,32732364.69
"480","浙江新澳纺织股份有限公司",2016-06-30 00:00:00,101729687.81
"481","浙江新澳纺织股份有限公司",2016-09-30 00:00:00,146789635.38
"482","浙江新澳纺织股份有限公司",2016-12-31 00:00:00,164766737.34
"483","浙江新澳纺织股份有限公司",2017-03-31 00:00:00,37334863.51
"484","浙江金鹰股份有限公司",2010-03-31 00:00:00,1122491.08
"485","浙江金鹰股份有限公司",2010-06-30 00:00:00,2615624.96
"486","浙江金鹰股份有限公司",2010-09-30 00:00:00,4458460.33
"487","浙江金鹰股份有限公司",2010-12-31 00:00:00,7617932.89
"488","浙江金鹰股份有限公司",2011-03-31 00:00:00,4020357.78
"489","浙江金鹰股份有限公司",2011-06-30 00:00:00,14796539.94
"490","浙江金鹰股份有限公司",2011-09-30 00:00:00,25129721.8
"491","浙江金鹰股份有限公司",2011-12-31 00:00:00,27977202.37
"492","浙江金鹰股份有限公司",2012-03-31 00:00:00,3078709.88
"493","浙江金鹰股份有限公司",2012-06-30 00:00:00,-11676129
"494","浙江金鹰股份有限公司",2012-09-30 00:00:00,-11554536.84
"495","浙江金鹰股份有限公司",2012-12-31 00:00:00,2014514.45
"496","浙江金鹰股份有限公司",2013-03-31 00:00:00,3310255.77
"497","浙江金鹰股份有限公司",2013-06-30 00:00:00,12343134.06
"498","浙江金鹰股份有限公司",2013-09-30 00:00:00,15332219.72
"499","浙江金鹰股份有限公司",2013-12-31 00:00:00,14520302.93
"500","浙江金鹰股份有限公司",2014-03-31 00:00:00,3532002.05
"501","浙江金鹰股份有限公司",2014-06-30 00:00:00,11362407.57
"502","浙江金鹰股份有限公司",2014-09-30 00:00:00,18334098.27
"503","浙江金鹰股份有限公司",2014-12-31 00:00:00,27220021.51
"504","浙江金鹰股份有限公司",2015-03-31 00:00:00,3778468.76
"505","浙江金鹰股份有限公司",2015-06-30 00:00:00,11316570.54
"506","浙江金鹰股份有限公司",2015-09-30 00:00:00,26092871.99
"507","浙江金鹰股份有限公司",2015-12-31 00:00:00,31648212.84
"508","浙江金鹰股份有限公司",2016-03-31 00:00:00,3987325.81
"509","浙江金鹰股份有限公司",2016-06-30 00:00:00,8415637.06
"510","浙江金鹰股份有限公司",2016-09-30 00:00:00,19371116.42
"511","浙江金鹰股份有限公司",2016-12-31 00:00:00,30215523.79
"512","浙江金鹰股份有限公司",2017-03-31 00:00:00,4345493.78
"513","浙江永利经编股份有限公司",2011-12-31 00:00:00,32014979.77
"514","浙江永利经编股份有限公司",2012-12-31 00:00:00,46331279.53
"515","浙江富润股份有限公司",2010-03-31 00:00:00,8897706.7
"516","浙江富润股份有限公司",2010-06-30 00:00:00,26699483.91
"517","浙江富润股份有限公司",2010-09-30 00:00:00,55147931.77
"518","浙江富润股份有限公司",2010-12-31 00:00:00,86960751.4
"519","浙江富润股份有限公司",2011-03-31 00:00:00,12180404.6
"520","浙江富润股份有限公司",2011-06-30 00:00:00,38058662.79
"521","浙江富润股份有限公司",2011-09-30 00:00:00,59537847.03
"522","浙江富润股份有限公司",2011-12-31 00:00:00,69272580.79
"523","浙江富润股份有限公司",2012-03-31 00:00:00,8591507.28
"524","浙江富润股份有限公司",2012-06-30 00:00:00,48610650.02
"525","浙江富润股份有限公司",2012-09-30 00:00:00,65674626.19
"526","浙江富润股份有限公司",2012-12-31 00:00:00,183548277.61
"527","浙江富润股份有限公司",2013-03-31 00:00:00,19333674.81
"528","浙江富润股份有限公司",2013-06-30 00:00:00,53518359.02
"529","浙江富润股份有限公司",2013-09-30 00:00:00,75405374.79
"530","浙江富润股份有限公司",2013-12-31 00:00:00,189378686.95
"531","浙江富润股份有限公司",2014-03-31 00:00:00,7577479.94
"532","浙江富润股份有限公司",2014-06-30 00:00:00,20498702.83
"533","浙江富润股份有限公司",2014-09-30 00:00:00,27909750.78
"534","浙江富润股份有限公司",2014-12-31 00:00:00,-42692945.36
"535","浙江富润股份有限公司",2015-03-31 00:00:00,5241012.42
"536","浙江富润股份有限公司",2015-06-30 00:00:00,1506803.53
"537","浙江富润股份有限公司",2015-09-30 00:00:00,-5979921.45
"538","浙江富润股份有限公司",2015-12-31 00:00:00,20654072.79
"539","浙江富润股份有限公司",2016-03-31 00:00:00,8484597.63
"540","浙江富润股份有限公司",2016-06-30 00:00:00,21835935.3
"541","浙江富润股份有限公司",2016-09-30 00:00:00,27838019.25
"542","浙江富润股份有限公司",2016-12-31 00:00:00,135883566.72
"543","浙江富润股份有限公司",2017-03-31 00:00:00,62417870.34
"544","浙江美欣达印染集团股份有限公司",2010-03-31 00:00:00,-2525446.76
"545","浙江美欣达印染集团股份有限公司",2010-06-30 00:00:00,3015415.7
"546","浙江美欣达印染集团股份有限公司",2010-09-30 00:00:00,5939940.22
"547","浙江美欣达印染集团股份有限公司",2010-12-31 00:00:00,16871099.32
"548","浙江美欣达印染集团股份有限公司",2011-03-31 00:00:00,131828933.09
"549","浙江美欣达印染集团股份有限公司",2011-06-30 00:00:00,131256940.94
"550","浙江美欣达印染集团股份有限公司",2011-09-30 00:00:00,138830990.91
"551","浙江美欣达印染集团股份有限公司",2011-12-31 00:00:00,141377362.38
"552","浙江美欣达印染集团股份有限公司",2012-03-31 00:00:00,-6444254.42
"553","浙江美欣达印染集团股份有限公司",2012-06-30 00:00:00,4620530.52
"554","浙江美欣达印染集团股份有限公司",2012-09-30 00:00:00,4009445.47
"555","浙江美欣达印染集团股份有限公司",2012-12-31 00:00:00,18013434.97
"556","浙江美欣达印染集团股份有限公司",2013-03-31 00:00:00,-4018637.24
"557","浙江美欣达印染集团股份有限公司",2013-06-30 00:00:00,5383544.31
"558","浙江美欣达印染集团股份有限公司",2013-09-30 00:00:00,16661237.94
"559","浙江美欣达印染集团股份有限公司",2013-12-31 00:00:00,30701104.73
"560","浙江美欣达印染集团股份有限公司",2014-03-31 00:00:00,688837.17
"561","浙江美欣达印染集团股份有限公司",2014-06-30 00:00:00,2155757.56
"562","浙江美欣达印染集团股份有限公司",2014-09-30 00:00:00,-3288921.92
"563","浙江美欣达印染集团股份有限公司",2014-12-31 00:00:00,-45478761.66
"564","浙江美欣达印染集团股份有限公司",2015-03-31 00:00:00,-3618023.86
"565","浙江美欣达印染集团股份有限公司",2015-06-30 00:00:00,7480035.47
"566","浙江美欣达印染集团股份有限公司",2015-09-30 00:00:00,20877044.71
"567","浙江美欣达印染集团股份有限公司",2015-12-31 00:00:00,41364009.63
"568","浙江美欣达印染集团股份有限公司",2016-03-31 00:00:00,51834.99
"569","浙江美欣达印染集团股份有限公司",2016-06-30 00:00:00,7973218.17
"570","浙江美欣达印染集团股份有限公司",2016-09-30 00:00:00,17852156.55
"571","浙江美欣达印染集团股份有限公司",2016-12-31 00:00:00,22948807.3
"572","浙江美欣达印染集团股份有限公司",2017-03-31 00:00:00,3649207.29
"573","浙江航民股份有限公司",2010-03-31 00:00:00,38044389.96
"574","浙江航民股份有限公司",2010-06-30 00:00:00,119189130.85
"575","浙江航民股份有限公司",2010-09-30 00:00:00,182738595.32
"576","浙江航民股份有限公司",2010-12-31 00:00:00,272418934.67
"577","浙江航民股份有限公司",2011-03-31 00:00:00,41151411.86
"578","浙江航民股份有限公司",2011-06-30 00:00:00,125352915.6
"579","浙江航民股份有限公司",2011-09-30 00:00:00,197491862.16
"580","浙江航民股份有限公司",2011-12-31 00:00:00,299895662.51
"581","浙江航民股份有限公司",2012-03-31 00:00:00,47351225.26
"582","浙江航民股份有限公司",2012-06-30 00:00:00,130382249.72
"583","浙江航民股份有限公司",2012-09-30 00:00:00,213406154.45
"584","浙江航民股份有限公司",2012-12-31 00:00:00,318977437.87
"585","浙江航民股份有限公司",2013-03-31 00:00:00,58193086.23
"586","浙江航民股份有限公司",2013-06-30 00:00:00,164875768.98
"587","浙江航民股份有限公司",2013-09-30 00:00:00,262822939.34
"588","浙江航民股份有限公司",2013-12-31 00:00:00,474154687.65
"589","浙江航民股份有限公司",2014-03-31 00:00:00,74164990.44
"590","浙江航民股份有限公司",2014-06-30 00:00:00,208696703.49
"591","浙江航民股份有限公司",2014-09-30 00:00:00,325705613.11
"592","浙江航民股份有限公司",2014-12-31 00:00:00,518399670.63
"593","浙江航民股份有限公司",2015-03-31 00:00:00,92305725.26
"594","浙江航民股份有限公司",2015-06-30 00:00:00,251307231.14
"595","浙江航民股份有限公司",2015-09-30 00:00:00,398656781.76
"596","浙江航民股份有限公司",2015-12-31 00:00:00,563463193.11
"597","浙江航民股份有限公司",2016-03-31 00:00:00,108017912.51
"598","浙江航民股份有限公司",2016-06-30 00:00:00,278497669.25
"599","浙江航民股份有限公司",2016-09-30 00:00:00,415224550.11
"600","浙江航民股份有限公司",2016-12-31 00:00:00,633388245.23
"601","浙江航民股份有限公司",2017-03-31 00:00:00,110880171.57
"602","浙江伟星实业发展股份有限公司",2010-03-31 00:00:00,13917849
"603","浙江伟星实业发展股份有限公司",2010-06-30 00:00:00,99396032.72
"604","浙江伟星实业发展股份有限公司",2010-09-30 00:00:00,183958566.25
"605","浙江伟星实业发展股份有限公司",2010-12-31 00:00:00,261575682.67
"606","浙江伟星实业发展股份有限公司",2011-03-31 00:00:00,7236891.51
"607","浙江伟星实业发展股份有限公司",2011-06-30 00:00:00,104133061.04
"608","浙江伟星实业发展股份有限公司",2011-09-30 00:00:00,185286272.18
"609","浙江伟星实业发展股份有限公司",2011-12-31 00:00:00,200488526.4
"610","浙江伟星实业发展股份有限公司",2012-03-31 00:00:00,-6313974.36
"611","浙江伟星实业发展股份有限公司",2012-06-30 00:00:00,84485029.86
"612","浙江伟星实业发展股份有限公司",2012-09-30 00:00:00,154152523.04
"613","浙江伟星实业发展股份有限公司",2012-12-31 00:00:00,172398406.96
"614","浙江伟星实业发展股份有限公司",2013-03-31 00:00:00,-6189028.97
"615","浙江伟星实业发展股份有限公司",2013-06-30 00:00:00,92323143.07
"616","浙江伟星实业发展股份有限公司",2013-09-30 00:00:00,169190287.13
"617","浙江伟星实业发展股份有限公司",2013-12-31 00:00:00,211595266.49
"618","浙江伟星实业发展股份有限公司",2014-03-31 00:00:00,9228274.13
"619","浙江伟星实业发展股份有限公司",2014-06-30 00:00:00,104798126.51
"620","浙江伟星实业发展股份有限公司",2014-09-30 00:00:00,193748915.43
"621","浙江伟星实业发展股份有限公司",2014-12-31 00:00:00,234379900.73
"622","浙江伟星实业发展股份有限公司",2015-03-31 00:00:00,6157265.06
"623","浙江伟星实业发展股份有限公司",2015-06-30 00:00:00,114284306.17
"624","浙江伟星实业发展股份有限公司",2015-09-30 00:00:00,201834074.07
"625","浙江伟星实业发展股份有限公司",2015-12-31 00:00:00,248443478.72
"626","浙江伟星实业发展股份有限公司",2016-03-31 00:00:00,7840550.85
"627","浙江伟星实业发展股份有限公司",2016-06-30 00:00:00,136746955.6
"628","浙江伟星实业发展股份有限公司",2016-09-30 00:00:00,239968315.53
"629","浙江伟星实业发展股份有限公司",2016-12-31 00:00:00,313511802.78
"630","浙江伟星实业发展股份有限公司",2017-03-31 00:00:00,9210987.82
"631","富丽达集团控股有限公司",2010-09-30 00:00:00,301553327.42
"632","富丽达集团控股有限公司",2010-12-31 00:00:00,594398224.46
"633","富丽达集团控股有限公司",2011-03-31 00:00:00,NA
"634","富丽达集团控股有限公司",2011-06-30 00:00:00,NA
"635","富丽达集团控股有限公司",2011-09-30 00:00:00,NA
"636","杭州诺邦无纺股份有限公司",2012-12-31 00:00:00,34414643.06
"637","杭州诺邦无纺股份有限公司",2013-12-31 00:00:00,39472785.78
"638","杭州诺邦无纺股份有限公司",2014-12-31 00:00:00,57900604.17
"639","杭州诺邦无纺股份有限公司",2015-12-31 00:00:00,73995545.52
"640","杭州诺邦无纺股份有限公司",2016-06-30 00:00:00,29328355.9
"641","杭州诺邦无纺股份有限公司",2016-09-30 00:00:00,46069800
"642","杭州诺邦无纺股份有限公司",2016-12-31 00:00:00,59418680.01
"643","杭州诺邦无纺股份有限公司",2017-03-31 00:00:00,8002971.68
"644","浙江航民实业集团有限公司",2012-12-31 00:00:00,313462887.58
"645","浙江航民实业集团有限公司",2013-12-31 00:00:00,534191532.59
"646","浙江航民实业集团有限公司",2014-12-31 00:00:00,530029762.62
"647","浙江航民实业集团有限公司",2015-09-30 00:00:00,396370035.67
"648","浙江航民实业集团有限公司",2015-12-31 00:00:00,577092074.44
"649","浙江航民实业集团有限公司",2016-06-30 00:00:00,282190681.15
"650","浙江航民实业集团有限公司",2016-12-31 00:00:00,619031881.83
"651","宁波维科精华集团股份有限公司",2010-03-31 00:00:00,-15169873.26
"652","宁波维科精华集团股份有限公司",2010-06-30 00:00:00,-29519621.26
"653","宁波维科精华集团股份有限公司",2010-09-30 00:00:00,-3690666.41
"654","宁波维科精华集团股份有限公司",2010-12-31 00:00:00,84532921.19
"655","宁波维科精华集团股份有限公司",2011-03-31 00:00:00,253226321.71
"656","宁波维科精华集团股份有限公司",2011-06-30 00:00:00,273204696.46
"657","宁波维科精华集团股份有限公司",2011-09-30 00:00:00,249965198.88
"658","宁波维科精华集团股份有限公司",2011-12-31 00:00:00,226380881.07
"659","宁波维科精华集团股份有限公司",2012-03-31 00:00:00,-18484706.27
"660","宁波维科精华集团股份有限公司",2012-06-30 00:00:00,-32606713.62
"661","宁波维科精华集团股份有限公司",2012-09-30 00:00:00,-63614773.25
"662","宁波维科精华集团股份有限公司",2012-12-31 00:00:00,-133736308.49
"663","宁波维科精华集团股份有限公司",2013-03-31 00:00:00,-26962740.65
"664","宁波维科精华集团股份有限公司",2013-06-30 00:00:00,-21990766.91
"665","宁波维科精华集团股份有限公司",2013-09-30 00:00:00,-56441572.82
"666","宁波维科精华集团股份有限公司",2013-12-31 00:00:00,12707365.13
"667","宁波维科精华集团股份有限公司",2014-03-31 00:00:00,-31157161.03
"668","宁波维科精华集团股份有限公司",2014-06-30 00:00:00,-74877109.78
"669","宁波维科精华集团股份有限公司",2014-09-30 00:00:00,-97179579.6
"670","宁波维科精华集团股份有限公司",2014-12-31 00:00:00,-259326108.01
"671","宁波维科精华集团股份有限公司",2015-03-31 00:00:00,-21151029.51
"672","宁波维科精华集团股份有限公司",2015-06-30 00:00:00,14255037.17
"673","宁波维科精华集团股份有限公司",2015-09-30 00:00:00,12902218.4
"674","宁波维科精华集团股份有限公司",2015-12-31 00:00:00,36200709.25
"675","宁波维科精华集团股份有限公司",2016-03-31 00:00:00,-13871429.21
"676","宁波维科精华集团股份有限公司",2016-06-30 00:00:00,-53859876.48
"677","宁波维科精华集团股份有限公司",2016-09-30 00:00:00,-82141797.16
"678","宁波维科精华集团股份有限公司",2016-12-31 00:00:00,-68901822.31
"679","宁波维科精华集团股份有限公司",2017-03-31 00:00:00,-14935725.63
"680","百隆东方股份有限公司",2010-12-31 00:00:00,947794705.12
"681","百隆东方股份有限公司",2011-06-30 00:00:00,733635600
"682","百隆东方股份有限公司",2011-12-31 00:00:00,951484717.18
"683","百隆东方股份有限公司",2012-06-30 00:00:00,205085746.8
"684","百隆东方股份有限公司",2012-09-30 00:00:00,211050393.37
"685","百隆东方股份有限公司",2012-12-31 00:00:00,251299388.06
"686","百隆东方股份有限公司",2013-03-31 00:00:00,98636308.2
"687","百隆东方股份有限公司",2013-06-30 00:00:00,313587926.3
"688","百隆东方股份有限公司",2013-09-30 00:00:00,443602320.39
"689","百隆东方股份有限公司",2013-12-31 00:00:00,507638829.2
"690","百隆东方股份有限公司",2014-03-31 00:00:00,104612383.51
"691","百隆东方股份有限公司",2014-06-30 00:00:00,240839262.84
"692","百隆东方股份有限公司",2014-09-30 00:00:00,398736052.09
"693","百隆东方股份有限公司",2014-12-31 00:00:00,473514469.88
"694","百隆东方股份有限公司",2015-03-31 00:00:00,120367507.68
"695","百隆东方股份有限公司",2015-06-30 00:00:00,267327790.31
"696","百隆东方股份有限公司",2015-09-30 00:00:00,275190787.78
"697","百隆东方股份有限公司",2015-12-31 00:00:00,324045488.66
"698","百隆东方股份有限公司",2016-03-31 00:00:00,99394432.99
"699","百隆东方股份有限公司",2016-06-30 00:00:00,300343130.89
"700","百隆东方股份有限公司",2016-09-30 00:00:00,397849393.7
"701","百隆东方股份有限公司",2016-12-31 00:00:00,604975710.81
"702","百隆东方股份有限公司",2017-03-31 00:00:00,113627377.44
"703","浙江新澳实业有限公司",2010-12-31 00:00:00,89753348.58
"704","浙江新澳实业有限公司",2011-12-31 00:00:00,90536532.6
"705","浙江新澳实业有限公司",2012-12-31 00:00:00,85874720.86
"706","浙江新澳实业有限公司",2013-09-30 00:00:00,191679337.81
"707","浙江新澳实业有限公司",2013-12-31 00:00:00,296369857.66
"708","浙江新澳实业有限公司",2014-03-31 00:00:00,28626987.12
"709","浙江新澳实业有限公司",2014-06-30 00:00:00,60492705.22
"710","浙江新澳实业有限公司",2014-09-30 00:00:00,67737851.48
"711","浙江新澳实业有限公司",2014-12-31 00:00:00,81794886.42
"712","浙江新澳实业有限公司",2015-03-31 00:00:00,15037446.82
"713","浙江新澳实业有限公司",2015-06-30 00:00:00,66906432.86
"714","浙江新澳实业有限公司",2015-09-30 00:00:00,87705379.34
"715","浙江新澳实业有限公司",2015-12-31 00:00:00,109814840.6
"716","浙江新澳实业有限公司",2016-03-31 00:00:00,23953111.61
"717","浙江新澳实业有限公司",2016-06-30 00:00:00,84553479.36
"718","浙江新澳实业有限公司",2016-09-30 00:00:00,149890677.97
"719","浙江新澳实业有限公司",2016-12-31 00:00:00,224091894.55
"720","浙江新澳实业有限公司",2017-03-31 00:00:00,29967113.79
"721","湖州厉华妤婕联合纺织有限公司",2012-12-31 00:00:00,23109664.04
"722","湖州厉华妤婕联合纺织有限公司",2013-12-31 00:00:00,32362033.58
"723","湖州厉华妤婕联合纺织有限公司",2014-03-31 00:00:00,7798646.79
"724","湖州珍贝羊绒制品有限公司",2010-12-31 00:00:00,54551089.29
"725","湖州珍贝羊绒制品有限公司",2011-12-31 00:00:00,56481496.77
"726","湖州珍贝羊绒制品有限公司",2012-09-30 00:00:00,23655391.23
"727","浙江大港印染有限公司",2011-12-31 00:00:00,8368176.56
"728","浙江大港印染有限公司",2012-12-31 00:00:00,13984280.5
"729","浙江大港印染有限公司",2013-12-31 00:00:00,20083674.11
"730","浙江大港印染有限公司",2014-12-31 00:00:00,5729632.75
"731","浙江大港印染有限公司",2015-06-30 00:00:00,2711414.77
"732","浙江新三印印染有限公司",2010-12-31 00:00:00,10552470.59
"733","浙江新三印印染有限公司",2011-12-31 00:00:00,10322760.1
"734","浙江新三印印染有限公司",2012-06-30 00:00:00,6666951.34
"735","浙江永利实业集团有限公司",2010-12-31 00:00:00,171097544.29
"736","浙江永利实业集团有限公司",2011-12-31 00:00:00,606127215.91
"737","浙江永利实业集团有限公司",2012-12-31 00:00:00,382039188.27
"738","浙江永利实业集团有限公司",2013-12-31 00:00:00,489403764.64
"739","浙江永利实业集团有限公司",2014-06-30 00:00:00,197127840.75
"740","浙江永利实业集团有限公司",2014-12-31 00:00:00,321883582.42
"741","浙江永利实业集团有限公司",2015-06-30 00:00:00,93265802.61
"742","浙江永利实业集团有限公司",2015-09-30 00:00:00,298135660.87
"743","浙江永利实业集团有限公司",2015-12-31 00:00:00,160603039.39
"744","浙江永利实业集团有限公司",2016-06-30 00:00:00,360298442.04
"745","浙江永利实业集团有限公司",2016-12-31 00:00:00,66914650.3
"746","浙江天圣控股集团有限公司",2010-12-31 00:00:00,614563966.51
"747","浙江天圣控股集团有限公司",2011-12-31 00:00:00,622472613.71
"748","浙江天圣控股集团有限公司",2012-06-30 00:00:00,126319100
"749","浙江天圣控股集团有限公司",2012-09-30 00:00:00,170678142.46
"750","浙江天圣控股集团有限公司",2012-12-31 00:00:00,289435906.22
"751","浙江天圣控股集团有限公司",2013-03-31 00:00:00,65998616.4
"752","浙江天圣控股集团有限公司",2013-06-30 00:00:00,182216106.77
"753","浙江天圣控股集团有限公司",2013-09-30 00:00:00,280055504.96
"754","华孚色纺股份有限公司",2010-03-31 00:00:00,75525210.87
"755","华孚色纺股份有限公司",2010-06-30 00:00:00,162513567.91
"756","华孚色纺股份有限公司",2010-09-30 00:00:00,231858131.73
"757","华孚色纺股份有限公司",2010-12-31 00:00:00,375927235.26
"758","华孚色纺股份有限公司",2011-03-31 00:00:00,100040351.55
"759","华孚色纺股份有限公司",2011-06-30 00:00:00,242892611.53
"760","华孚色纺股份有限公司",2011-09-30 00:00:00,319168172.45
"761","华孚色纺股份有限公司",2011-12-31 00:00:00,395529284.98
"762","华孚色纺股份有限公司",2012-03-31 00:00:00,30776934.22
"763","华孚色纺股份有限公司",2012-06-30 00:00:00,62209470.67
"764","华孚色纺股份有限公司",2012-09-30 00:00:00,85856456.85
"765","华孚色纺股份有限公司",2012-12-31 00:00:00,91647351.11
"766","华孚色纺股份有限公司",2013-03-31 00:00:00,40188545.2
"767","华孚色纺股份有限公司",2013-06-30 00:00:00,105557449.53
"768","华孚色纺股份有限公司",2013-09-30 00:00:00,152211614.17
"769","华孚色纺股份有限公司",2013-12-31 00:00:00,188558438.93
"770","华孚色纺股份有限公司",2014-03-31 00:00:00,51963505.17
"771","华孚色纺股份有限公司",2014-06-30 00:00:00,140068532.96
"772","华孚色纺股份有限公司",2014-09-30 00:00:00,193820480.47
"773","华孚色纺股份有限公司",2014-12-31 00:00:00,167121164.56
"774","华孚色纺股份有限公司",2015-03-31 00:00:00,83473545.45
"775","华孚色纺股份有限公司",2015-06-30 00:00:00,225706922.95
"776","华孚色纺股份有限公司",2015-09-30 00:00:00,290217878.46
"777","华孚色纺股份有限公司",2015-12-31 00:00:00,339375541.43
"778","华孚色纺股份有限公司",2016-03-31 00:00:00,103297166.73
"779","华孚色纺股份有限公司",2016-06-30 00:00:00,310415341.48
"780","华孚色纺股份有限公司",2016-09-30 00:00:00,417887064.87
"781","华孚色纺股份有限公司",2016-12-31 00:00:00,512533790.46
"782","华孚色纺股份有限公司",2017-03-31 00:00:00,175985781.57
"783","安徽华茂纺织股份有限公司",2010-03-31 00:00:00,16472381.75
"784","安徽华茂纺织股份有限公司",2010-06-30 00:00:00,63691802.04
"785","安徽华茂纺织股份有限公司",2010-09-30 00:00:00,104102919.82
"786","安徽华茂纺织股份有限公司",2010-12-31 00:00:00,366691247.69
"787","安徽华茂纺织股份有限公司",2011-03-31 00:00:00,252701987.26
"788","安徽华茂纺织股份有限公司",2011-06-30 00:00:00,359482384.62
"789","安徽华茂纺织股份有限公司",2011-09-30 00:00:00,383222571.77
"790","安徽华茂纺织股份有限公司",2011-12-31 00:00:00,296974177.08
"791","安徽华茂纺织股份有限公司",2012-03-31 00:00:00,71690617.97
"792","安徽华茂纺织股份有限公司",2012-06-30 00:00:00,289719048.34
"793","安徽华茂纺织股份有限公司",2012-09-30 00:00:00,258313054.32
"794","安徽华茂纺织股份有限公司",2012-12-31 00:00:00,332322386.16
"795","安徽华茂纺织股份有限公司",2013-03-31 00:00:00,125824647.62
"796","安徽华茂纺织股份有限公司",2013-06-30 00:00:00,169742575
"797","安徽华茂纺织股份有限公司",2013-09-30 00:00:00,169970868.38
"798","安徽华茂纺织股份有限公司",2013-12-31 00:00:00,175622631.89
"799","安徽华茂纺织股份有限公司",2014-03-31 00:00:00,17553728.03
"800","安徽华茂纺织股份有限公司",2014-06-30 00:00:00,21855560.94
"801","安徽华茂纺织股份有限公司",2014-09-30 00:00:00,15125992.42
"802","安徽华茂纺织股份有限公司",2014-12-31 00:00:00,356963038.35
"803","安徽华茂纺织股份有限公司",2015-03-31 00:00:00,75183039.76
"804","安徽华茂纺织股份有限公司",2015-06-30 00:00:00,124003253.49
"805","安徽华茂纺织股份有限公司",2015-09-30 00:00:00,99875759.24
"806","安徽华茂纺织股份有限公司",2015-12-31 00:00:00,44852167
"807","安徽华茂纺织股份有限公司",2016-03-31 00:00:00,8315716.48
"808","安徽华茂纺织股份有限公司",2016-06-30 00:00:00,65300093.76
"809","安徽华茂纺织股份有限公司",2016-09-30 00:00:00,43778358.87
"810","安徽华茂纺织股份有限公司",2016-12-31 00:00:00,64611852.04
"811","安徽华茂纺织股份有限公司",2017-03-31 00:00:00,6625751.16
"812","安徽开润股份有限公司",2012-12-31 00:00:00,20746842.9
"813","安徽开润股份有限公司",2013-12-31 00:00:00,22785409.15
"814","安徽开润股份有限公司",2014-12-31 00:00:00,42012947.7
"815","安徽开润股份有限公司",2015-12-31 00:00:00,63236303.4
"816","安徽开润股份有限公司",2016-06-30 00:00:00,30616876.37
"817","安徽开润股份有限公司",2016-09-30 00:00:00,62635012.23
"818","安徽开润股份有限公司",2016-12-31 00:00:00,81097284.8
"819","安徽开润股份有限公司",2017-03-31 00:00:00,28261053.36
"820","兴业皮革科技股份有限公司",2010-12-31 00:00:00,106559646.43
"821","兴业皮革科技股份有限公司",2011-06-30 00:00:00,63216905.16
"822","兴业皮革科技股份有限公司",2011-09-30 00:00:00,92726590.08
"823","兴业皮革科技股份有限公司",2011-12-31 00:00:00,122993036.73
"824","兴业皮革科技股份有限公司",2012-03-31 00:00:00,25172524.99
"825","兴业皮革科技股份有限公司",2012-06-30 00:00:00,66960843.28
"826","兴业皮革科技股份有限公司",2012-09-30 00:00:00,108228641.95
"827","兴业皮革科技股份有限公司",2012-12-31 00:00:00,145429012.75
"828","兴业皮革科技股份有限公司",2013-03-31 00:00:00,28016036.17
"829","兴业皮革科技股份有限公司",2013-06-30 00:00:00,83275790.73
"830","兴业皮革科技股份有限公司",2013-09-30 00:00:00,131660195.88
"831","兴业皮革科技股份有限公司",2013-12-31 00:00:00,177476066.65
"832","兴业皮革科技股份有限公司",2014-03-31 00:00:00,28109728.1
"833","兴业皮革科技股份有限公司",2014-06-30 00:00:00,59388877.7
"834","兴业皮革科技股份有限公司",2014-09-30 00:00:00,89615391.78
"835","兴业皮革科技股份有限公司",2014-12-31 00:00:00,119952386.98
"836","兴业皮革科技股份有限公司",2015-03-31 00:00:00,3181567.4
"837","兴业皮革科技股份有限公司",2015-06-30 00:00:00,14201871.68
"838","兴业皮革科技股份有限公司",2015-09-30 00:00:00,358505.12
"839","兴业皮革科技股份有限公司",2015-12-31 00:00:00,13299906
"840","兴业皮革科技股份有限公司",2016-03-31 00:00:00,772272.35
"841","兴业皮革科技股份有限公司",2016-06-30 00:00:00,9605890.56
"842","兴业皮革科技股份有限公司",2016-09-30 00:00:00,32639981.74
"843","兴业皮革科技股份有限公司",2016-12-31 00:00:00,63119198.43
"844","兴业皮革科技股份有限公司",2017-03-31 00:00:00,11292041.78
"845","福建凤竹纺织科技股份有限公司",2010-03-31 00:00:00,3997631.4
"846","福建凤竹纺织科技股份有限公司",2010-06-30 00:00:00,24924023.3
"847","福建凤竹纺织科技股份有限公司",2010-09-30 00:00:00,52236708.29
"848","福建凤竹纺织科技股份有限公司",2010-12-31 00:00:00,93572919.23
"849","福建凤竹纺织科技股份有限公司",2011-03-31 00:00:00,5589467.9
"850","福建凤竹纺织科技股份有限公司",2011-06-30 00:00:00,992731.76
"851","福建凤竹纺织科技股份有限公司",2011-09-30 00:00:00,1429345.01
"852","福建凤竹纺织科技股份有限公司",2011-12-31 00:00:00,-16777808.16
"853","福建凤竹纺织科技股份有限公司",2012-03-31 00:00:00,-25773793.35
"854","福建凤竹纺织科技股份有限公司",2012-06-30 00:00:00,1237740.12
"855","福建凤竹纺织科技股份有限公司",2012-09-30 00:00:00,1430301.4
"856","福建凤竹纺织科技股份有限公司",2012-12-31 00:00:00,12088256.35
"857","福建凤竹纺织科技股份有限公司",2013-03-31 00:00:00,-7699413.09
"858","福建凤竹纺织科技股份有限公司",2013-06-30 00:00:00,1348919.79
"859","福建凤竹纺织科技股份有限公司",2013-09-30 00:00:00,7082948.27
"860","福建凤竹纺织科技股份有限公司",2013-12-31 00:00:00,14004466.62
"861","福建凤竹纺织科技股份有限公司",2014-03-31 00:00:00,-2471195.57
"862","福建凤竹纺织科技股份有限公司",2014-06-30 00:00:00,667478.37
"863","福建凤竹纺织科技股份有限公司",2014-09-30 00:00:00,3191147.08
"864","福建凤竹纺织科技股份有限公司",2014-12-31 00:00:00,10015333.9
"865","福建凤竹纺织科技股份有限公司",2015-03-31 00:00:00,1488584.84
"866","福建凤竹纺织科技股份有限公司",2015-06-30 00:00:00,2788899.71
"867","福建凤竹纺织科技股份有限公司",2015-09-30 00:00:00,5794794.99
"868","福建凤竹纺织科技股份有限公司",2015-12-31 00:00:00,12998039.66
"869","福建凤竹纺织科技股份有限公司",2016-03-31 00:00:00,2871452.4
"870","福建凤竹纺织科技股份有限公司",2016-06-30 00:00:00,5065946.49
"871","福建凤竹纺织科技股份有限公司",2016-09-30 00:00:00,14368437.16
"872","福建凤竹纺织科技股份有限公司",2016-12-31 00:00:00,56420911.94
"873","福建凤竹纺织科技股份有限公司",2017-03-31 00:00:00,4046971.43
"874","福建浔兴拉链科技股份有限公司",2010-03-31 00:00:00,1064672.86
"875","福建浔兴拉链科技股份有限公司",2010-06-30 00:00:00,24120496.06
"876","福建浔兴拉链科技股份有限公司",2010-09-30 00:00:00,44448273.14
"877","福建浔兴拉链科技股份有限公司",2010-12-31 00:00:00,57969231.75
"878","福建浔兴拉链科技股份有限公司",2011-03-31 00:00:00,4125871.1
"879","福建浔兴拉链科技股份有限公司",2011-06-30 00:00:00,45078531.65
"880","福建浔兴拉链科技股份有限公司",2011-09-30 00:00:00,65451964.58
"881","福建浔兴拉链科技股份有限公司",2011-12-31 00:00:00,67660935.86
"882","福建浔兴拉链科技股份有限公司",2012-03-31 00:00:00,-3495164.36
"883","福建浔兴拉链科技股份有限公司",2012-06-30 00:00:00,22498664.69
"884","福建浔兴拉链科技股份有限公司",2012-09-30 00:00:00,30887938.83
"885","福建浔兴拉链科技股份有限公司",2012-12-31 00:00:00,36228106.68
"886","福建浔兴拉链科技股份有限公司",2013-03-31 00:00:00,-3168638.95
"887","福建浔兴拉链科技股份有限公司",2013-06-30 00:00:00,37526698.41
"888","福建浔兴拉链科技股份有限公司",2013-09-30 00:00:00,49276539.44
"889","福建浔兴拉链科技股份有限公司",2013-12-31 00:00:00,60610397.67
"890","福建浔兴拉链科技股份有限公司",2014-03-31 00:00:00,5821885.28
"891","福建浔兴拉链科技股份有限公司",2014-06-30 00:00:00,53033109.9
"892","福建浔兴拉链科技股份有限公司",2014-09-30 00:00:00,66925081.03
"893","福建浔兴拉链科技股份有限公司",2014-12-31 00:00:00,78202504.82
"894","福建浔兴拉链科技股份有限公司",2015-03-31 00:00:00,1098647.46
"895","福建浔兴拉链科技股份有限公司",2015-06-30 00:00:00,45285347.31
"896","福建浔兴拉链科技股份有限公司",2015-09-30 00:00:00,60701620.65
"897","福建浔兴拉链科技股份有限公司",2015-12-31 00:00:00,71968330.7
"898","福建浔兴拉链科技股份有限公司",2016-03-31 00:00:00,5982258.1
"899","福建浔兴拉链科技股份有限公司",2016-06-30 00:00:00,62919295.96
"900","福建浔兴拉链科技股份有限公司",2016-09-30 00:00:00,86359157.57
"901","福建浔兴拉链科技股份有限公司",2016-12-31 00:00:00,118495872.16
"902","福建浔兴拉链科技股份有限公司",2017-03-31 00:00:00,7685520.08
"903","福建省三明纺织股份有限公司",2011-12-31 00:00:00,2271156.07
"904","福建省三明纺织股份有限公司",2012-12-31 00:00:00,10932768.68
"905","福建省三明纺织股份有限公司",2013-06-30 00:00:00,1480051.69
"906","福建省三明纺织股份有限公司",2013-12-31 00:00:00,484696.28
"907","福建省三明纺织股份有限公司",2014-12-31 00:00:00,8065251.7
"908","福建省三明纺织股份有限公司",2015-12-31 00:00:00,-10607136.49
"909","永安旭长实业有限公司",2011-12-31 00:00:00,4890900
"910","永安旭长实业有限公司",2012-12-31 00:00:00,15128700
"911","永安旭长实业有限公司",2013-06-30 00:00:00,7273700
"912","江西华春色纺科技发展有限公司",2013-12-31 00:00:00,NA
"913","江西华春色纺科技发展有限公司",2014-12-31 00:00:00,54953000.34
"914","山东如意毛纺服装集团股份有限公司",2010-03-31 00:00:00,12012026.78
"915","山东如意毛纺服装集团股份有限公司",2010-06-30 00:00:00,24427465.52
"916","山东如意毛纺服装集团股份有限公司",2010-09-30 00:00:00,35458046.79
"917","山东如意毛纺服装集团股份有限公司",2010-12-31 00:00:00,44905617.95
"918","山东如意毛纺服装集团股份有限公司",2011-03-31 00:00:00,15345499.52
"919","山东如意毛纺服装集团股份有限公司",2011-06-30 00:00:00,24984196
"920","山东如意毛纺服装集团股份有限公司",2011-09-30 00:00:00,36314154.15
"921","山东如意毛纺服装集团股份有限公司",2011-12-31 00:00:00,11208906.78
"922","山东如意毛纺服装集团股份有限公司",2012-03-31 00:00:00,8376106.82
"923","山东如意毛纺服装集团股份有限公司",2012-06-30 00:00:00,7824063.92
"924","山东如意毛纺服装集团股份有限公司",2012-09-30 00:00:00,3921195.51
"925","山东如意毛纺服装集团股份有限公司",2012-12-31 00:00:00,2033681.76
"926","山东如意毛纺服装集团股份有限公司",2013-03-31 00:00:00,994945.79
"927","山东如意毛纺服装集团股份有限公司",2013-06-30 00:00:00,1909033.19
"928","山东如意毛纺服装集团股份有限公司",2013-09-30 00:00:00,2408395.17
"929","山东如意毛纺服装集团股份有限公司",2013-12-31 00:00:00,2394560.64
"930","山东如意毛纺服装集团股份有限公司",2014-03-31 00:00:00,601814.29
"931","山东如意毛纺服装集团股份有限公司",2014-06-30 00:00:00,9052043.61
"932","山东如意毛纺服装集团股份有限公司",2014-09-30 00:00:00,13365442.72
"933","山东如意毛纺服装集团股份有限公司",2014-12-31 00:00:00,-1794184.68
"934","山东如意毛纺服装集团股份有限公司",2015-03-31 00:00:00,3792196.03
"935","山东如意毛纺服装集团股份有限公司",2015-06-30 00:00:00,11821999.93
"936","山东如意毛纺服装集团股份有限公司",2015-09-30 00:00:00,15691337.88
"937","山东如意毛纺服装集团股份有限公司",2015-12-31 00:00:00,17118360.96
"938","山东如意毛纺服装集团股份有限公司",2016-03-31 00:00:00,4009297.37
"939","山东如意毛纺服装集团股份有限公司",2016-06-30 00:00:00,13381528.04
"940","山东如意毛纺服装集团股份有限公司",2016-09-30 00:00:00,35083476.35
"941","山东如意毛纺服装集团股份有限公司",2016-12-31 00:00:00,32767864.65
"942","山东如意毛纺服装集团股份有限公司",2017-03-31 00:00:00,4978209.75
"943","华纺股份有限公司",2010-03-31 00:00:00,6556165.66
"944","华纺股份有限公司",2010-06-30 00:00:00,12191439.52
"945","华纺股份有限公司",2010-09-30 00:00:00,19989253.37
"946","华纺股份有限公司",2010-12-31 00:00:00,20210550.51
"947","华纺股份有限公司",2011-03-31 00:00:00,4467575.72
"948","华纺股份有限公司",2011-06-30 00:00:00,8250721.03
"949","华纺股份有限公司",2011-09-30 00:00:00,11341519.84
"950","华纺股份有限公司",2011-12-31 00:00:00,15553080.73
"951","华纺股份有限公司",2012-03-31 00:00:00,3297518.77
"952","华纺股份有限公司",2012-06-30 00:00:00,8619206.93
"953","华纺股份有限公司",2012-09-30 00:00:00,11756781.11
"954","华纺股份有限公司",2012-12-31 00:00:00,7915605.82
"955","华纺股份有限公司",2013-03-31 00:00:00,3986226.89
"956","华纺股份有限公司",2013-06-30 00:00:00,10181166.03
"957","华纺股份有限公司",2013-09-30 00:00:00,13930026.14
"958","华纺股份有限公司",2013-12-31 00:00:00,15650878.32
"959","华纺股份有限公司",2014-03-31 00:00:00,4665880.17
"960","华纺股份有限公司",2014-06-30 00:00:00,13368651.84
"961","华纺股份有限公司",2014-09-30 00:00:00,20722848.12
"962","华纺股份有限公司",2014-12-31 00:00:00,22795280.97
"963","华纺股份有限公司",2015-03-31 00:00:00,5182909.47
"964","华纺股份有限公司",2015-06-30 00:00:00,9556279.05
"965","华纺股份有限公司",2015-09-30 00:00:00,15855887.69
"966","华纺股份有限公司",2015-12-31 00:00:00,12530622.99
"967","华纺股份有限公司",2016-03-31 00:00:00,3010452.32
"968","华纺股份有限公司",2016-06-30 00:00:00,6002644.29
"969","华纺股份有限公司",2016-09-30 00:00:00,NA
"970","华纺股份有限公司",2016-12-31 00:00:00,10279981.02
"971","华纺股份有限公司",2017-03-31 00:00:00,2227000.41
"972","魏桥纺织股份有限公司",2010-12-31 00:00:00,1635363870
"973","魏桥纺织股份有限公司",2011-12-31 00:00:00,239324090
"974","魏桥纺织股份有限公司",2012-12-31 00:00:00,478989655
"975","魏桥纺织股份有限公司",2013-06-30 00:00:00,262269146
"976","魏桥纺织股份有限公司",2013-12-31 00:00:00,626918482
"977","魏桥纺织股份有限公司",2014-06-30 00:00:00,208719553
"978","魏桥纺织股份有限公司",2014-12-31 00:00:00,307013222
"979","魏桥纺织股份有限公司",2015-06-30 00:00:00,312875826
"980","魏桥纺织股份有限公司",2015-12-31 00:00:00,977610120
"981","魏桥纺织股份有限公司",2016-06-30 00:00:00,340945843
"982","魏桥纺织股份有限公司",2016-12-31 00:00:00,988211985.55
"983","青岛即发集团股份有限公司",2010-12-31 00:00:00,316263397.38
"984","青岛即发集团股份有限公司",2011-12-31 00:00:00,244224110.3
"985","青岛即发集团股份有限公司",2012-03-31 00:00:00,58456753.32
"986","青岛即发集团股份有限公司",2012-06-30 00:00:00,89018063.26
"987","青岛即发集团股份有限公司",2012-09-30 00:00:00,151195421.56
"988","青岛即发集团股份有限公司",2012-12-31 00:00:00,247329737.05
"989","青岛即发集团股份有限公司",2013-03-31 00:00:00,54972018.06
"990","青岛即发集团股份有限公司",2013-06-30 00:00:00,83336741.45
"991","青岛即发集团股份有限公司",2013-09-30 00:00:00,165158971.09
"992","青岛即发集团股份有限公司",2013-12-31 00:00:00,325348978.36
"993","青岛即发集团股份有限公司",2014-03-31 00:00:00,55158007.63
"994","鲁泰纺织股份有限公司",2010-03-31 00:00:00,152600347.2
"995","鲁泰纺织股份有限公司",2010-06-30 00:00:00,392528777.37
"996","鲁泰纺织股份有限公司",2010-09-30 00:00:00,622825513.24
"997","鲁泰纺织股份有限公司",2010-12-31 00:00:00,815053109.96
"998","鲁泰纺织股份有限公司",2011-03-31 00:00:00,223226301.5
"999","鲁泰纺织股份有限公司",2011-06-30 00:00:00,525143315.61
"1000","鲁泰纺织股份有限公司",2011-09-30 00:00:00,751916160.78
"1001","鲁泰纺织股份有限公司",2011-12-31 00:00:00,892071216.41
"1002","鲁泰纺织股份有限公司",2012-03-31 00:00:00,116795696.03
"1003","鲁泰纺织股份有限公司",2012-06-30 00:00:00,308349593.63
"1004","鲁泰纺织股份有限公司",2012-09-30 00:00:00,466760370.51
"1005","鲁泰纺织股份有限公司",2012-12-31 00:00:00,715850368.75
"1006","鲁泰纺织股份有限公司",2013-03-31 00:00:00,200068522.56
"1007","鲁泰纺织股份有限公司",2013-06-30 00:00:00,429559997.78
"1008","鲁泰纺织股份有限公司",2013-09-30 00:00:00,697817089.98
"1009","鲁泰纺织股份有限公司",2013-12-31 00:00:00,1039811812.78
"1010","鲁泰纺织股份有限公司",2014-03-31 00:00:00,219701774.02
"1011","鲁泰纺织股份有限公司",2014-06-30 00:00:00,481537123.32
"1012","鲁泰纺织股份有限公司",2014-09-30 00:00:00,716071868.86
"1013","鲁泰纺织股份有限公司",2014-12-31 00:00:00,979377181.57
"1014","鲁泰纺织股份有限公司",2015-03-31 00:00:00,152004531.28
"1015","鲁泰纺织股份有限公司",2015-06-30 00:00:00,345410247.32
"1016","鲁泰纺织股份有限公司",2015-09-30 00:00:00,560833290.9
"1017","鲁泰纺织股份有限公司",2015-12-31 00:00:00,735543028.77
"1018","鲁泰纺织股份有限公司",2016-03-31 00:00:00,151183204.04
"1019","鲁泰纺织股份有限公司",2016-06-30 00:00:00,342657085.44
"1020","鲁泰纺织股份有限公司",2016-09-30 00:00:00,592127393.08
"1021","鲁泰纺织股份有限公司",2016-12-31 00:00:00,853073450.12
"1022","鲁泰纺织股份有限公司",2017-03-31 00:00:00,165884697.34
"1023","孚日集团股份有限公司",2010-03-31 00:00:00,28582256.38
"1024","孚日集团股份有限公司",2010-06-30 00:00:00,88254802
"1025","孚日集团股份有限公司",2010-09-30 00:00:00,135885748
"1026","孚日集团股份有限公司",2010-12-31 00:00:00,186970134.41
"1027","孚日集团股份有限公司",2011-03-31 00:00:00,64619631.81
"1028","孚日集团股份有限公司",2011-06-30 00:00:00,117487162.71
"1029","孚日集团股份有限公司",2011-09-30 00:00:00,172100358.35
"1030","孚日集团股份有限公司",2011-12-31 00:00:00,138201645.88
"1031","孚日集团股份有限公司",2012-03-31 00:00:00,52359049.08
"1032","孚日集团股份有限公司",2012-06-30 00:00:00,88076955.01
"1033","孚日集团股份有限公司",2012-09-30 00:00:00,92620268.88
"1034","孚日集团股份有限公司",2012-12-31 00:00:00,15998300.92
"1035","孚日集团股份有限公司",2013-03-31 00:00:00,60188634.85
"1036","孚日集团股份有限公司",2013-06-30 00:00:00,126413422.44
"1037","孚日集团股份有限公司",2013-09-30 00:00:00,132971913.8
"1038","孚日集团股份有限公司",2013-12-31 00:00:00,92690306.23
"1039","孚日集团股份有限公司",2014-03-31 00:00:00,64787114.99
"1040","孚日集团股份有限公司",2014-06-30 00:00:00,136804356.9
"1041","孚日集团股份有限公司",2014-09-30 00:00:00,158796192.64
"1042","孚日集团股份有限公司",2014-12-31 00:00:00,75134768.79
"1043","孚日集团股份有限公司",2015-03-31 00:00:00,75762042.57
"1044","孚日集团股份有限公司",2015-06-30 00:00:00,158877965.62
"1045","孚日集团股份有限公司",2015-09-30 00:00:00,216384080.59
"1046","孚日集团股份有限公司",2015-12-31 00:00:00,312602635.54
"1047","孚日集团股份有限公司",2016-03-31 00:00:00,95985192.49
"1048","孚日集团股份有限公司",2016-06-30 00:00:00,176739115.09
"1049","孚日集团股份有限公司",2016-09-30 00:00:00,243833784.93
"1050","孚日集团股份有限公司",2016-12-31 00:00:00,380757568.28
"1051","孚日集团股份有限公司",2017-03-31 00:00:00,131633593.03
"1052","锦P棉业科技有限公司",2012-12-31 00:00:00,22890585.96
"1053","锦P棉业科技有限公司",2013-12-31 00:00:00,34015481.5
"1054","锦P棉业科技有限公司",2014-06-30 00:00:00,20207612.09
"1055","锦P棉业科技有限公司",2014-12-31 00:00:00,33900277.05
"1056","山东如意科技集团有限公司",2010-12-31 00:00:00,890974355.47
"1057","山东如意科技集团有限公司",2011-12-31 00:00:00,463938247.63
"1058","山东如意科技集团有限公司",2012-12-31 00:00:00,513778500
"1059","山东如意科技集团有限公司",2013-12-31 00:00:00,582485400
"1060","山东如意科技集团有限公司",2014-09-30 00:00:00,0
"1061","山东如意科技集团有限公司",2014-12-31 00:00:00,665568141.03
"1062","山东如意科技集团有限公司",2015-03-31 00:00:00,52267303.54
"1063","山东如意科技集团有限公司",2015-06-30 00:00:00,212266600
"1064","山东如意科技集团有限公司",2015-09-30 00:00:00,358231904.14
"1065","山东如意科技集团有限公司",2015-12-31 00:00:00,701708045.65
"1066","山东如意科技集团有限公司",2016-03-31 00:00:00,127911514.16
"1067","山东如意科技集团有限公司",2016-06-30 00:00:00,304832355.36
"1068","山东如意科技集团有限公司",2016-09-30 00:00:00,608950780.37
"1069","山东如意科技集团有限公司",2016-12-31 00:00:00,2496235348.29
"1070","山东如意科技集团有限公司",2017-03-31 00:00:00,181740695.55
"1071","愉悦家纺有限公司",2010-12-31 00:00:00,217415324.01
"1072","愉悦家纺有限公司",2011-12-31 00:00:00,85398801.47
"1073","愉悦家纺有限公司",2012-12-31 00:00:00,165887335.84
"1074","愉悦家纺有限公司",2013-06-30 00:00:00,66351524.35
"1075","愉悦家纺有限公司",2013-12-31 00:00:00,215005767.28
"1076","愉悦家纺有限公司",2014-06-30 00:00:00,69482515.77
"1077","愉悦家纺有限公司",2014-12-31 00:00:00,160010868.45
"1078","愉悦家纺有限公司",2015-06-30 00:00:00,72298344.64
"1079","愉悦家纺有限公司",2015-12-31 00:00:00,255963764.92
"1080","愉悦家纺有限公司",2016-06-30 00:00:00,143017559.02
"1081","愉悦家纺有限公司",2016-09-30 00:00:00,241567510.05
"1082","愉悦家纺有限公司",2016-12-31 00:00:00,467321763.51
"1083","愉悦家纺有限公司",2017-03-31 00:00:00,84463941.56
"1084","山东魏桥创业集团有限公司",2010-09-30 00:00:00,1928304504.31
"1085","山东魏桥创业集团有限公司",2010-12-31 00:00:00,3197705643.9
"1086","山东魏桥创业集团有限公司",2011-03-31 00:00:00,942151976.47
"1087","山东魏桥创业集团有限公司",2011-06-30 00:00:00,1528220051.59
"1088","山东魏桥创业集团有限公司",2011-09-30 00:00:00,1834713618.21
"1089","山东魏桥创业集团有限公司",2011-12-31 00:00:00,2083426103.6
"1090","山东魏桥创业集团有限公司",2012-03-31 00:00:00,403267823.76
"1091","山东魏桥创业集团有限公司",2012-06-30 00:00:00,708650969.52
"1092","山东魏桥创业集团有限公司",2012-09-30 00:00:00,1634771706.01
"1093","山东魏桥创业集团有限公司",2012-12-31 00:00:00,2312837452.66
"1094","山东魏桥创业集团有限公司",2013-03-31 00:00:00,546423913.8
"1095","山东魏桥创业集团有限公司",2013-06-30 00:00:00,968779273.64
"1096","山东魏桥创业集团有限公司",2013-09-30 00:00:00,1709395800.44
"1097","山东魏桥创业集团有限公司",2013-12-31 00:00:00,2252361740.19
"1098","山东魏桥创业集团有限公司",2014-03-31 00:00:00,374721378.16
"1099","山东魏桥创业集团有限公司",2014-06-30 00:00:00,799496005.5
"1100","山东魏桥创业集团有限公司",2014-09-30 00:00:00,1243531413.22
"1101","山东魏桥创业集团有限公司",2014-12-31 00:00:00,1984815991.83
"1102","山东魏桥创业集团有限公司",2015-03-31 00:00:00,561834399
"1103","山东魏桥创业集团有限公司",2015-06-30 00:00:00,1430099006.62
"1104","山东魏桥创业集团有限公司",2015-09-30 00:00:00,2066878900.72
"1105","山东魏桥创业集团有限公司",2015-12-31 00:00:00,2778492898.07
"1106","山东魏桥创业集团有限公司",2016-03-31 00:00:00,647646960.97
"1107","山东魏桥创业集团有限公司",2016-06-30 00:00:00,1554157969.07
"1108","山东魏桥创业集团有限公司",2016-12-31 00:00:00,2892311656.66
"1109","山东魏桥创业集团有限公司",2017-03-31 00:00:00,519634706.67
"1110","河南新野纺织股份有限公司",2010-03-31 00:00:00,15901892.15
"1111","河南新野纺织股份有限公司",2010-06-30 00:00:00,37409695.01
"1112","河南新野纺织股份有限公司",2010-09-30 00:00:00,NA
"1113","河南新野纺织股份有限公司",2010-12-31 00:00:00,90130741.19
"1114","河南新野纺织股份有限公司",2011-03-31 00:00:00,23132468.26
"1115","河南新野纺织股份有限公司",2011-06-30 00:00:00,44993845.45
"1116","河南新野纺织股份有限公司",2011-09-30 00:00:00,63747746.15
"1117","河南新野纺织股份有限公司",2011-12-31 00:00:00,102276695.05
"1118","河南新野纺织股份有限公司",2012-03-31 00:00:00,24699089.81
"1119","河南新野纺织股份有限公司",2012-06-30 00:00:00,40884699.88
"1120","河南新野纺织股份有限公司",2012-09-30 00:00:00,51736687.91
"1121","河南新野纺织股份有限公司",2012-12-31 00:00:00,80151408.99
"1122","河南新野纺织股份有限公司",2013-03-31 00:00:00,26694395.3
"1123","河南新野纺织股份有限公司",2013-06-30 00:00:00,47139390.5
"1124","河南新野纺织股份有限公司",2013-09-30 00:00:00,63349192.22
"1125","河南新野纺织股份有限公司",2013-12-31 00:00:00,80122664.48
"1126","河南新野纺织股份有限公司",2014-03-31 00:00:00,12801304.57
"1127","河南新野纺织股份有限公司",2014-06-30 00:00:00,40209202.38
"1128","河南新野纺织股份有限公司",2014-09-30 00:00:00,52750894.78
"1129","河南新野纺织股份有限公司",2014-12-31 00:00:00,82789799.41
"1130","河南新野纺织股份有限公司",2015-03-31 00:00:00,11839055.26
"1131","河南新野纺织股份有限公司",2015-06-30 00:00:00,42372183.97
"1132","河南新野纺织股份有限公司",2015-09-30 00:00:00,101173896.08
"1133","河南新野纺织股份有限公司",2015-12-31 00:00:00,117224680.09
"1134","河南新野纺织股份有限公司",2016-03-31 00:00:00,16387934.15
"1135","河南新野纺织股份有限公司",2016-06-30 00:00:00,67889197.72
"1136","河南新野纺织股份有限公司",2016-09-30 00:00:00,140388386.66
"1137","河南新野纺织股份有限公司",2016-12-31 00:00:00,207455158.09
"1138","河南新野纺织股份有限公司",2017-03-31 00:00:00,22958376.85
"1139","湖南华升股份有限公司",2010-03-31 00:00:00,566287.61
"1140","湖南华升股份有限公司",2010-06-30 00:00:00,524715.65
"1141","湖南华升股份有限公司",2010-09-30 00:00:00,346676.73
"1142","湖南华升股份有限公司",2010-12-31 00:00:00,3048454.43
"1143","湖南华升股份有限公司",2011-03-31 00:00:00,713107.39
"1144","湖南华升股份有限公司",2011-06-30 00:00:00,1987852.28
"1145","湖南华升股份有限公司",2011-09-30 00:00:00,1366632.06
"1146","湖南华升股份有限公司",2011-12-31 00:00:00,4654776.43
"1147","湖南华升股份有限公司",2012-03-31 00:00:00,456977.77
"1148","湖南华升股份有限公司",2012-06-30 00:00:00,963007.95
"1149","湖南华升股份有限公司",2012-09-30 00:00:00,830663.71
"1150","湖南华升股份有限公司",2012-12-31 00:00:00,3068166.16
"1151","湖南华升股份有限公司",2013-03-31 00:00:00,-18020239.27
"1152","湖南华升股份有限公司",2013-06-30 00:00:00,-25225134.64
"1153","湖南华升股份有限公司",2013-09-30 00:00:00,-32318850.93
"1154","湖南华升股份有限公司",2013-12-31 00:00:00,91038254.36
"1155","湖南华升股份有限公司",2014-03-31 00:00:00,-14011374.23
"1156","湖南华升股份有限公司",2014-06-30 00:00:00,-13070963.18
"1157","湖南华升股份有限公司",2014-09-30 00:00:00,-16906318.78
"1158","湖南华升股份有限公司",2014-12-31 00:00:00,-33012108.95
"1159","湖南华升股份有限公司",2015-03-31 00:00:00,-9965303.3
"1160","湖南华升股份有限公司",2015-06-30 00:00:00,-3916994.43
"1161","湖南华升股份有限公司",2015-09-30 00:00:00,-10374227.71
"1162","湖南华升股份有限公司",2015-12-31 00:00:00,2211413.95
"1163","湖南华升股份有限公司",2016-03-31 00:00:00,-16575576.62
"1164","湖南华升股份有限公司",2016-06-30 00:00:00,-39790888.09
"1165","湖南华升股份有限公司",2016-09-30 00:00:00,-50402170.36
"1166","湖南华升股份有限公司",2016-12-31 00:00:00,-7912931.77
"1167","湖南华升股份有限公司",2017-03-31 00:00:00,-19358947.81
"1168","远梦家居用品股份有限公司",2013-12-31 00:00:00,-64095310.45
"1169","远梦家居用品股份有限公司",2014-12-31 00:00:00,-34834659.65
"1170","远梦家居用品股份有限公司",2015-06-30 00:00:00,12017229.98
"1171","远梦家居用品股份有限公司",2015-12-31 00:00:00,15019215.09
"1172","远梦家居用品股份有限公司",2016-06-30 00:00:00,15811166.34
"1173","远梦家居用品股份有限公司",2016-12-31 00:00:00,18087297.72
"1174","欣龙控股(集团)股份有限公司",2010-03-31 00:00:00,-4644702.78
"1175","欣龙控股(集团)股份有限公司",2010-06-30 00:00:00,-12420932.7
"1176","欣龙控股(集团)股份有限公司",2010-09-30 00:00:00,-18385563.11
"1177","欣龙控股(集团)股份有限公司",2010-12-31 00:00:00,1525887.35
"1178","欣龙控股(集团)股份有限公司",2011-03-31 00:00:00,-4206055.73
"1179","欣龙控股(集团)股份有限公司",2011-06-30 00:00:00,-6689454.31
"1180","欣龙控股(集团)股份有限公司",2011-09-30 00:00:00,13621091.71
"1181","欣龙控股(集团)股份有限公司",2011-12-31 00:00:00,-30859068.19
"1182","欣龙控股(集团)股份有限公司",2012-03-31 00:00:00,-2859860.68
"1183","欣龙控股(集团)股份有限公司",2012-06-30 00:00:00,-4168480.34
"1184","欣龙控股(集团)股份有限公司",2012-09-30 00:00:00,-8714548.57
"1185","欣龙控股(集团)股份有限公司",2012-12-31 00:00:00,590892.36
"1186","欣龙控股(集团)股份有限公司",2013-03-31 00:00:00,468861.48
"1187","欣龙控股(集团)股份有限公司",2013-06-30 00:00:00,-9797965.44
"1188","欣龙控股(集团)股份有限公司",2013-09-30 00:00:00,-18982242.91
"1189","欣龙控股(集团)股份有限公司",2013-12-31 00:00:00,-53584214.11
"1190","欣龙控股(集团)股份有限公司",2014-03-31 00:00:00,-5395614.33
"1191","欣龙控股(集团)股份有限公司",2014-06-30 00:00:00,-12187104.12
"1192","欣龙控股(集团)股份有限公司",2014-09-30 00:00:00,-8395489.37
"1193","欣龙控股(集团)股份有限公司",2014-12-31 00:00:00,4753370.76
"1194","欣龙控股(集团)股份有限公司",2015-03-31 00:00:00,-10185175.57
"1195","欣龙控股(集团)股份有限公司",2015-06-30 00:00:00,-19457014.94
"1196","欣龙控股(集团)股份有限公司",2015-09-30 00:00:00,-27423354.78
"1197","欣龙控股(集团)股份有限公司",2015-12-31 00:00:00,-78242070.57
"1198","欣龙控股(集团)股份有限公司",2016-03-31 00:00:00,-8900379.9
"1199","欣龙控股(集团)股份有限公司",2016-06-30 00:00:00,-13444411.73
"1200","欣龙控股(集团)股份有限公司",2016-09-30 00:00:00,-20377960.28
"1201","欣龙控股(集团)股份有限公司",2016-12-31 00:00:00,27837143.41
"1202","欣龙控股(集团)股份有限公司",2017-03-31 00:00:00,1392166.37
"1203","兰州三毛实业股份有限公司",2010-03-31 00:00:00,-6360280.21
"1204","兰州三毛实业股份有限公司",2010-06-30 00:00:00,-10820283.21
"1205","兰州三毛实业股份有限公司",2010-09-30 00:00:00,2312923.33
"1206","兰州三毛实业股份有限公司",2010-12-31 00:00:00,6139844.69
"1207","兰州三毛实业股份有限公司",2011-03-31 00:00:00,-3898981.56
"1208","兰州三毛实业股份有限公司",2011-06-30 00:00:00,-6560268.45
"1209","兰州三毛实业股份有限公司",2011-09-30 00:00:00,27770115.41
"1210","兰州三毛实业股份有限公司",2011-12-31 00:00:00,7497814.32
"1211","兰州三毛实业股份有限公司",2012-03-31 00:00:00,-2889231.73
"1212","兰州三毛实业股份有限公司",2012-06-30 00:00:00,-2828056.14
"1213","兰州三毛实业股份有限公司",2012-09-30 00:00:00,-4358838.09
"1214","兰州三毛实业股份有限公司",2012-12-31 00:00:00,-12858939.39
"1215","兰州三毛实业股份有限公司",2013-03-31 00:00:00,-6458796.21
"1216","兰州三毛实业股份有限公司",2013-06-30 00:00:00,-13476600.1
"1217","兰州三毛实业股份有限公司",2013-09-30 00:00:00,-19809638.78
"1218","兰州三毛实业股份有限公司",2013-12-31 00:00:00,-33248506.17
"1219","兰州三毛实业股份有限公司",2014-03-31 00:00:00,-11456225.21
"1220","兰州三毛实业股份有限公司",2014-06-30 00:00:00,-14465065.43
"1221","兰州三毛实业股份有限公司",2014-09-30 00:00:00,6070036.33
"1222","兰州三毛实业股份有限公司",2014-12-31 00:00:00,10050925.28
"1223","兰州三毛实业股份有限公司",2015-03-31 00:00:00,-9935844.69
"1224","兰州三毛实业股份有限公司",2015-06-30 00:00:00,-17285406.79
"1225","兰州三毛实业股份有限公司",2015-09-30 00:00:00,-23058434.07
"1226","兰州三毛实业股份有限公司",2015-12-31 00:00:00,-79062776.92
"1227","兰州三毛实业股份有限公司",2016-03-31 00:00:00,-15564197.32
"1228","兰州三毛实业股份有限公司",2016-06-30 00:00:00,-33427139.94
"1229","兰州三毛实业股份有限公司",2016-09-30 00:00:00,-48220101.87
"1230","兰州三毛实业股份有限公司",2016-12-31 00:00:00,13141277.82
"1231","兰州三毛实业股份有限公司",2017-03-31 00:00:00,-12869719.21
"1232","宁夏中银绒业股份有限公司",2010-03-31 00:00:00,6064487.02
"1233","宁夏中银绒业股份有限公司",2010-06-30 00:00:00,33462048.41
"1234","宁夏中银绒业股份有限公司",2010-09-30 00:00:00,51334456.83
"1235","宁夏中银绒业股份有限公司",2010-12-31 00:00:00,74542433.89
"1236","宁夏中银绒业股份有限公司",2011-03-31 00:00:00,18384674.65
"1237","宁夏中银绒业股份有限公司",2011-06-30 00:00:00,66441517.36
"1238","宁夏中银绒业股份有限公司",2011-09-30 00:00:00,123558822.77
"1239","宁夏中银绒业股份有限公司",2011-12-31 00:00:00,166325769.44
"1240","宁夏中银绒业股份有限公司",2012-03-31 00:00:00,57407079.77
"1241","宁夏中银绒业股份有限公司",2012-06-30 00:00:00,136196069.6
"1242","宁夏中银绒业股份有限公司",2012-09-30 00:00:00,210573352.74
"1243","宁夏中银绒业股份有限公司",2012-12-31 00:00:00,279364783.85
"1244","宁夏中银绒业股份有限公司",2013-03-31 00:00:00,91081310.27
"1245","宁夏中银绒业股份有限公司",2013-06-30 00:00:00,181319853.76
"1246","宁夏中银绒业股份有限公司",2013-09-30 00:00:00,281080578.73
"1247","宁夏中银绒业股份有限公司",2013-12-31 00:00:00,281182557.52
"1248","宁夏中银绒业股份有限公司",2014-03-31 00:00:00,55265428.58
"1249","宁夏中银绒业股份有限公司",2014-06-30 00:00:00,112320263.25
"1250","宁夏中银绒业股份有限公司",2014-09-30 00:00:00,152223907.08
"1251","宁夏中银绒业股份有限公司",2014-12-31 00:00:00,89483813.98
"1252","宁夏中银绒业股份有限公司",2015-03-31 00:00:00,5184653.97
"1253","宁夏中银绒业股份有限公司",2015-06-30 00:00:00,13547790.3
"1254","宁夏中银绒业股份有限公司",2015-09-30 00:00:00,19081798.97
"1255","宁夏中银绒业股份有限公司",2015-12-31 00:00:00,-876459038.49
"1256","宁夏中银绒业股份有限公司",2016-03-31 00:00:00,-91078257.84
"1257","宁夏中银绒业股份有限公司",2016-06-30 00:00:00,-292889420.46
"1258","宁夏中银绒业股份有限公司",2016-09-30 00:00:00,-322487710.16
"1259","宁夏中银绒业股份有限公司",2016-12-31 00:00:00,-1061437144.31
"1260","宁夏中银绒业股份有限公司",2017-03-31 00:00:00,-149082685.43
