指标名称,房地产开发投资完成额:累计值,房屋施工面积:累计值,产量:平板玻璃:当月值,产量:汽车:国内制造:当月值,产量:太阳能:当月值,出厂价(含税):多晶硅片(A片):国内主流厂商平均,产量:平板玻璃:当月值
2010-01-31,,,5096.51 ,1590348.00 ,,,5096.51 
2010-02-28,3143.64 ,209687.37 ,4814.20 ,1184335.00 ,,,4814.20 
2010-03-31,6594.45 ,242202.68 ,5390.10 ,1708004.00 ,,,5390.10 
2010-04-30,9932.05 ,264631.14 ,5188.50 ,1539617.00 ,,,5188.50 
2010-05-31,13917.41 ,285085.24 ,5389.50 ,1394462.00 ,,,5389.50 
2010-06-30,19747.12 ,308427.72 ,5502.20 ,1365979.00 ,,,5502.20 
2010-07-31,23864.77 ,324259.39 ,5098.70 ,1259116.00 ,,,5098.70 
2010-08-01,,,,,,26.68 ,
2010-08-02,,,,,,26.68 ,
2010-08-03,,,,,,26.68 ,
2010-08-04,,,,,,26.68 ,
2010-08-05,,,,,,26.68 ,
2010-08-06,,,,,,26.68 ,
2010-08-07,,,,,,26.68 ,
2010-08-08,,,,,,26.68 ,
2010-08-09,,,,,,26.68 ,
2010-08-10,,,,,,26.68 ,
2010-08-11,,,,,,26.68 ,
2010-08-12,,,,,,26.68 ,
2010-08-13,,,,,,26.68 ,
2010-08-14,,,,,,26.68 ,
2010-08-15,,,,,,26.68 ,
2010-08-16,,,,,,26.68 ,
2010-08-17,,,,,,26.68 ,
2010-08-18,,,,,,26.68 ,
2010-08-19,,,,,,26.68 ,
2010-08-20,,,,,,26.68 ,
2010-08-21,,,,,,26.68 ,
2010-08-22,,,,,,26.68 ,
2010-08-23,,,,,,26.68 ,
2010-08-24,,,,,,26.68 ,
2010-08-25,,,,,,26.68 ,
2010-08-26,,,,,,26.68 ,
2010-08-27,,,,,,26.68 ,
2010-08-28,,,,,,26.68 ,
2010-08-29,,,,,,26.68 ,
2010-08-30,,,,,,26.68 ,
2010-08-31,28355.05 ,339180.73 ,5081.20 ,1251375.00 ,,26.68 ,5081.20 
2010-09-01,,,,,,26.68 ,
2010-09-02,,,,,,27.30 ,
2010-09-03,,,,,,27.38 ,
2010-09-04,,,,,,27.38 ,
2010-09-05,,,,,,27.50 ,
2010-09-06,,,,,,27.83 ,
2010-09-07,,,,,,28.00 ,
2010-09-08,,,,,,28.00 ,
2010-09-09,,,,,,28.00 ,
2010-09-10,,,,,,28.17 ,
2010-09-11,,,,,,28.25 ,
2010-09-12,,,,,,28.25 ,
2010-09-13,,,,,,28.25 ,
2010-09-14,,,,,,28.25 ,
2010-09-15,,,,,,28.67 ,
2010-09-16,,,,,,28.67 ,
2010-09-17,,,,,,28.92 ,
2010-09-18,,,,,,28.92 ,
2010-09-19,,,,,,28.92 ,
2010-09-20,,,,,,29.08 ,
2010-09-21,,,,,,29.08 ,
2010-09-22,,,,,,29.08 ,
2010-09-23,,,,,,29.08 ,
2010-09-24,,,,,,29.08 ,
2010-09-25,,,,,,29.08 ,
2010-09-26,,,,,,29.08 ,
2010-09-27,,,,,,29.08 ,
2010-09-28,,,,,,29.08 ,
2010-09-29,,,,,,29.08 ,
2010-09-30,33511.25 ,355402.20 ,5430.40 ,1566447.00 ,,29.08 ,5430.40 
2010-10-01,,,,,,29.00 ,
2010-10-02,,,,,,29.00 ,
2010-10-03,,,,,,28.75 ,
2010-10-04,,,,,,28.75 ,
2010-10-05,,,,,,28.75 ,
2010-10-06,,,,,,28.75 ,
2010-10-07,,,,,,28.75 ,
2010-10-08,,,,,,28.75 ,
2010-10-09,,,,,,28.55 ,
2010-10-10,,,,,,28.55 ,
2010-10-11,,,,,,28.55 ,
2010-10-12,,,,,,28.55 ,
2010-10-13,,,,,,28.55 ,
2010-10-14,,,,,,28.55 ,
2010-10-15,,,,,,28.55 ,
2010-10-16,,,,,,28.55 ,
2010-10-17,,,,,,28.55 ,
2010-10-18,,,,,,28.55 ,
2010-10-19,,,,,,28.55 ,
2010-10-20,,,,,,28.55 ,
2010-10-21,,,,,,28.55 ,
2010-10-22,,,,,,28.55 ,
2010-10-23,,,,,,28.55 ,
2010-10-24,,,,,,28.55 ,
2010-10-25,,,,,,28.55 ,
2010-10-26,,,,,,28.55 ,
2010-10-27,,,,,,28.55 ,
2010-10-28,,,,,,28.55 ,
2010-10-29,,,,,,28.55 ,
2010-10-30,,,,,,28.55 ,
2010-10-31,38069.52 ,369796.79 ,5209.20 ,1514652.00 ,,28.55 ,5209.20 
2010-11-01,,,,,,28.55 ,
2010-11-02,,,,,,28.55 ,
2010-11-03,,,,,,28.55 ,
2010-11-05,,,,,,28.55 ,
2010-11-06,,,,,,28.55 ,
2010-11-07,,,,,,28.55 ,
2010-11-08,,,,,,28.55 ,
2010-11-09,,,,,,28.55 ,
2010-11-10,,,,,,28.55 ,
2010-11-11,,,,,,28.55 ,
2010-11-12,,,,,,28.55 ,
2010-11-13,,,,,,28.55 ,
2010-11-14,,,,,,28.55 ,
2010-11-15,,,,,,28.55 ,
2010-11-16,,,,,,28.55 ,
2010-11-17,,,,,,28.55 ,
2010-11-18,,,,,,28.55 ,
2010-11-19,,,,,,28.72 ,
2010-11-20,,,,,,28.72 ,
2010-11-21,,,,,,28.72 ,
2010-11-22,,,,,,28.72 ,
2010-11-23,,,,,,28.72 ,
2010-11-24,,,,,,28.72 ,
2010-11-25,,,,,,28.72 ,
2010-11-26,,,,,,28.72 ,
2010-11-27,,,,,,28.72 ,
2010-11-28,,,,,,28.72 ,
2010-11-29,,,,,,28.72 ,
2010-11-30,42697.33 ,384277.15 ,5316.80 ,1719208.00 ,,28.72 ,5316.80 
2010-12-01,,,,,,28.72 ,
2010-12-02,,,,,,28.72 ,
2010-12-03,,,,,,28.72 ,
2010-12-04,,,,,,28.72 ,
2010-12-05,,,,,,28.72 ,
2010-12-06,,,,,,28.72 ,
2010-12-07,,,,,,28.72 ,
2010-12-08,,,,,,28.55 ,
2010-12-09,,,,,,28.38 ,
2010-12-10,,,,,,28.38 ,
2010-12-11,,,,,,28.38 ,
2010-12-12,,,,,,28.38 ,
2010-12-13,,,,,,28.38 ,
2010-12-14,,,,,,28.38 ,
2010-12-15,,,,,,28.35 ,
2010-12-16,,,,,,28.32 ,
2010-12-17,,,,,,28.25 ,
2010-12-18,,,,,,28.25 ,
2010-12-19,,,,,,28.25 ,
2010-12-20,,,,,,27.80 ,
2010-12-21,,,,,,27.58 ,
2010-12-22,,,,,,27.42 ,
2010-12-23,,,,,,27.33 ,
2010-12-24,,,,,,26.75 ,
2010-12-25,,,,,,26.40 ,
2010-12-26,,,,,,26.18 ,
2010-12-27,,,,,,26.18 ,
2010-12-28,,,,,,26.18 ,
2010-12-30,,,,,,26.15 ,
2010-12-31,48259.40 ,405356.40 ,5619.00 ,1826518.00 ,,26.15 ,5619.00 
2011-01-01,,,,,,26.15 ,
2011-01-02,,,,,,26.15 ,
2011-01-03,,,,,,26.15 ,
2011-01-04,,,,,,26.15 ,
2011-01-05,,,,,,26.15 ,
2011-01-06,,,,,,26.15 ,
2011-01-07,,,,,,26.15 ,
2011-01-08,,,,,,26.15 ,
2011-01-09,,,,,,26.15 ,
2011-01-10,,,,,,26.15 ,
2011-01-11,,,,,,26.15 ,
2011-01-12,,,,,,26.25 ,
2011-01-13,,,,,,26.36 ,
2011-01-14,,,,,,26.43 ,
2011-01-15,,,,,,26.43 ,
2011-01-16,,,,,,26.43 ,
2011-01-17,,,,,,26.43 ,
2011-01-18,,,,,,26.43 ,
2011-01-19,,,,,,26.53 ,
2011-01-20,,,,,,26.63 ,
2011-01-21,,,,,,27.15 ,
2011-01-22,,,,,,27.30 ,
2011-01-23,,,,,,27.46 ,
2011-01-24,,,,,,27.51 ,
2011-01-25,,,,,,27.54 ,
2011-01-26,,,,,,27.54 ,
2011-01-27,,,,,,27.54 ,
2011-01-28,,,,,,27.54 ,
2011-01-29,,,,,,27.54 ,
2011-01-30,,,,,,27.54 ,
2011-01-31,,,5796.36 ,1765017.00 ,,27.54 ,5796.36 
2011-02-01,,,,,,27.54 ,
2011-02-02,,,,,,27.54 ,
2011-02-03,,,,,,27.54 ,
2011-02-04,,,,,,27.54 ,
2011-02-05,,,,,,27.54 ,
2011-02-06,,,,,,27.54 ,
2011-02-07,,,,,,27.54 ,
2011-02-08,,,,,,27.54 ,
2011-02-09,,,,,,27.87 ,
2011-02-10,,,,,,28.02 ,
2011-02-11,,,,,,28.07 ,
2011-02-12,,,,,,28.09 ,
2011-02-13,,,,,,28.11 ,
2011-02-14,,,,,,28.11 ,
2011-02-15,,,,,,28.16 ,
2011-02-16,,,,,,28.16 ,
2011-02-17,,,,,,28.21 ,
2011-02-18,,,,,,28.23 ,
2011-02-19,,,,,,28.23 ,
2011-02-20,,,,,,28.23 ,
2011-02-21,,,,,,28.23 ,
2011-02-22,,,,,,28.23 ,
2011-02-23,,,,,,28.23 ,
2011-02-24,,,,,,28.23 ,
2011-02-25,,,,,,28.23 ,
2011-02-26,,,,,,28.25 ,
2011-02-27,,,,,,28.33 ,
2011-02-28,4250.37 ,291472.98 ,5627.80 ,1237647.00 ,,28.33 ,5627.80 
2011-03-01,,,,,,28.33 ,
2011-03-02,,,,,,28.39 ,
2011-03-03,,,,,,28.42 ,
2011-03-04,,,,,,28.42 ,
2011-03-05,,,,,,28.47 ,
2011-03-06,,,,,,28.47 ,
2011-03-07,,,,,,28.47 ,
2011-03-08,,,,,,28.47 ,
2011-03-09,,,,,,28.44 ,
2011-03-10,,,,,,28.43 ,
2011-03-11,,,,,,28.39 ,
2011-03-12,,,,,,28.33 ,
2011-03-13,,,,,,28.31 ,
2011-03-14,,,,,,28.26 ,
2011-03-15,,,,,,28.05 ,
2011-03-16,,,,,,27.97 ,
2011-03-17,,,,,,27.46 ,
2011-03-18,,,,,,27.25 ,
2011-03-19,,,,,,27.20 ,
2011-03-20,,,,,,27.14 ,
2011-03-21,,,,,,27.14 ,
2011-03-22,,,,,,27.10 ,
2011-03-23,,,,,,27.01 ,
2011-03-24,,,,,,26.96 ,
2011-03-25,,,,,,26.89 ,
2011-03-26,,,,,,26.87 ,
2011-03-27,,,,,,26.81 ,
2011-03-28,,,,,,26.56 ,
2011-03-29,,,,,,26.35 ,
2011-03-30,,,,,,26.23 ,
2011-03-31,8846.36 ,327401.76 ,6040.60 ,1794472.00 ,,26.09 ,6040.60 
2011-04-01,,,,,,26.06 ,
2011-04-02,,,,,,26.05 ,
2011-04-03,,,,,,26.05 ,
2011-04-04,,,,,,26.05 ,
2011-04-05,,,,,,26.05 ,
2011-04-06,,,,,,26.03 ,
2011-04-07,,,,,,25.96 ,
2011-04-08,,,,,,25.96 ,
2011-04-09,,,,,,25.96 ,
2011-04-10,,,,,,25.96 ,
2011-04-11,,,,,,25.96 ,
2011-04-12,,,,,,25.96 ,
2011-04-13,,,,,,25.96 ,
2011-04-14,,,,,,25.93 ,
2011-04-15,,,,,,25.93 ,
2011-04-16,,,,,,25.93 ,
2011-04-17,,,,,,25.91 ,
2011-04-18,,,,,,25.91 ,
2011-04-19,,,,,,25.91 ,
2011-04-20,,,,,,25.91 ,
2011-04-21,,,,,,25.90 ,
2011-04-22,,,,,,25.77 ,
2011-04-23,,,,,,25.50 ,
2011-04-24,,,,,,25.39 ,
2011-04-25,,,,,,25.24 ,
2011-04-26,,,,,,25.16 ,
2011-04-27,,,,,,24.50 ,
2011-04-28,,,,,,24.25 ,
2011-04-29,,,,,,24.25 ,
2011-04-30,13340.16 ,352471.62 ,6292.50 ,1512634.00 ,,24.15 ,6292.50 
2011-05-01,,,,,,24.15 ,
2011-05-02,,,,,,24.15 ,
2011-05-03,,,,,,24.15 ,
2011-05-04,,,,,,24.00 ,
2011-05-05,,,,,,23.40 ,
2011-05-06,,,,,,22.40 ,
2011-05-07,,,,,,22.20 ,
2011-05-08,,,,,,22.00 ,
2011-05-09,,,,,,22.00 ,
2011-05-10,,,,,,21.75 ,
2011-05-11,,,,,,21.60 ,
2011-05-12,,,,,,21.20 ,
2011-05-13,,,,,,20.50 ,
2011-05-14,,,,,,20.10 ,
2011-05-15,,,,,,19.80 ,
2011-05-16,,,,,,19.70 ,
2011-05-17,,,,,,19.40 ,
2011-05-18,,,,,,19.20 ,
2011-05-19,,,,,,19.10 ,
2011-05-20,,,,,,18.90 ,
2011-05-21,,,,,,18.90 ,
2011-05-22,,,,,,18.80 ,
2011-05-23,,,,,,18.80 ,
2011-05-24,,,,,,18.80 ,
2011-05-25,,,,,,18.80 ,
2011-05-26,,,,,,18.70 ,
2011-05-27,,,,,,18.70 ,
2011-05-28,,,,,,18.70 ,
2011-05-29,,,,,,18.70 ,
2011-05-30,,,,,,18.70 ,
2011-05-31,18737.23 ,377516.04 ,6461.80 ,1336422.00 ,,18.60 ,6461.80 
2011-06-01,,,,,,18.60 ,
2011-06-02,,,,,,18.50 ,
2011-06-03,,,,,,18.40 ,
2011-06-04,,,,,,18.40 ,
2011-06-05,,,,,,18.40 ,
2011-06-06,,,,,,18.15 ,
2011-06-07,,,,,,17.95 ,
2011-06-08,,,,,,17.76 ,
2011-06-09,,,,,,17.41 ,
2011-06-10,,,,,,17.05 ,
2011-06-11,,,,,,16.75 ,
2011-06-12,,,,,,16.60 ,
2011-06-13,,,,,,16.56 ,
2011-06-14,,,,,,16.52 ,
2011-06-15,,,,,,16.52 ,
2011-06-16,,,,,,16.50 ,
2011-06-17,,,,,,16.43 ,
2011-06-18,,,,,,16.38 ,
2011-06-19,,,,,,16.35 ,
2011-06-20,,,,,,16.26 ,
2011-06-21,,,,,,16.19 ,
2011-06-22,,,,,,16.13 ,
2011-06-23,,,,,,16.06 ,
2011-06-24,,,,,,16.04 ,
2011-06-25,,,,,,15.94 ,
2011-06-26,,,,,,15.89 ,
2011-06-27,,,,,,15.80 ,
2011-06-28,,,,,,15.75 ,
2011-06-29,,,,,,15.73 ,
2011-06-30,26250.45 ,405737.56 ,7348.20 ,1370668.00 ,,15.73 ,7348.20 
2011-07-01,,,,,,15.73 ,
2011-07-02,,,,,,15.73 ,
2011-07-03,,,,,,15.76 ,
2011-07-04,,,,,,15.76 ,
2011-07-05,,,,,,15.77 ,
2011-07-06,,,,,,15.77 ,
2011-07-07,,,,,,15.77 ,
2011-07-08,,,,,,15.77 ,
2011-07-09,,,,,,15.78 ,
2011-07-10,,,,,,15.81 ,
2011-07-11,,,,,,15.82 ,
2011-07-12,,,,,,15.84 ,
2011-07-13,,,,,,15.84 ,
2011-07-14,,,,,,15.84 ,
2011-07-15,,,,,,15.84 ,
2011-07-16,,,,,,15.84 ,
2011-07-17,,,,,,15.84 ,
2011-07-18,,,,,,15.84 ,
2011-07-19,,,,,,15.84 ,
2011-07-20,,,,,,15.84 ,
2011-07-21,,,,,,15.84 ,
2011-07-22,,,,,,15.84 ,
2011-07-23,,,,,,15.84 ,
2011-07-24,,,,,,15.84 ,
2011-07-25,,,,,,15.84 ,
2011-07-26,,,,,,15.84 ,
2011-07-27,,,,,,15.84 ,
2011-07-28,,,,,,15.84 ,
2011-07-29,,,,,,15.84 ,
2011-07-30,,,,,,15.84 ,
2011-07-31,31873.03 ,424195.25 ,6136.00 ,1284193.00 ,,15.84 ,6136.00 
2011-08-01,,,,,,15.84 ,
2011-08-02,,,,,,15.84 ,
2011-08-03,,,,,,15.84 ,
2011-08-04,,,,,,15.84 ,
2011-08-05,,,,,,15.84 ,
2011-08-06,,,,,,15.84 ,
2011-08-07,,,,,,15.84 ,
2011-08-08,,,,,,15.84 ,
2011-08-09,,,,,,15.84 ,
2011-08-10,,,,,,15.84 ,
2011-08-11,,,,,,15.84 ,
2011-08-12,,,,,,15.84 ,
2011-08-13,,,,,,15.84 ,
2011-08-14,,,,,,15.84 ,
2011-08-15,,,,,,15.84 ,
2011-08-16,,,,,,15.84 ,
2011-08-17,,,,,,15.84 ,
2011-08-18,,,,,,15.79 ,
2011-08-19,,,,,,15.77 ,
2011-08-20,,,,,,15.77 ,
2011-08-21,,,,,,15.77 ,
2011-08-22,,,,,,15.54 ,
2011-08-23,,,,,,15.37 ,
2011-08-24,,,,,,15.26 ,
2011-08-25,,,,,,15.23 ,
2011-08-26,,,,,,15.18 ,
2011-08-27,,,,,,15.15 ,
2011-08-28,,,,,,15.15 ,
2011-08-29,,,,,,15.15 ,
2011-08-30,,,,,,15.14 ,
2011-08-31,37780.84 ,442615.96 ,6041.60 ,1369262.00 ,,15.12 ,6041.60 
2011-09-01,,,,,,14.90 ,
2011-09-02,,,,,,14.67 ,
2011-09-03,,,,,,14.60 ,
2011-09-04,,,,,,14.60 ,
2011-09-05,,,,,,14.51 ,
2011-09-06,,,,,,14.43 ,
2011-09-07,,,,,,14.30 ,
2011-09-08,,,,,,14.17 ,
2011-09-09,,,,,,14.10 ,
2011-09-10,,,,,,14.04 ,
2011-09-11,,,,,,14.03 ,
2011-09-12,,,,,,14.00 ,
2011-09-13,,,,,,13.97 ,
2011-09-14,,,,,,13.92 ,
2011-09-15,,,,,,13.80 ,
2011-09-16,,,,,,13.74 ,
2011-09-17,,,,,,13.67 ,
2011-09-18,,,,,,13.63 ,
2011-09-19,,,,,,13.62 ,
2011-09-20,,,,,,13.60 ,
2011-09-21,,,,,,13.56 ,
2011-09-22,,,,,,13.54 ,
2011-09-23,,,,,,13.51 ,
2011-09-24,,,,,,13.50 ,
2011-09-25,,,,,,13.50 ,
2011-09-26,,,,,,13.41 ,
2011-09-27,,,,,,13.10 ,
2011-09-28,,,,,,12.87 ,
2011-09-29,,,,,,12.34 ,
2011-09-30,44224.84 ,460785.55 ,5983.20 ,1572155.00 ,,12.29 ,5983.20 
2011-10-01,,,,,,12.18 ,
2011-10-02,,,,,,12.07 ,
2011-10-03,,,,,,12.07 ,
2011-10-04,,,,,,12.00 ,
2011-10-05,,,,,,11.93 ,
2011-10-06,,,,,,11.93 ,
2011-10-07,,,,,,11.93 ,
2011-10-08,,,,,,11.93 ,
2011-10-09,,,,,,11.89 ,
2011-10-10,,,,,,11.87 ,
2011-10-11,,,,,,11.81 ,
2011-10-12,,,,,,11.61 ,
2011-10-13,,,,,,11.31 ,
2011-10-14,,,,,,11.11 ,
2011-10-15,,,,,,10.98 ,
2011-10-16,,,,,,10.95 ,
2011-10-17,,,,,,10.91 ,
2011-10-18,,,,,,10.87 ,
2011-10-19,,,,,,10.69 ,
2011-10-20,,,,,,10.38 ,
2011-10-21,,,,,,10.29 ,
2011-10-22,,,,,,10.29 ,
2011-10-23,,,,,,10.29 ,
2011-10-24,,,,,,10.28 ,
2011-10-25,,,,,,10.27 ,
2011-10-26,,,,,,10.25 ,
2011-10-27,,,,,,10.25 ,
2011-10-28,,,,,,10.25 ,
2011-10-29,,,,,,10.25 ,
2011-10-30,,,,,,10.25 ,
2011-10-31,49922.82 ,474785.67 ,6141.10 ,1541200.00 ,,10.25 ,6141.10 
2011-11-01,,,,,,10.21 ,
2011-11-02,,,,,,10.19 ,
2011-11-03,,,,,,10.19 ,
2011-11-04,,,,,,10.19 ,
2011-11-05,,,,,,10.13 ,
2011-11-06,,,,,,10.11 ,
2011-11-07,,,,,,10.07 ,
2011-11-08,,,,,,10.03 ,
2011-11-09,,,,,,9.95 ,
2011-11-10,,,,,,9.93 ,
2011-11-11,,,,,,9.93 ,
2011-11-12,,,,,,9.93 ,
2011-11-13,,,,,,9.93 ,
2011-11-14,,,,,,9.88 ,
2011-11-15,,,,,,9.86 ,
2011-11-16,,,,,,9.86 ,
2011-11-17,,,,,,9.86 ,
2011-11-18,,,,,,9.86 ,
2011-11-19,,,,,,9.86 ,
2011-11-20,,,,,,9.86 ,
2011-11-21,,,,,,9.86 ,
2011-11-22,,,,,,9.86 ,
2011-11-23,,,,,,9.86 ,
2011-11-24,,,,,,9.83 ,
2011-11-25,,,,,,9.79 ,
2011-11-26,,,,,,9.76 ,
2011-11-27,,,,,,9.76 ,
2011-11-28,,,,,,9.71 ,
2011-11-29,,,,,,9.69 ,
2011-11-30,55483.03 ,491311.06 ,5857.10 ,1661767.00 ,,9.59 ,5857.10 
2011-12-01,,,,,,9.55 ,
2011-12-02,,,,,,9.55 ,
2011-12-03,,,,,,9.55 ,
2011-12-04,,,,,,9.55 ,
2011-12-05,,,,,,9.55 ,
2011-12-06,,,,,,9.55 ,
2011-12-07,,,,,,9.52 ,
2011-12-08,,,,,,9.51 ,
2011-12-09,,,,,,9.47 ,
2011-12-10,,,,,,9.44 ,
2011-12-11,,,,,,9.44 ,
2011-12-12,,,,,,9.44 ,
2011-12-13,,,,,,9.44 ,
2011-12-14,,,,,,9.41 ,
2011-12-15,,,,,,9.37 ,
2011-12-16,,,,,,9.31 ,
2011-12-17,,,,,,9.27 ,
2011-12-18,,,,,,9.27 ,
2011-12-19,,,,,,9.27 ,
2011-12-20,,,,,,9.27 ,
2011-12-21,,,,,,9.27 ,
2011-12-22,,,,,,9.25 ,
2011-12-23,,,,,,9.24 ,
2011-12-24,,,,,,9.24 ,
2011-12-25,,,,,,9.24 ,
2011-12-26,,,,,,9.24 ,
2011-12-27,,,,,,9.24 ,
2011-12-28,,,,,,9.24 ,
2011-12-29,,,,,,9.24 ,
2011-12-30,,,,,,9.24 ,
2011-12-31,61796.90 ,506775.48 ,5580.80 ,1660721.00 ,,9.24 ,5580.80 
2012-01-01,,,,,,9.24 ,
2012-01-02,,,,,,9.24 ,
2012-01-03,,,,,,9.24 ,
2012-01-04,,,,,,9.23 ,
2012-01-05,,,,,,9.21 ,
2012-01-06,,,,,,9.20 ,
2012-01-07,,,,,,9.20 ,
2012-01-08,,,,,,9.20 ,
2012-01-09,,,,,,9.20 ,
2012-01-10,,,,,,9.20 ,
2012-01-11,,,,,,9.20 ,
2012-01-12,,,,,,9.20 ,
2012-01-13,,,,,,9.20 ,
2012-01-14,,,,,,9.20 ,
2012-01-15,,,,,,9.20 ,
2012-01-16,,,,,,9.20 ,
2012-01-17,,,,,,9.20 ,
2012-01-18,,,,,,9.20 ,
2012-01-19,,,,,,9.20 ,
2012-01-20,,,,,,9.20 ,
2012-01-21,,,,,,9.20 ,
2012-01-22,,,,,,9.20 ,
2012-01-23,,,,,,9.20 ,
2012-01-24,,,,,,9.20 ,
2012-01-25,,,,,,9.20 ,
2012-01-26,,,,,,9.20 ,
2012-01-27,,,,,,9.20 ,
2012-01-28,,,,,,9.20 ,
2012-01-29,,,,,,9.20 ,
2012-01-30,,,,,,9.20 ,
2012-01-31,,,5696.86 ,1278549.00 ,,9.20 ,5696.86 
2012-02-01,,,,,,9.20 ,
2012-02-02,,,,,,9.20 ,
2012-02-03,,,,,,9.20 ,
2012-02-04,,,,,,9.20 ,
2012-02-05,,,,,,9.20 ,
2012-02-06,,,,,,9.20 ,
2012-02-07,,,,,,9.20 ,
2012-02-08,,,,,,9.20 ,
2012-02-09,,,,,,9.20 ,
2012-02-10,,,,,,9.20 ,
2012-02-11,,,,,,9.20 ,
2012-02-12,,,,,,9.20 ,
2012-02-13,,,,,,9.20 ,
2012-02-14,,,,,,9.20 ,
2012-02-15,,,,,,9.21 ,
2012-02-16,,,,,,9.21 ,
2012-02-17,,,,,,9.21 ,
2012-02-18,,,,,,9.21 ,
2012-02-19,,,,,,9.21 ,
2012-02-20,,,,,,9.21 ,
2012-02-21,,,,,,9.21 ,
2012-02-22,,,,,,9.21 ,
2012-02-23,,,,,,9.21 ,
2012-02-24,,,,,,9.21 ,
2012-02-25,,,,,,9.21 ,
2012-02-26,,,,,,9.21 ,
2012-02-27,,,,,,9.21 ,
2012-02-28,,,,,,9.21 ,
2012-02-29,5431.46 ,394900.82 ,5977.00 ,1582184.00 ,,9.21 ,5977.00 
2012-03-01,,,,,,9.21 ,
2012-03-02,,,,,,9.21 ,
2012-03-03,,,,,,9.21 ,
2012-03-04,,,,,,9.21 ,
2012-03-05,,,,,,9.23 ,
2012-03-06,,,,,,9.25 ,
2012-03-07,,,,,,9.25 ,
2012-03-08,,,,,,9.23 ,
2012-03-09,,,,,,9.22 ,
2012-03-10,,,,,,9.19 ,
2012-03-11,,,,,,9.17 ,
2012-03-12,,,,,,9.16 ,
2012-03-13,,,,,,9.14 ,
2012-03-14,,,,,,9.08 ,
2012-03-15,,,,,,9.05 ,
2012-03-16,,,,,,8.94 ,
2012-03-17,,,,,,8.86 ,
2012-03-18,,,,,,8.81 ,
2012-03-19,,,,,,8.78 ,
2012-03-20,,,,,,8.74 ,
2012-03-21,,,,,,8.68 ,
2012-03-22,,,,,,8.47 ,
2012-03-23,,,,,,8.30 ,
2012-03-24,,,,,,8.22 ,
2012-03-25,,,,,,8.10 ,
2012-03-26,,,,,,8.06 ,
2012-03-27,,,,,,8.04 ,
2012-03-28,,,,,,8.02 ,
2012-03-29,,,,,,7.97 ,
2012-03-30,,,,,,7.96 ,
2012-03-31,10927.17 ,409221.49 ,6369.60 ,1848606.00 ,,7.94 ,6369.60 
2012-04-01,,,,,,7.93 ,
2012-04-02,,,,,,7.92 ,
2012-04-03,,,,,,7.92 ,
2012-04-04,,,,,,7.91 ,
2012-04-05,,,,,,7.90 ,
2012-04-06,,,,,,7.89 ,
2012-04-07,,,,,,7.88 ,
2012-04-08,,,,,,7.88 ,
2012-04-09,,,,,,7.88 ,
2012-04-10,,,,,,7.88 ,
2012-04-11,,,,,,7.86 ,
2012-04-12,,,,,,7.85 ,
2012-04-13,,,,,,7.85 ,
2012-04-14,,,,,,7.85 ,
2012-04-15,,,,,,7.85 ,
2012-04-16,,,,,,7.84 ,
2012-04-17,,,,,,7.84 ,
2012-04-18,,,,,,7.84 ,
2012-04-19,,,,,,7.84 ,
2012-04-20,,,,,,7.84 ,
2012-04-21,,,,,,7.84 ,
2012-04-22,,,,,,7.84 ,
2012-04-23,,,,,,7.84 ,
2012-04-24,,,,,,7.83 ,
2012-04-25,,,,,,7.82 ,
2012-04-26,,,,,,7.80 ,
2012-04-27,,,,,,7.79 ,
2012-04-28,,,,,,7.78 ,
2012-04-29,,,,,,7.78 ,
2012-04-30,15835.19 ,427187.37 ,5928.10 ,1619153.00 ,,7.78 ,5928.10 
2012-05-01,,,,,,7.78 ,
2012-05-02,,,,,,7.78 ,
2012-05-03,,,,,,7.77 ,
2012-05-04,,,,,,7.76 ,
2012-05-05,,,,,,7.76 ,
2012-05-06,,,,,,7.76 ,
2012-05-07,,,,,,7.75 ,
2012-05-08,,,,,,7.74 ,
2012-05-09,,,,,,7.72 ,
2012-05-10,,,,,,7.71 ,
2012-05-11,,,,,,7.70 ,
2012-05-12,,,,,,7.70 ,
2012-05-13,,,,,,7.70 ,
2012-05-14,,,,,,7.70 ,
2012-05-16,,,,,,7.70 ,
2012-05-17,,,,,,7.70 ,
2012-05-18,,,,,,7.68 ,
2012-05-19,,,,,,7.68 ,
2012-05-20,,,,,,7.68 ,
2012-05-21,,,,,,7.68 ,
2012-05-22,,,,,,7.67 ,
2012-05-23,,,,,,7.67 ,
2012-05-24,,,,,,7.67 ,
2012-05-25,,,,,,7.67 ,
2012-05-26,,,,,,7.67 ,
2012-05-27,,,,,,7.67 ,
2012-05-28,,,,,,7.67 ,
2012-05-29,,,,,,7.64 ,
2012-05-30,,,,,,7.63 ,
2012-05-31,22212.93 ,451363.70 ,5863.60 ,1541903.00 ,,7.63 ,5863.60 
2012-06-01,,,,,,7.63 ,
2012-06-02,,,,,,7.63 ,
2012-06-03,,,,,,7.63 ,
2012-06-04,,,,,,7.63 ,
2012-06-05,,,,,,7.63 ,
2012-06-06,,,,,,7.63 ,
2012-06-07,,,,,,7.62 ,
2012-06-08,,,,,,7.62 ,
2012-06-09,,,,,,7.61 ,
2012-06-10,,,,,,7.60 ,
2012-06-11,,,,,,7.59 ,
2012-06-12,,,,,,7.59 ,
2012-06-13,,,,,,7.59 ,
2012-06-14,,,,,,7.58 ,
2012-06-15,,,,,,7.57 ,
2012-06-16,,,,,,7.56 ,
2012-06-17,,,,,,7.56 ,
2012-06-18,,,,,,7.55 ,
2012-06-19,,,,,,7.55 ,
2012-06-20,,,,,,7.54 ,
2012-06-21,,,,,,7.54 ,
2012-06-22,,,,,,7.54 ,
2012-06-23,,,,,,7.52 ,
2012-06-24,,,,,,7.51 ,
2012-06-25,,,,,,7.49 ,
2012-06-26,,,,,,7.47 ,
2012-06-27,,,,,,7.45 ,
2012-06-28,,,,,,7.44 ,
2012-06-29,,,,,,7.42 ,
2012-06-30,30609.83 ,475613.77 ,6192.70 ,1505732.00 ,,7.42 ,6192.70 
2012-07-01,,,,,,7.42 ,
2012-07-02,,,,,,7.42 ,
2012-07-03,,,,,,7.42 ,
2012-07-04,,,,,,7.42 ,
2012-07-05,,,,,,7.42 ,
2012-07-06,,,,,,7.42 ,
2012-07-07,,,,,,7.42 ,
2012-07-08,,,,,,7.41 ,
2012-07-09,,,,,,7.40 ,
2012-07-10,,,,,,7.39 ,
2012-07-11,,,,,,7.38 ,
2012-07-12,,,,,,7.38 ,
2012-07-13,,,,,,7.38 ,
2012-07-14,,,,,,7.38 ,
2012-07-15,,,,,,7.38 ,
2012-07-16,,,,,,7.38 ,
2012-07-17,,,,,,7.37 ,
2012-07-18,,,,,,7.36 ,
2012-07-19,,,,,,7.34 ,
2012-07-20,,,,,,7.34 ,
2012-07-21,,,,,,7.34 ,
2012-07-22,,,,,,7.32 ,
2012-07-23,,,,,,7.31 ,
2012-07-24,,,,,,7.29 ,
2012-07-25,,,,,,7.28 ,
2012-07-26,,,,,,7.27 ,
2012-07-27,,,,,,7.25 ,
2012-07-28,,,,,,7.21 ,
2012-07-29,,,,,,7.16 ,
2012-07-30,,,,,,7.13 ,
2012-07-31,36774.48 ,489216.14 ,5777.50 ,1410201.00 ,,7.11 ,5777.50 
2012-08-01,,,,,,7.09 ,
2012-08-02,,,,,,7.08 ,
2012-08-03,,,,,,7.07 ,
2012-08-04,,,,,,7.07 ,
2012-08-05,,,,,,7.06 ,
2012-08-06,,,,,,7.05 ,
2012-08-07,,,,,,7.03 ,
2012-08-08,,,,,,7.02 ,
2012-08-09,,,,,,6.99 ,
2012-08-10,,,,,,6.97 ,
2012-08-11,,,,,,6.96 ,
2012-08-12,,,,,,6.96 ,
2012-08-13,,,,,,6.96 ,
2012-08-14,,,,,,6.96 ,
2012-08-15,,,,,,6.96 ,
2012-08-16,,,,,,6.96 ,
2012-08-17,,,,,,6.96 ,
2012-08-18,,,,,,6.96 ,
2012-08-19,,,,,,6.96 ,
2012-08-20,,,,,,6.96 ,
2012-08-21,,,,,,6.96 ,
2012-08-22,,,,,,6.96 ,
2012-08-23,,,,,,6.96 ,
2012-08-24,,,,,,6.96 ,
2012-08-25,,,,,,6.96 ,
2012-08-26,,,,,,6.96 ,
2012-08-27,,,,,,6.94 ,
2012-08-28,,,,,,6.94 ,
2012-08-29,,,,,,6.94 ,
2012-08-30,,,,,,6.93 ,
2012-08-31,43687.88 ,511657.29 ,5637.50 ,1474396.00 ,,6.95 ,5637.50 
2012-09-01,,,,,,6.96 ,
2012-09-02,,,,,,6.98 ,
2012-09-03,,,,,,6.98 ,
2012-09-04,,,,,,6.98 ,
2012-09-05,,,,,,6.98 ,
2012-09-06,,,,,,6.98 ,
2012-09-07,,,,,,6.98 ,
2012-09-08,,,,,,6.98 ,
2012-09-09,,,,,,6.98 ,
2012-09-10,,,,,,6.98 ,
2012-09-11,,,,,,6.98 ,
2012-09-12,,,,,,6.98 ,
2012-09-13,,,,,,6.98 ,
2012-09-14,,,,,,6.98 ,
2012-09-15,,,,,,6.98 ,
2012-09-16,,,,,,6.98 ,
2012-09-17,,,,,,6.98 ,
2012-09-18,,,,,,6.98 ,
2012-09-19,,,,,,6.97 ,
2012-09-20,,,,,,6.96 ,
2012-09-21,,,,,,6.96 ,
2012-09-22,,,,,,6.96 ,
2012-09-23,,,,,,6.96 ,
2012-09-24,,,,,,6.96 ,
2012-09-25,,,,,,6.96 ,
2012-09-26,,,,,,6.96 ,
2012-09-27,,,,,,6.96 ,
2012-09-28,,,,,,6.96 ,
2012-09-29,,,,,,6.95 ,
2012-09-30,51045.93 ,525376.54 ,5898.70 ,1641366.00 ,,6.95 ,5898.70 
2012-10-01,,,,,,6.95 ,
2012-10-02,,,,,,6.95 ,
2012-10-03,,,,,,6.95 ,
2012-10-04,,,,,,6.95 ,
2012-10-05,,,,,,6.95 ,
2012-10-06,,,,,,6.95 ,
2012-10-07,,,,,,6.95 ,
2012-10-08,,,,,,6.93 ,
2012-10-09,,,,,,6.93 ,
2012-10-10,,,,,,6.92 ,
2012-10-11,,,,,,6.91 ,
2012-10-12,,,,,,6.90 ,
2012-10-13,,,,,,6.90 ,
2012-10-14,,,,,,6.90 ,
2012-10-15,,,,,,6.90 ,
2012-10-16,,,,,,6.90 ,
2012-10-17,,,,,,6.90 ,
2012-10-18,,,,,,6.90 ,
2012-10-19,,,,,,6.90 ,
2012-10-20,,,,,,6.90 ,
2012-10-21,,,,,,6.90 ,
2012-10-22,,,,,,6.90 ,
2012-10-23,,,,,,6.90 ,
2012-10-24,,,,,,6.84 ,
2012-10-25,,,,,,6.84 ,
2012-10-26,,,,,,6.83 ,
2012-10-27,,,,,,6.82 ,
2012-10-28,,,,,,6.82 ,
2012-10-29,,,,,,6.82 ,
2012-10-30,,,,,,6.81 ,
2012-10-31,57628.75 ,538149.20 ,5841.40 ,1572413.00 ,,6.65 ,5841.40 
2012-11-01,,,,,,6.57 ,
2012-11-02,,,,,,6.50 ,
2012-11-03,,,,,,6.45 ,
2012-11-04,,,,,,6.39 ,
2012-11-05,,,,,,6.35 ,
2012-11-06,,,,,,6.31 ,
2012-11-07,,,,,,6.26 ,
2012-11-08,,,,,,6.25 ,
2012-11-09,,,,,,6.22 ,
2012-11-10,,,,,,6.22 ,
2012-11-11,,,,,,6.18 ,
2012-11-12,,,,,,6.11 ,
2012-11-13,,,,,,6.05 ,
2012-11-14,,,,,,5.97 ,
2012-11-15,,,,,,5.91 ,
2012-11-16,,,,,,5.85 ,
2012-11-17,,,,,,5.79 ,
2012-11-18,,,,,,5.77 ,
2012-11-19,,,,,,5.75 ,
2012-11-20,,,,,,5.74 ,
2012-11-21,,,,,,5.74 ,
2012-11-22,,,,,,5.74 ,
2012-11-23,,,,,,5.74 ,
2012-11-24,,,,,,5.74 ,
2012-11-25,,,,,,5.74 ,
2012-11-26,,,,,,5.74 ,
2012-11-27,,,,,,5.72 ,
2012-11-28,,,,,,5.71 ,
2012-11-29,,,,,,5.70 ,
2012-11-30,64772.40 ,556657.88 ,5738.10 ,1739995.00 ,,5.69 ,5738.10 
2012-12-01,,,,,,5.68 ,
2012-12-02,,,,,,5.66 ,
2012-12-03,,,,,,5.66 ,
2012-12-04,,,,,,5.66 ,
2012-12-05,,,,,,5.66 ,
2012-12-06,,,,,,5.66 ,
2012-12-07,,,,,,5.66 ,
2012-12-08,,,,,,5.66 ,
2012-12-09,,,,,,5.66 ,
2012-12-10,,,,,,5.66 ,
2012-12-11,,,,,,5.66 ,
2012-12-12,,,,,,5.66 ,
2012-12-13,,,,,,5.65 ,
2012-12-14,,,,,,5.65 ,
2012-12-15,,,,,,5.65 ,
2012-12-16,,,,,,5.65 ,
2012-12-17,,,,,,5.65 ,
2012-12-18,,,,,,5.65 ,
2012-12-19,,,,,,5.65 ,
2012-12-20,,,,,,5.65 ,
2012-12-21,,,,,,5.65 ,
2012-12-22,,,,,,5.65 ,
2012-12-23,,,,,,5.65 ,
2012-12-24,,,,,,5.65 ,
2012-12-25,,,,,,5.65 ,
2012-12-26,,,,,,5.65 ,
2012-12-27,,,,,,5.65 ,
2012-12-28,,,,,,5.65 ,
2012-12-29,,,,,,5.65 ,
2012-12-30,,,,,,5.65 ,
2012-12-31,71803.79 ,573417.52 ,5598.10 ,1767010.00 ,,5.65 ,5598.10 
2013-01-01,,,,,,5.65 ,
2013-01-02,,,,,,5.65 ,
2013-01-03,,,,,,5.65 ,
2013-01-04,,,,,,5.65 ,
2013-01-05,,,,,,5.65 ,
2013-01-06,,,,,,5.65 ,
2013-01-07,,,,,,5.65 ,
2013-01-08,,,,,,5.65 ,
2013-01-09,,,,,,5.65 ,
2013-01-10,,,,,,5.67 ,
2013-01-11,,,,,,5.67 ,
2013-01-12,,,,,,5.67 ,
2013-01-13,,,,,,5.67 ,
2013-01-14,,,,,,5.67 ,
2013-01-15,,,,,,5.67 ,
2013-01-16,,,,,,5.67 ,
2013-01-17,,,,,,5.67 ,
2013-01-18,,,,,,5.67 ,
2013-01-19,,,,,,5.67 ,
2013-01-20,,,,,,5.67 ,
2013-01-21,,,,,,5.67 ,
2013-01-22,,,,,,5.68 ,
2013-01-23,,,,,,5.70 ,
2013-01-24,,,,,,5.74 ,
2013-01-25,,,,,,5.74 ,
2013-01-26,,,,,,5.75 ,
2013-01-27,,,,,,5.75 ,
2013-01-28,,,,,,5.75 ,
2013-01-29,,,,,,5.75 ,
2013-01-30,,,,,,5.75 ,
2013-01-31,,,6301.70 ,1940596.00 ,,5.75 ,6301.70 
2013-02-01,,,,,,5.75 ,
2013-02-02,,,,,,5.75 ,
2013-02-03,,,,,,5.75 ,
2013-02-04,,,,,,5.75 ,
2013-02-05,,,,,,5.78 ,
2013-02-06,,,,,,5.78 ,
2013-02-07,,,,,,5.78 ,
2013-02-08,,,,,,5.78 ,
2013-02-09,,,,,,5.78 ,
2013-02-10,,,,,,5.78 ,
2013-02-11,,,,,,5.78 ,
2013-02-12,,,,,,5.78 ,
2013-02-13,,,,,,5.78 ,
2013-02-14,,,,,,5.78 ,
2013-02-15,,,,,,5.78 ,
2013-02-16,,,,,,5.78 ,
2013-02-17,,,,,,5.78 ,
2013-02-18,,,,,,5.78 ,
2013-02-19,,,,,,5.78 ,
2013-02-20,,,,,,5.79 ,
2013-02-21,,,,,,5.80 ,
2013-02-22,,,,,,5.80 ,
2013-02-23,,,,,,5.80 ,
2013-02-24,,,,,,5.80 ,
2013-02-25,,,,,,5.80 ,
2013-02-26,,,,,,5.82 ,
2013-02-27,,,,,,5.82 ,
2013-02-28,6669.70 ,455422.43 ,5956.40 ,1333445.00 ,,5.85 ,5956.40 
2013-03-01,,,,,,5.89 ,
2013-03-02,,,,,,5.91 ,
2013-03-03,,,,,,5.91 ,
2013-03-04,,,,,,5.91 ,
2013-03-05,,,,,,5.92 ,
2013-03-06,,,,,,5.93 ,
2013-03-07,,,,,,5.95 ,
2013-03-08,,,,,,5.98 ,
2013-03-09,,,,,,5.98 ,
2013-03-10,,,,,,5.98 ,
2013-03-11,,,,,,5.98 ,
2013-03-12,,,,,,6.00 ,
2013-03-13,,,,,,6.00 ,
2013-03-14,,,,,,6.00 ,
2013-03-15,,,,,,6.00 ,
2013-03-16,,,,,,6.00 ,
2013-03-17,,,,,,6.00 ,
2013-03-18,,,,,,6.00 ,
2013-03-19,,,,,,6.00 ,
2013-03-20,,,,,,6.00 ,
2013-03-21,,,,,,6.00 ,
2013-03-22,,,,,,6.00 ,
2013-03-23,,,,,,6.00 ,
2013-03-24,,,,,,6.00 ,
2013-03-25,,,,,,6.00 ,
2013-03-26,,,,,,6.00 ,
2013-03-27,,,,,,6.00 ,
2013-03-28,,,,,,6.00 ,
2013-03-29,,,,,,6.00 ,
2013-03-30,,,,,,6.00 ,
2013-03-31,13132.57 ,478949.58 ,6954.00 ,2054621.00 ,,6.00 ,6954.00 
2013-04-01,,,,,,6.00 ,
2013-04-02,,,,,,6.00 ,
2013-04-03,,,,,,6.00 ,
2013-04-04,,,,,,6.00 ,
2013-04-05,,,,,,6.00 ,
2013-04-06,,,,,,6.00 ,
2013-04-07,,,,,,5.98 ,
2013-04-08,,,,,,5.98 ,
2013-04-09,,,,,,5.97 ,
2013-04-10,,,,,,5.95 ,
2013-04-11,,,,,,5.95 ,
2013-04-12,,,,,,5.95 ,
2013-04-13,,,,,,5.95 ,
2013-04-14,,,,,,5.95 ,
2013-04-15,,,,,,5.95 ,
2013-04-16,,,,,,5.95 ,
2013-04-17,,,,,,5.95 ,
2013-04-18,,,,,,5.95 ,
2013-04-19,,,,,,5.95 ,
2013-04-20,,,,,,5.95 ,
2013-04-21,,,,,,5.95 ,
2013-04-22,,,,,,5.95 ,
2013-04-23,,,,,,5.93 ,
2013-04-24,,,,,,5.93 ,
2013-04-25,,,,,,5.92 ,
2013-04-26,,,,,,5.90 ,
2013-04-27,,,,,,5.90 ,
2013-04-28,,,,,,5.90 ,
2013-04-29,,,,,,5.90 ,
2013-04-30,19180.14 ,500617.69 ,6238.70 ,1872236.00 ,,5.90 ,6238.70 
2013-05-01,,,,,,5.90 ,
2013-05-02,,,,,,5.90 ,
2013-05-03,,,,,,5.90 ,
2013-05-04,,,,,,5.90 ,
2013-05-05,,,,,,5.90 ,
2013-05-06,,,,,,5.90 ,
2013-05-07,,,,,,5.90 ,
2013-05-08,,,,,,5.90 ,
2013-05-09,,,,,,5.88 ,
2013-05-10,,,,,,5.87 ,
2013-05-11,,,,,,5.87 ,
2013-05-12,,,,,,5.87 ,
2013-05-13,,,,,,5.87 ,
2013-05-14,,,,,,5.87 ,
2013-05-15,,,,,,5.87 ,
2013-05-16,,,,,,5.87 ,
2013-05-17,,,,,,5.87 ,
2013-05-18,,,,,,5.87 ,
2013-05-19,,,,,,5.87 ,
2013-05-20,,,,,,5.87 ,
2013-05-21,,,,,,5.87 ,
2013-05-22,,,,,,5.87 ,
2013-05-23,,,,,,5.87 ,
2013-05-24,,,,,,5.87 ,
2013-05-25,,,,,,5.87 ,
2013-05-26,,,,,,5.87 ,
2013-05-27,,,,,,5.87 ,
2013-05-28,,,,,,5.87 ,
2013-05-29,,,,,,5.87 ,
2013-05-30,,,,,,5.87 ,
2013-05-31,26797.97 ,523430.98 ,6621.04 ,1759174.00 ,,5.87 ,6621.04 
2013-06-01,,,,,,5.87 ,
2013-06-02,,,,,,5.87 ,
2013-06-03,,,,,,5.87 ,
2013-06-04,,,,,,5.87 ,
2013-06-05,,,,,,5.87 ,
2013-06-06,,,,,,5.87 ,
2013-06-07,,,,,,5.87 ,
2013-06-08,,,,,,5.87 ,
2013-06-09,,,,,,5.87 ,
2013-06-10,,,,,,5.87 ,
2013-06-11,,,,,,5.87 ,
2013-06-12,,,,,,5.87 ,
2013-06-13,,,,,,5.87 ,
2013-06-14,,,,,,5.87 ,
2013-06-15,,,,,,5.87 ,
2013-06-16,,,,,,5.87 ,
2013-06-17,,,,,,5.87 ,
2013-06-18,,,,,,5.87 ,
2013-06-19,,,,,,5.87 ,
2013-06-20,,,,,,5.87 ,
2013-06-21,,,,,,5.87 ,
2013-06-22,,,,,,5.87 ,
2013-06-23,,,,,,5.86 ,
2013-06-24,,,,,,5.84 ,
2013-06-25,,,,,,5.83 ,
2013-06-26,,,,,,5.83 ,
2013-06-27,,,,,,5.83 ,
2013-06-28,,,,,,5.83 ,
2013-06-29,,,,,,5.83 ,
2013-06-30,36827.94 ,549408.42 ,7096.84 ,1650603.00 ,,5.83 ,7096.84 
2013-07-01,,,,,,5.83 ,
2013-07-02,,,,,,5.83 ,
2013-07-03,,,,,,5.83 ,
2013-07-04,,,,,,5.83 ,
2013-07-05,,,,,,5.83 ,
2013-07-06,,,,,,5.83 ,
2013-07-07,,,,,,5.83 ,
2013-07-08,,,,,,5.83 ,
2013-07-10,,,,,,5.83 ,
2013-07-11,,,,,,5.83 ,
2013-07-12,,,,,,5.83 ,
2013-07-13,,,,,,5.83 ,
2013-07-14,,,,,,5.83 ,
2013-07-15,,,,,,5.83 ,
2013-07-16,,,,,,5.83 ,
2013-07-17,,,,,,5.83 ,
2013-07-18,,,,,,5.83 ,
2013-07-19,,,,,,5.83 ,
2013-07-20,,,,,,5.83 ,
2013-07-21,,,,,,5.83 ,
2013-07-22,,,,,,5.83 ,
2013-07-23,,,,,,5.83 ,
2013-07-24,,,,,,5.83 ,
2013-07-25,,,,,,5.83 ,
2013-07-26,,,,,,5.83 ,
2013-07-27,,,,,,5.83 ,
2013-07-28,,,,,,5.83 ,
2013-07-29,,,,,,5.83 ,
2013-07-30,,,,,,5.83 ,
2013-07-31,44301.58 ,568680.95 ,6384.78 ,1559381.00 ,,5.83 ,6384.78 
2013-08-01,,,,,,5.83 ,
2013-08-02,,,,,,5.83 ,
2013-08-03,,,,,,5.83 ,
2013-08-04,,,,,,5.83 ,
2013-08-05,,,,,,5.83 ,
2013-08-06,,,,,,5.83 ,
2013-08-07,,,,,,5.83 ,
2013-08-08,,,,,,5.83 ,
2013-08-09,,,,,,5.83 ,
2013-08-10,,,,,,5.83 ,
2013-08-11,,,,,,5.83 ,
2013-08-12,,,,,,5.83 ,
2013-08-13,,,,,,5.83 ,
2013-08-14,,,,,,5.84 ,
2013-08-15,,,,,,5.84 ,
2013-08-16,,,,,,5.84 ,
2013-08-17,,,,,,5.84 ,
2013-08-18,,,,,,5.84 ,
2013-08-19,,,,,,5.84 ,
2013-08-20,,,,,,5.84 ,
2013-08-21,,,,,,5.84 ,
2013-08-22,,,,,,5.84 ,
2013-08-23,,,,,,5.84 ,
2013-08-24,,,,,,5.84 ,
2013-08-25,,,,,,5.84 ,
2013-08-26,,,,,,5.84 ,
2013-08-27,,,,,,5.84 ,
2013-08-28,,,,,,5.84 ,
2013-08-29,,,,,,5.84 ,
2013-08-30,,,,,,5.85 ,
2013-08-31,52119.77 ,585552.79 ,6353.76 ,1656394.00 ,,5.85 ,6353.76 
2013-09-01,,,,,,5.85 ,
2013-09-02,,,,,,5.85 ,
2013-09-03,,,,,,5.85 ,
2013-09-04,,,,,,5.85 ,
2013-09-05,,,,,,5.85 ,
2013-09-06,,,,,,5.85 ,
2013-09-07,,,,,,5.85 ,
2013-09-08,,,,,,5.85 ,
2013-09-09,,,,,,5.84 ,
2013-09-10,,,,,,5.83 ,
2013-09-11,,,,,,5.83 ,
2013-09-12,,,,,,5.83 ,
2013-09-13,,,,,,5.83 ,
2013-09-14,,,,,,5.83 ,
2013-09-15,,,,,,5.83 ,
2013-09-16,,,,,,5.83 ,
2013-09-17,,,,,,5.83 ,
2013-09-18,,,,,,5.83 ,
2013-09-19,,,,,,5.83 ,
2013-09-20,,,,,,5.83 ,
2013-09-21,,,,,,5.83 ,
2013-09-22,,,,,,5.83 ,
2013-09-23,,,,,,5.83 ,
2013-09-24,,,,,,5.83 ,
2013-09-25,,,,,,5.83 ,
2013-09-26,,,,,,5.83 ,
2013-09-27,,,,,,5.84 ,
2013-09-28,,,,,,5.86 ,
2013-09-29,,,,,,5.87 ,
2013-09-30,61119.55 ,603981.64 ,6525.66 ,1897281.00 ,,5.87 ,6525.66 
2013-10-01,,,,,,5.87 ,
2013-10-02,,,,,,5.87 ,
2013-10-03,,,,,,5.87 ,
2013-10-04,,,,,,5.87 ,
2013-10-05,,,,,,5.87 ,
2013-10-06,,,,,,5.87 ,
2013-10-07,,,,,,5.87 ,
2013-10-08,,,,,,5.87 ,
2013-10-09,,,,,,5.87 ,
2013-10-10,,,,,,5.87 ,
2013-10-11,,,,,,5.87 ,
2013-10-12,,,,,,5.87 ,
2013-10-13,,,,,,5.87 ,
2013-10-14,,,,,,5.87 ,
2013-10-15,,,,,,5.87 ,
2013-10-16,,,,,,5.87 ,
2013-10-17,,,,,,5.87 ,
2013-10-18,,,,,,5.87 ,
2013-10-19,,,,,,5.87 ,
2013-10-20,,,,,,5.87 ,
2013-10-21,,,,,,5.87 ,
2013-10-22,,,,,,5.87 ,
2013-10-23,,,,,,5.87 ,
2013-10-24,,,,,,5.87 ,
2013-10-25,,,,,,5.87 ,
2013-10-26,,,,,,5.87 ,
2013-10-27,,,,,,5.87 ,
2013-10-28,,,,,,5.87 ,
2013-10-29,,,,,,5.87 ,
2013-10-30,,,,,,5.87 ,
2013-10-31,68693.18 ,616465.06 ,6601.22 ,1886930.00 ,,5.87 ,6601.22 
2013-11-01,,,,,,5.87 ,
2013-11-02,,,,,,5.87 ,
2013-11-03,,,,,,5.87 ,
2013-11-04,,,,,,5.87 ,
2013-11-05,,,,,,5.87 ,
2013-11-06,,,,,,5.87 ,
2013-11-07,,,,,,5.87 ,
2013-11-08,,,,,,5.87 ,
2013-11-09,,,,,,5.87 ,
2013-11-10,,,,,,5.87 ,
2013-11-11,,,,,,5.87 ,
2013-11-12,,,,,,5.87 ,
2013-11-13,,,,,,5.87 ,
2013-11-14,,,,,,5.87 ,
2013-11-15,,,,,,5.87 ,
2013-11-16,,,,,,5.87 ,
2013-11-17,,,,,,5.87 ,
2013-11-18,,,,,,5.87 ,
2013-11-19,,,,,,5.87 ,
2013-11-20,,,,,,5.87 ,
2013-11-21,,,,,,5.87 ,
2013-11-22,,,,,,5.87 ,
2013-11-23,,,,,,5.87 ,
2013-11-24,,,,,,5.87 ,
2013-11-25,,,,,,5.87 ,
2013-11-26,,,,,,5.87 ,
2013-11-27,,,,,,5.87 ,
2013-11-28,,,,,,5.87 ,
2013-11-29,,,,,,5.87 ,
2013-11-30,77412.16 ,646096.11 ,6366.98 ,2092408.00 ,,5.87 ,6366.98 
2013-12-01,,,,,,5.87 ,
2013-12-02,,,,,,5.87 ,
2013-12-03,,,,,,5.87 ,
2013-12-04,,,,,,5.87 ,
2013-12-05,,,,,,5.87 ,
2013-12-06,,,,,,5.87 ,
2013-12-07,,,,,,5.87 ,
2013-12-08,,,,,,5.87 ,
2013-12-09,,,,,,5.87 ,
2013-12-10,,,,,,5.87 ,
2013-12-11,,,,,,5.87 ,
2013-12-12,,,,,,5.87 ,
2013-12-13,,,,,,5.87 ,
2013-12-14,,,,,,5.87 ,
2013-12-15,,,,,,5.87 ,
2013-12-16,,,,,,5.87 ,
2013-12-17,,,,,,5.87 ,
2013-12-18,,,,,,5.87 ,
2013-12-19,,,,,,5.87 ,
2013-12-20,,,,,,5.89 ,
2013-12-21,,,,,,5.90 ,
2013-12-22,,,,,,5.92 ,
2013-12-23,,,,,,5.93 ,
2013-12-24,,,,,,5.96 ,
2013-12-25,,,,,,5.96 ,
2013-12-26,,,,,,5.96 ,
2013-12-27,,,,,,5.97 ,
2013-12-28,,,,,,5.97 ,
2013-12-29,,,,,,5.97 ,
2013-12-30,,,,,,5.98 ,
2013-12-31,86013.38 ,665571.89 ,6150.50 ,2095493.00 ,,5.99 ,6150.50 
2014-01-02,,,,,,5.99 ,
2014-01-03,,,,,,5.99 ,
2014-01-04,,,,,,5.99 ,
2014-01-05,,,,,,5.99 ,
2014-01-06,,,,,,5.99 ,
2014-01-07,,,,,,5.99 ,
2014-01-08,,,,,,5.99 ,
2014-01-09,,,,,,5.99 ,
2014-01-10,,,,,,5.99 ,
2014-01-11,,,,,,6.02 ,
2014-01-12,,,,,,6.03 ,
2014-01-13,,,,,,6.07 ,
2014-01-14,,,,,,6.08 ,
2014-01-15,,,,,,6.09 ,
2014-01-16,,,,,,6.09 ,
2014-01-17,,,,,,6.09 ,
2014-01-18,,,,,,6.09 ,
2014-01-19,,,,,,6.09 ,
2014-01-20,,,,,,6.09 ,
2014-01-21,,,,,,6.09 ,
2014-01-22,,,,,,6.09 ,
2014-01-23,,,,,,6.09 ,
2014-01-24,,,,,,6.16 ,
2014-01-25,,,,,,6.28 ,
2014-01-26,,,,,,6.35 ,
2014-01-27,,,,,,6.51 ,
2014-01-28,,,,,,6.63 ,
2014-01-29,,,,,,6.63 ,
2014-01-30,,,,,,6.63 ,
2014-01-31,,,,2025490.00 ,,6.63 ,
2014-02-01,,,,,,6.63 ,
2014-02-02,,,,,,6.63 ,
2014-02-03,,,,,,6.63 ,
2014-02-04,,,,,,6.63 ,
2014-02-05,,,,,,6.63 ,
2014-02-06,,,,,,6.63 ,
2014-02-07,,,,,,6.63 ,
2014-02-08,,,,,,6.63 ,
2014-02-09,,,,,,6.64 ,
2014-02-10,,,,,,6.66 ,
2014-02-11,,,,,,6.66 ,
2014-02-12,,,,,,6.66 ,
2014-02-13,,,,,,6.66 ,
2014-02-14,,,,,,6.68 ,
2014-02-15,,,,,,6.70 ,
2014-02-16,,,,,,6.74 ,
2014-02-17,,,,,,6.75 ,
2014-02-18,,,,,,6.75 ,
2014-02-19,,,,,,6.77 ,
2014-02-20,,,,,,6.78 ,
2014-02-21,,,,,,6.78 ,
2014-02-22,,,,,,6.78 ,
2014-02-23,,,,,,6.78 ,
2014-02-24,,,,,,6.78 ,
2014-02-25,,,,,,6.78 ,
2014-02-26,,,,,,6.80 ,
2014-02-27,,,,,,6.80 ,
2014-02-28,7955.98 ,529592.92 ,,1620474.00 ,,6.80 ,
2014-03-01,,,,,,6.80 ,
2014-03-02,,,,,,6.80 ,
2014-03-03,,,,,,6.80 ,
2014-03-04,,,,,,6.76 ,
2014-03-05,,,,,,6.75 ,
2014-03-06,,,,,,6.73 ,
2014-03-07,,,,,,6.71 ,
2014-03-08,,,,,,6.71 ,
2014-03-09,,,,,,6.71 ,
2014-03-10,,,,,,6.71 ,
2014-03-11,,,,,,6.71 ,
2014-03-12,,,,,,6.71 ,
2014-03-13,,,,,,6.70 ,
2014-03-14,,,,,,6.69 ,
2014-03-15,,,,,,6.69 ,
2014-03-16,,,,,,6.69 ,
2014-03-17,,,,,,6.68 ,
2014-03-18,,,,,,6.66 ,
2014-03-19,,,,,,6.66 ,
2014-03-20,,,,,,6.66 ,
2014-03-21,,,,,,6.65 ,
2014-03-22,,,,,,6.65 ,
2014-03-23,,,,,,6.65 ,
2014-03-24,,,,,,6.65 ,
2014-03-25,,,,,,6.64 ,
2014-03-26,,,,,,6.62 ,
2014-03-27,,,,,,6.61 ,
2014-03-28,,,,,,6.60 ,
2014-03-29,,,,,,6.60 ,
2014-03-30,,,,,,6.60 ,
2014-03-31,15339.24 ,547030.44 ,7063.60 ,2178326.00 ,,6.58 ,7063.60 
2014-04-01,,,,,,6.56 ,
2014-04-02,,,,,,6.55 ,
2014-04-03,,,,,,6.51 ,
2014-04-04,,,,,,6.48 ,
2014-04-05,,,,,,6.48 ,
2014-04-06,,,,,,6.47 ,
2014-04-07,,,,,,6.46 ,
2014-04-08,,,,,,6.45 ,
2014-04-09,,,,,,6.43 ,
2014-04-10,,,,,,6.43 ,
2014-04-11,,,,,,6.42 ,
2014-04-12,,,,,,6.40 ,
2014-04-13,,,,,,6.35 ,
2014-04-14,,,,,,6.30 ,
2014-04-15,,,,,,6.27 ,
2014-04-16,,,,,,6.25 ,
2014-04-17,,,,,,6.25 ,
2014-04-18,,,,,,6.25 ,
2014-04-19,,,,,,6.25 ,
2014-04-20,,,,,,6.25 ,
2014-04-21,,,,,,6.25 ,
2014-04-22,,,,,,6.25 ,
2014-04-23,,,,,,6.25 ,
2014-04-24,,,,,,6.25 ,
2014-04-25,,,,,,6.25 ,
2014-04-26,,,,,,6.25 ,
2014-04-27,,,,,,6.25 ,
2014-04-28,,,,,,6.25 ,
2014-04-29,,,,,,6.24 ,
2014-04-30,22321.56 ,564782.49 ,6799.83 ,2042797.00 ,,6.24 ,6799.83 
2014-05-01,,,,,,6.24 ,
2014-05-02,,,,,,6.24 ,
2014-05-03,,,,,,6.24 ,
2014-05-04,,,,,,6.21 ,
2014-05-05,,,,,,6.21 ,
2014-05-06,,,,,,6.20 ,
2014-05-07,,,,,,6.17 ,
2014-05-08,,,,,,6.16 ,
2014-05-09,,,,,,6.15 ,
2014-05-10,,,,,,6.15 ,
2014-05-11,,,,,,6.14 ,
2014-05-12,,,,,,6.13 ,
2014-05-13,,,,,,6.12 ,
2014-05-14,,,,,,6.12 ,
2014-05-15,,,,,,6.12 ,
2014-05-16,,,,,,6.11 ,
2014-05-17,,,,,,6.11 ,
2014-05-18,,,,,,6.11 ,
2014-05-19,,,,,,6.11 ,
2014-05-20,,,,,,6.11 ,
2014-05-21,,,,,,6.11 ,
2014-05-22,,,,,,6.10 ,
2014-05-23,,,,,,6.09 ,
2014-05-24,,,,,,6.09 ,
2014-05-25,,,,,,6.09 ,
2014-05-26,,,,,,6.07 ,
2014-05-27,,,,,,6.06 ,
2014-05-28,,,,,,6.05 ,
2014-05-29,,,,,,6.04 ,
2014-05-30,,,,,,6.04 ,
2014-05-31,30738.58 ,586080.91 ,7143.75 ,1949708.00 ,,6.04 ,7143.75 
2014-06-01,,,,,,6.04 ,
2014-06-02,,,,,,6.04 ,
2014-06-03,,,,,,6.04 ,
2014-06-04,,,,,,6.04 ,
2014-06-05,,,,,,6.03 ,
2014-06-06,,,,,,6.02 ,
2014-06-07,,,,,,6.02 ,
2014-06-08,,,,,,6.02 ,
2014-06-09,,,,,,6.01 ,
2014-06-10,,,,,,6.00 ,
2014-06-11,,,,,,6.00 ,
2014-06-12,,,,,,6.00 ,
2014-06-13,,,,,,6.00 ,
2014-06-14,,,,,,6.00 ,
2014-06-15,,,,,,6.00 ,
2014-06-16,,,,,,6.00 ,
2014-06-17,,,,,,6.00 ,
2014-06-18,,,,,,5.99 ,
2014-06-19,,,,,,5.98 ,
2014-06-20,,,,,,5.97 ,
2014-06-21,,,,,,5.97 ,
2014-06-22,,,,,,5.97 ,
2014-06-23,,,,,,5.97 ,
2014-06-24,,,,,,5.97 ,
2014-06-25,,,,,,5.97 ,
2014-06-26,,,,,,5.97 ,
2014-06-27,,,,,,5.95 ,
2014-06-28,,,,,,5.95 ,
2014-06-29,,,,,,5.95 ,
2014-06-30,42018.62 ,611405.64 ,7033.14 ,1829371.00 ,,5.94 ,7033.14 
2014-07-01,,,,,,5.94 ,
2014-07-02,,,,,,5.93 ,
2014-07-03,,,,,,5.93 ,
2014-07-04,,,,,,5.93 ,
2014-07-05,,,,,,5.93 ,
2014-07-06,,,,,,5.93 ,
2014-07-07,,,,,,5.91 ,
2014-07-08,,,,,,5.90 ,
2014-07-09,,,,,,5.88 ,
2014-07-10,,,,,,5.86 ,
2014-07-11,,,,,,5.86 ,
2014-07-12,,,,,,5.86 ,
2014-07-13,,,,,,5.86 ,
2014-07-14,,,,,,5.86 ,
2014-07-15,,,,,,5.86 ,
2014-07-16,,,,,,5.85 ,
2014-07-17,,,,,,5.85 ,
2014-07-18,,,,,,5.85 ,
2014-07-19,,,,,,5.85 ,
2014-07-20,,,,,,5.85 ,
2014-07-21,,,,,,5.85 ,
2014-07-22,,,,,,5.85 ,
2014-07-23,,,,,,5.85 ,
2014-07-24,,,,,,5.85 ,
2014-07-25,,,,,,5.85 ,
2014-07-26,,,,,,5.85 ,
2014-07-27,,,,,,5.85 ,
2014-07-28,,,,,,5.85 ,
2014-07-29,,,,,,5.84 ,
2014-07-30,,,,,,5.83 ,
2014-07-31,50381.25 ,632684.92 ,6721.47 ,1689763.00 ,,5.81 ,6721.47 
2014-08-01,,,,,,5.81 ,
2014-08-02,,,,,,5.81 ,
2014-08-03,,,,,,5.81 ,
2014-08-04,,,,,,5.81 ,
2014-08-05,,,,,,5.81 ,
2014-08-06,,,,,,5.81 ,
2014-08-07,,,,,,5.80 ,
2014-08-08,,,,,,5.79 ,
2014-08-09,,,,,,5.79 ,
2014-08-10,,,,,,5.79 ,
2014-08-11,,,,,,5.79 ,
2014-08-12,,,,,,5.76 ,
2014-08-13,,,,,,5.75 ,
2014-08-14,,,,,,5.75 ,
2014-08-15,,,,,,5.74 ,
2014-08-16,,,,,,5.74 ,
2014-08-17,,,,,,5.74 ,
2014-08-18,,,,,,5.74 ,
2014-08-19,,,,,,5.74 ,
2014-08-20,,,,,,5.72 ,
2014-08-21,,,,,,5.71 ,
2014-08-22,,,,,,5.70 ,
2014-08-23,,,,,,5.70 ,
2014-08-24,,,,,,5.70 ,
2014-08-25,,,,,,5.70 ,
2014-08-26,,,,,,5.70 ,
2014-08-27,,,,,,5.69 ,
2014-08-28,,,,,,5.70 ,
2014-08-29,,,,,,5.67 ,
2014-08-30,,,,,,5.67 ,
2014-08-31,58974.51 ,652952.50 ,6402.89 ,1685134.00 ,,5.64 ,6402.89 
2014-09-01,,,,,,5.64 ,
2014-09-02,,,,,,5.63 ,
2014-09-03,,,,,,5.63 ,
2014-09-04,,,,,,5.63 ,
2014-09-05,,,,,,5.63 ,
2014-09-06,,,,,,5.63 ,
2014-09-07,,,,,,5.63 ,
2014-09-08,,,,,,5.63 ,
2014-09-09,,,,,,5.63 ,
2014-09-10,,,,,,5.63 ,
2014-09-11,,,,,,5.63 ,
2014-09-12,,,,,,5.63 ,
2014-09-13,,,,,,5.63 ,
2014-09-14,,,,,,5.63 ,
2014-09-15,,,,,,5.63 ,
2014-09-16,,,,,,5.63 ,
2014-09-17,,,,,,5.63 ,
2014-09-18,,,,,,5.63 ,
2014-09-19,,,,,,5.63 ,
2014-09-20,,,,,,5.63 ,
2014-09-21,,,,,,5.63 ,
2014-09-22,,,,,,5.63 ,
2014-09-23,,,,,,5.63 ,
2014-09-24,,,,,,5.65 ,
2014-09-25,,,,,,5.70 ,
2014-09-26,,,,,,5.73 ,
2014-09-27,,,,,,5.73 ,
2014-09-28,,,,,,5.75 ,
2014-09-29,,,,,,5.75 ,
2014-09-30,68751.21 ,673229.98 ,6221.27 ,1980246.00 ,,5.75 ,6221.27 
2014-10-01,,,,,,5.75 ,
2014-10-02,,,,,,5.75 ,
2014-10-03,,,,,,5.75 ,
2014-10-04,,,,,,5.75 ,
2014-10-05,,,,,,5.75 ,
2014-10-06,,,,,,5.76 ,
2014-10-07,,,,,,5.76 ,
2014-10-08,,,,,,5.76 ,
2014-10-09,,,,,,5.76 ,
2014-10-10,,,,,,5.79 ,
2014-10-11,,,,,,5.80 ,
2014-10-12,,,,,,5.80 ,
2014-10-13,,,,,,5.80 ,
2014-10-14,,,,,,5.80 ,
2014-10-15,,,,,,5.80 ,
2014-10-16,,,,,,5.80 ,
2014-10-17,,,,,,5.83 ,
2014-10-18,,,,,,5.83 ,
2014-10-19,,,,,,5.83 ,
2014-10-20,,,,,,5.83 ,
2014-10-21,,,,,,5.83 ,
2014-10-22,,,,,,5.83 ,
2014-10-23,,,,,,5.83 ,
2014-10-24,,,,,,5.83 ,
2014-10-25,,,,,,5.84 ,
2014-10-26,,,,,,5.84 ,
2014-10-27,,,,,,5.84 ,
2014-10-28,,,,,,5.85 ,
2014-10-29,,,,,,5.84 ,
2014-10-30,,,,,,5.84 ,
2014-10-31,77220.27 ,692132.30 ,6315.00 ,2022578.00 ,,5.84 ,6315.00 
2014-11-01,,,,,,5.84 ,
2014-11-02,,,,,,5.84 ,
2014-11-03,,,,,,5.84 ,
2014-11-04,,,,,,5.84 ,
2014-11-05,,,,,,5.84 ,
2014-11-06,,,,,,5.84 ,
2014-11-07,,,,,,5.84 ,
2014-11-08,,,,,,5.84 ,
2014-11-09,,,,,,5.84 ,
2014-11-10,,,,,,5.84 ,
2014-11-11,,,,,,5.84 ,
2014-11-12,,,,,,5.84 ,
2014-11-13,,,,,,5.84 ,
2014-11-14,,,,,,5.84 ,
2014-11-15,,,,,,5.84 ,
2014-11-16,,,,,,5.84 ,
2014-11-17,,,,,,5.84 ,
2014-11-18,,,,,,5.84 ,
2014-11-19,,,,,,5.84 ,
2014-11-20,,,,,,5.84 ,
2014-11-21,,,,,,5.84 ,
2014-11-22,,,,,,5.84 ,
2014-11-23,,,,,,5.84 ,
2014-11-24,,,,,,5.84 ,
2014-11-25,,,,,,5.84 ,
2014-11-26,,,,,,5.83 ,
2014-11-27,,,,,,5.82 ,
2014-11-28,,,,,,5.82 ,
2014-11-29,,,,,,5.82 ,
2014-11-30,86601.36 ,711307.44 ,6074.00 ,2145671.00 ,,5.82 ,6074.00 
2014-12-01,,,,,,5.82 ,
2014-12-02,,,,,,5.82 ,
2014-12-03,,,,,,5.82 ,
2014-12-04,,,,,,5.82 ,
2014-12-05,,,,,,5.82 ,
2014-12-06,,,,,,5.82 ,
2014-12-07,,,,,,5.82 ,
2014-12-08,,,,,,5.82 ,
2014-12-09,,,,,,5.82 ,
2014-12-10,,,,,,5.82 ,
2014-12-11,,,,,,5.82 ,
2014-12-12,,,,,,5.82 ,
2014-12-13,,,,,,5.81 ,
2014-12-14,,,,,,5.81 ,
2014-12-15,,,,,,5.80 ,
2014-12-16,,,,,,5.80 ,
2014-12-17,,,,,,5.80 ,
2014-12-18,,,,,,5.80 ,
2014-12-19,,,,,,5.79 ,
2014-12-20,,,,,,5.79 ,
2014-12-21,,,,,,5.79 ,
2014-12-22,,,,,,5.78 ,
2014-12-23,,,,,,5.76 ,
2014-12-24,,,,,,5.74 ,
2014-12-25,,,,,,5.72 ,
2014-12-26,,,,,,5.72 ,
2014-12-27,,,,,,5.72 ,
2014-12-28,,,,,,5.72 ,
2014-12-29,,,,,,5.72 ,
2014-12-30,,,,,,5.71 ,
2014-12-31,95035.61 ,726482.34 ,6214.20 ,2273021.00 ,,5.71 ,6214.20 
2015-01-01,,,,,,5.71 ,
2015-01-02,,,,,,5.71 ,
2015-01-03,,,,,,5.71 ,
2015-01-04,,,,,,5.71 ,
2015-01-05,,,,,,5.71 ,
2015-01-06,,,,,,5.71 ,
2015-01-07,,,,,,5.71 ,
2015-01-08,,,,,,5.71 ,
2015-01-09,,,,,,5.70 ,
2015-01-10,,,,,,5.70 ,
2015-01-11,,,,,,5.70 ,
2015-01-12,,,,,,5.70 ,
2015-01-13,,,,,,5.70 ,
2015-01-14,,,,,,5.70 ,
2015-01-15,,,,,,5.66 ,
2015-01-16,,,,,,5.66 ,
2015-01-17,,,,,,5.66 ,
2015-01-18,,,,,,5.66 ,
2015-01-19,,,,,,5.66 ,
2015-01-20,,,,,,5.66 ,
2015-01-21,,,,,,5.66 ,
2015-01-22,,,,,,5.66 ,
2015-01-23,,,,,,5.66 ,
2015-01-24,,,,,,5.66 ,
2015-01-25,,,,,,5.66 ,
2015-01-26,,,,,,5.66 ,
2015-01-27,,,,,,5.66 ,
2015-01-28,,,,,,5.66 ,
2015-01-29,,,,,,5.66 ,
2015-01-30,,,,,,5.65 ,
2015-01-31,,,,2271159.00 ,,5.65 ,
2015-02-01,,,,,,5.65 ,
2015-02-02,,,,,,5.65 ,
2015-02-03,,,,,,5.65 ,
2015-02-04,,,,,,5.65 ,
2015-02-05,,,,,,5.65 ,
2015-02-06,,,,,,5.65 ,
2015-02-07,,,,,,5.65 ,
2015-02-08,,,,,,5.65 ,
2015-02-09,,,,,,5.65 ,
2015-02-10,,,,,,5.65 ,
2015-02-11,,,,,,5.65 ,
2015-02-12,,,,,,5.65 ,
2015-02-13,,,,,,5.65 ,
2015-02-14,,,,,,5.65 ,
2015-02-15,,,,,,5.65 ,
2015-02-16,,,,,,5.65 ,
2015-02-17,,,,,,5.65 ,
2015-02-18,,,,,,5.65 ,
2015-02-19,,,,,,5.65 ,
2015-02-20,,,,,,5.65 ,
2015-02-21,,,,,,5.65 ,
2015-02-22,,,,,,5.65 ,
2015-02-23,,,,,,5.65 ,
2015-02-24,,,,,,5.65 ,
2015-02-25,,,,,,5.65 ,
2015-02-26,,,,,,5.65 ,
2015-02-27,,,,,,5.65 ,
2015-02-28,8786.36 ,570096.78 ,,1617432.00 ,,5.65 ,
2015-03-01,,,,,,5.63 ,
2015-03-02,,,,,,5.63 ,
2015-03-03,,,,,,5.63 ,
2015-03-04,,,,,,5.63 ,
2015-03-05,,,,,,5.63 ,
2015-03-06,,,,,,5.63 ,
2015-03-07,,,,,,5.63 ,
2015-03-08,,,,,,5.63 ,
2015-03-09,,,,,,5.63 ,
2015-03-10,,,,,,5.63 ,
2015-03-11,,,,,,5.63 ,
2015-03-12,,,,,,5.63 ,
2015-03-13,,,,,,5.63 ,
2015-03-14,,,,,,5.63 ,
2015-03-15,,,,,,5.63 ,
2015-03-16,,,,,,5.63 ,
2015-03-17,,,,,,5.63 ,
2015-03-18,,,,,,5.63 ,
2015-03-19,,,,,,5.63 ,
2015-03-20,,,,,,5.63 ,
2015-03-21,,,,,,5.63 ,
2015-03-22,,,,,,5.63 ,
2015-03-23,,,,,,5.63 ,
2015-03-24,,,,,,5.63 ,
2015-03-25,,,,,,5.63 ,
2015-03-26,,,,,,5.63 ,
2015-03-27,,,,,,5.63 ,
2015-03-28,,,,,,5.63 ,
2015-03-29,,,,,,5.63 ,
2015-03-30,,,,,,5.63 ,
2015-03-31,16650.64 ,584018.38 ,6634.00 ,2261852.00 ,,5.63 ,6634.00 
2015-04-01,,,,,,5.63 ,
2015-04-02,,,,,,5.63 ,
2015-04-03,,,,,,5.63 ,
2015-04-04,,,,,,5.63 ,
2015-04-05,,,,,,5.63 ,
2015-04-06,,,,,,5.63 ,
2015-04-07,,,,,,5.63 ,
2015-04-08,,,,,,5.63 ,
2015-04-09,,,,,,5.63 ,
2015-04-10,,,,,,5.63 ,
2015-04-11,,,,,,5.63 ,
2015-04-12,,,,,,5.63 ,
2015-04-13,,,,,,5.63 ,
2015-04-14,,,,,,5.63 ,
2015-04-15,,,,,,5.63 ,
2015-04-16,,,,,,5.63 ,
2015-04-17,,,,,,5.63 ,
2015-04-18,,,,,,5.63 ,
2015-04-19,,,,,,5.63 ,
2015-04-20,,,,,,5.62 ,
2015-04-21,,,,,,5.61 ,
2015-04-22,,,,,,5.60 ,
2015-04-23,,,,,,5.60 ,
2015-04-24,,,,,,5.60 ,
2015-04-25,,,,,,5.60 ,
2015-04-26,,,,,,5.60 ,
2015-04-27,,,,,,5.60 ,
2015-04-28,,,,,,5.57 ,
2015-04-29,,,,,,5.56 ,
2015-04-30,23669.04 ,599580.42 ,6142.00 ,2057602.00 ,,5.55 ,6142.00 
2015-05-04,,,,,,5.55 ,
2015-05-05,,,,,,5.55 ,
2015-05-06,,,,,,5.55 ,
2015-05-07,,,,,,5.55 ,
2015-05-08,,,,,,5.55 ,
2015-05-11,,,,,,5.54 ,
2015-05-12,,,,,,5.54 ,
2015-05-13,,,,,,5.54 ,
2015-05-14,,,,,,5.54 ,
2015-05-15,,,,,,5.54 ,
2015-05-18,,,,,,5.54 ,
2015-05-19,,,,,,5.54 ,
2015-05-20,,,,,,5.52 ,
2015-05-21,,,,,,5.52 ,
2015-05-22,,,,,,5.51 ,
2015-05-25,,,,,,5.50 ,
2015-05-26,,,,,,5.50 ,
2015-05-27,,,,,,5.50 ,
2015-05-28,,,,,,5.50 ,
2015-05-29,,,,,,5.50 ,
2015-05-31,32291.84 ,616903.06 ,7210.00 ,1942010.00 ,,,7210.00 
2015-06-01,,,,,,5.50 ,
2015-06-02,,,,,,5.50 ,
2015-06-03,,,,,,5.50 ,
2015-06-04,,,,,,5.50 ,
2015-06-05,,,,,,5.50 ,
2015-06-08,,,,,,5.50 ,
2015-06-09,,,,,,5.50 ,
2015-06-10,,,,,,5.50 ,
2015-06-11,,,,,,5.50 ,
2015-06-12,,,,,,5.50 ,
2015-06-15,,,,,,5.50 ,
2015-06-16,,,,,,5.50 ,
2015-06-17,,,,,,5.50 ,
2015-06-18,,,,,,5.50 ,
2015-06-19,,,,,,5.50 ,
2015-06-23,,,,,,5.50 ,
2015-06-24,,,,,,5.50 ,
2015-06-25,,,,,,5.50 ,
2015-06-26,,,,,,5.50 ,
2015-06-29,,,,,,5.50 ,
2015-06-30,43954.95 ,637563.00 ,6736.00 ,1827890.00 ,,5.50 ,6736.00 
2015-07-01,,,,,,5.50 ,
2015-07-02,,,,,,5.50 ,
2015-07-03,,,,,,5.50 ,
2015-07-06,,,,,,5.50 ,
2015-07-07,,,,,,5.50 ,
2015-07-08,,,,,,5.50 ,
2015-07-09,,,,,,5.50 ,
2015-07-10,,,,,,5.50 ,
2015-07-13,,,,,,5.50 ,
2015-07-14,,,,,,5.50 ,
2015-07-15,,,,,,5.51 ,
2015-07-16,,,,,,5.52 ,
2015-07-17,,,,,,5.53 ,
2015-07-20,,,,,,5.54 ,
2015-07-21,,,,,,5.54 ,
2015-07-22,,,,,,5.54 ,
2015-07-23,,,,,,5.54 ,
2015-07-24,,,,,,5.54 ,
2015-07-27,,,,,,5.54 ,
2015-07-28,,,,,,5.54 ,
2015-07-29,,,,,,5.54 ,
2015-07-30,,,,,,5.54 ,
2015-07-31,52562.22 ,654172.48 ,5926.00 ,1490843.00 ,,5.54 ,5926.00 
2015-08-03,,,,,,5.54 ,
2015-08-04,,,,,,5.55 ,
2015-08-05,,,,,,5.55 ,
2015-08-06,,,,,,5.55 ,
2015-08-07,,,,,,5.55 ,
2015-08-10,,,,,,5.55 ,
2015-08-11,,,,,,5.55 ,
2015-08-12,,,,,,5.55 ,
2015-08-13,,,,,,5.55 ,
2015-08-14,,,,,,5.55 ,
2015-08-17,,,,,,5.55 ,
2015-08-18,,,,,,5.55 ,
2015-08-19,,,,,,5.55 ,
2015-08-20,,,,,,5.55 ,
2015-08-21,,,,,,5.55 ,
2015-08-24,,,,,,5.55 ,
2015-08-25,,,,,,5.55 ,
2015-08-26,,,,,,5.55 ,
2015-08-27,,,,,,5.55 ,
2015-08-28,,,,,,5.55 ,
2015-08-31,61062.54 ,669359.69 ,5722.00 ,1548671.00 ,,5.56 ,5722.00 
2015-09-01,,,,,,5.56 ,
2015-09-02,,,,,,5.57 ,
2015-09-06,,,,,,5.57 ,
2015-09-07,,,,,,5.57 ,
2015-09-08,,,,,,5.57 ,
2015-09-09,,,,,,5.57 ,
2015-09-10,,,,,,5.57 ,
2015-09-11,,,,,,5.57 ,
2015-09-14,,,,,,5.57 ,
2015-09-15,,,,,,5.57 ,
2015-09-16,,,,,,5.57 ,
2015-09-17,,,,,,5.58 ,
2015-09-18,,,,,,5.59 ,
2015-09-21,,,,,,5.60 ,
2015-09-22,,,,,,5.61 ,
2015-09-23,,,,,,5.61 ,
2015-09-24,,,,,,5.62 ,
2015-09-25,,,,,,5.62 ,
2015-09-28,,,,,,5.62 ,
2015-09-29,,,,,,5.62 ,
2015-09-30,70535.07 ,693652.06 ,6060.00 ,1865998.00 ,,5.62 ,6060.00 
2015-10-08,,,,,,5.62 ,
2015-10-09,,,,,,5.62 ,
2015-10-10,,,,,,5.62 ,
2015-10-12,,,,,,5.62 ,
2015-10-13,,,,,,5.62 ,
2015-10-14,,,,,,5.62 ,
2015-10-15,,,,,,5.62 ,
2015-10-16,,,,,,5.62 ,
2015-10-19,,,,,,5.62 ,
2015-10-20,,,,,,5.62 ,
2015-10-21,,,,,,5.62 ,
2015-10-22,,,,,,5.62 ,
2015-10-23,,,,,,5.62 ,
2015-10-26,,,,,,5.62 ,
2015-10-27,,,,,,5.62 ,
2015-10-28,,,,,,5.62 ,
2015-10-29,,,,,,5.62 ,
2015-10-30,,,,,,5.62 ,
2015-10-31,78800.74 ,707805.06 ,5873.88 ,2168257.00 ,,,5873.88 
2015-11-02,,,,,,5.62 ,
2015-11-03,,,,,,5.62 ,
2015-11-04,,,,,,5.62 ,
2015-11-05,,,,,,5.62 ,
2015-11-06,,,,,,5.62 ,
2015-11-09,,,,,,5.62 ,
2015-11-10,,,,,,5.62 ,
2015-11-11,,,,,,5.62 ,
2015-11-12,,,,,,5.62 ,
2015-11-13,,,,,,5.62 ,
2015-11-16,,,,,,5.63 ,
2015-11-17,,,,,,5.63 ,
2015-11-18,,,,,,5.63 ,
2015-11-19,,,,,,5.63 ,
2015-11-20,,,,,,5.63 ,
2015-11-23,,,,,,5.63 ,
2015-11-24,,,,,,5.64 ,
2015-11-25,,,,,,5.65 ,
2015-11-26,,,,,,5.66 ,
2015-11-27,,,,,,5.69 ,
2015-11-30,87702.38 ,723989.92 ,6069.40 ,2519548.00 ,,5.70 ,6069.40 
2015-12-01,,,,,,5.72 ,
2015-12-02,,,,,,5.73 ,
2015-12-03,,,,,,5.73 ,
2015-12-04,,,,,,5.73 ,
2015-12-07,,,,,,5.73 ,
2015-12-08,,,,,,5.73 ,
2015-12-09,,,,,,5.73 ,
2015-12-10,,,,,,5.73 ,
2015-12-11,,,,,,5.73 ,
2015-12-14,,,,,,5.73 ,
2015-12-15,,,,,,5.73 ,
2015-12-16,,,,,,5.73 ,
2015-12-17,,,,,,5.73 ,
2015-12-18,,,,,,5.73 ,
2015-12-21,,,,,,5.73 ,
2015-12-22,,,,,,5.73 ,
2015-12-23,,,,,,5.73 ,
2015-12-24,,,,,,5.73 ,
2015-12-25,,,,,,5.73 ,
2015-12-28,,,,,,5.73 ,
2015-12-29,,,,,,5.73 ,
2015-12-30,,,,,,5.73 ,
2015-12-31,95978.85 ,735693.37 ,5699.00 ,2628646.00 ,,5.73 ,5699.00 
2016-01-04,,,,,,5.73 ,
2016-01-05,,,,,,5.73 ,
2016-01-06,,,,,,5.73 ,
2016-01-07,,,,,,5.73 ,
2016-01-08,,,,,,5.73 ,
2016-01-11,,,,,,5.73 ,
2016-01-12,,,,,,5.73 ,
2016-01-13,,,,,,5.73 ,
2016-01-14,,,,,,5.73 ,
2016-01-15,,,,,,5.75 ,
2016-01-18,,,,,,5.76 ,
2016-01-19,,,,,,5.76 ,
2016-01-20,,,,,,5.76 ,
2016-01-21,,,,,,5.76 ,
2016-01-22,,,,,,5.77 ,
2016-01-25,,,,,,5.79 ,
2016-01-26,,,,,,5.80 ,
2016-01-27,,,,,,5.80 ,
2016-01-28,,,,,,5.80 ,
2016-01-29,,,,,,5.80 ,
2016-01-31,,,,2430843.00 ,,,
2016-02-01,,,,,,5.80 ,
2016-02-02,,,,,,5.80 ,
2016-02-03,,,,,,5.80 ,
2016-02-04,,,,,,5.80 ,
2016-02-05,,,,,,5.80 ,
2016-02-06,,,,,,5.80 ,
2016-02-14,,,,,,5.80 ,
2016-02-15,,,,,,5.80 ,
2016-02-16,,,,,,5.80 ,
2016-02-17,,,,,,5.80 ,
2016-02-18,,,,,,5.80 ,
2016-02-19,,,,,,5.80 ,
2016-02-22,,,,,,5.80 ,
2016-02-23,,,,,,5.80 ,
2016-02-24,,,,,,5.80 ,
2016-02-25,,,,,,5.80 ,
2016-02-26,,,,,,5.82 ,
2016-02-29,9051.79 ,603543.72 ,,1596977.00 ,,5.83 ,
2016-03-01,,,,,,5.84 ,
2016-03-02,,,,,,5.84 ,
2016-03-03,,,,,,5.83 ,
2016-03-04,,,,,,5.81 ,
2016-03-07,,,,,,5.80 ,
2016-03-08,,,,,,5.79 ,
2016-03-09,,,,,,5.78 ,
2016-03-10,,,,,,5.77 ,
2016-03-11,,,,,,5.76 ,
2016-03-14,,,,,,5.75 ,
2016-03-15,,,,,,5.75 ,
2016-03-16,,,,,,5.74 ,
2016-03-17,,,,,,5.73 ,
2016-03-18,,,,,,5.72 ,
2016-03-21,,,,,,5.71 ,
2016-03-22,,,,,,5.71 ,
2016-03-23,,,,,,5.71 ,
2016-03-24,,,,,,5.71 ,
2016-03-25,,,,,,5.71 ,
2016-03-28,,,,,,5.70 ,
2016-03-29,,,,,,5.70 ,
2016-03-30,,,,,,5.70 ,
2016-03-31,17676.62 ,617975.21 ,6471.90 ,2499896.00 ,,5.70 ,6471.90 
2016-04-01,,,,,,5.70 ,
2016-04-05,,,,,,5.70 ,
2016-04-06,,,,,,5.70 ,
2016-04-07,,,,,,5.70 ,
2016-04-08,,,,,,5.70 ,
2016-04-11,,,,,,5.70 ,
2016-04-12,,,,,,5.70 ,
2016-04-13,,,,,,5.70 ,
2016-04-14,,,,,,5.70 ,
2016-04-15,,,,,,5.70 ,
2016-04-18,,,,,,5.70 ,
2016-04-19,,,,,,5.70 ,
2016-04-20,,,,,,5.70 ,
2016-04-21,,,,,,5.70 ,
2016-04-22,,,,,,5.70 ,
2016-04-25,,,,,,5.70 ,
2016-04-26,,,,,,5.70 ,
2016-04-27,,,,,,5.70 ,
2016-04-28,,,,,,5.70 ,
2016-04-29,,,,,,5.70 ,
2016-04-30,25375.64 ,634261.07 ,6234.90 ,2149908.00 ,,,6234.90 
2016-05-03,,,,,,5.70 ,
2016-05-04,,,,,,5.70 ,
2016-05-05,,,,,,5.70 ,
2016-05-06,,,,,,5.70 ,
2016-05-09,,,,,,5.70 ,
2016-05-10,,,,,,5.70 ,
2016-05-11,,,,,,5.70 ,
2016-05-12,,,,,,5.70 ,
2016-05-13,,,,,,5.70 ,
2016-05-16,,,,,,5.70 ,
2016-05-17,,,,,,5.70 ,
2016-05-18,,,,,,5.70 ,
2016-05-19,,,,,,5.70 ,
2016-05-20,,,,,,5.70 ,
2016-05-23,,,,,,5.70 ,
2016-05-24,,,,,,5.70 ,
2016-05-25,,,,,,5.70 ,
2016-05-26,,,,,,5.70 ,
2016-05-27,,,,,,5.70 ,
2016-05-30,,,,,,5.70 ,
2016-05-31,34564.11 ,651338.11 ,6596.30 ,2046786.00 ,32.80 ,5.70 ,6596.30 
2016-06-01,,,,,,5.70 ,
2016-06-02,,,,,,5.70 ,
2016-06-03,,,,,,5.70 ,
2016-06-06,,,,,,5.69 ,
2016-06-07,,,,,,5.69 ,
2016-06-08,,,,,,5.68 ,
2016-06-12,,,,,,5.68 ,
2016-06-13,,,,,,5.68 ,
2016-06-14,,,,,,5.67 ,
2016-06-15,,,,,,5.67 ,
2016-06-16,,,,,,5.67 ,
2016-06-17,,,,,,5.67 ,
2016-06-20,,,,,,5.67 ,
2016-06-21,,,,,,5.67 ,
2016-06-22,,,,,,5.67 ,
2016-06-23,,,,,,5.67 ,
2016-06-24,,,,,,5.67 ,
2016-06-27,,,,,,5.67 ,
2016-06-28,,,,,,5.67 ,
2016-06-29,,,,,,5.67 ,
2016-06-30,46630.52 ,669750.49 ,6527.50 ,2029720.00 ,33.30 ,5.67 ,6527.50 
2016-07-01,,,,,,5.66 ,
2016-07-04,,,,,,5.66 ,
2016-07-05,,,,,,5.66 ,
2016-07-06,,,,,,5.66 ,
2016-07-07,,,,,,5.66 ,
2016-07-08,,,,,,5.66 ,
2016-07-11,,,,,,5.66 ,
2016-07-12,,,,,,5.66 ,
2016-07-13,,,,,,5.66 ,
2016-07-14,,,,,,5.66 ,
2016-07-15,,,,,,5.66 ,
2016-07-18,,,,,,5.65 ,
2016-07-19,,,,,,5.65 ,
2016-07-20,,,,,,5.65 ,
2016-07-21,,,,,,5.65 ,
2016-07-22,,,,,,5.65 ,
2016-07-25,,,,,,5.65 ,
2016-07-26,,,,,,5.65 ,
2016-07-27,,,,,,5.65 ,
2016-07-28,,,,,,5.65 ,
2016-07-29,,,,,,5.64 ,
2016-07-31,55360.50 ,685605.68 ,6377.10 ,1936738.00 ,33.10 ,,6377.10 
2016-08-01,,,,,,5.64 ,
2016-08-02,,,,,,5.63 ,
2016-08-03,,,,,,5.62 ,
2016-08-04,,,,,,5.61 ,
2016-08-05,,,,,,5.61 ,
2016-08-08,,,,,,5.61 ,
2016-08-09,,,,,,5.60 ,
2016-08-10,,,,,,5.59 ,
2016-08-11,,,,,,5.56 ,
2016-08-12,,,,,,5.55 ,
2016-08-15,,,,,,5.53 ,
2016-08-16,,,,,,5.53 ,
2016-08-17,,,,,,5.52 ,
2016-08-18,,,,,,5.50 ,
2016-08-19,,,,,,5.50 ,
2016-08-22,,,,,,5.49 ,
2016-08-23,,,,,,5.48 ,
2016-08-24,,,,,,5.46 ,
2016-08-25,,,,,,5.42 ,
2016-08-26,,,,,,5.38 ,
2016-08-29,,,,,,5.36 ,
2016-08-30,,,,,,5.32 ,
2016-08-31,64386.74 ,700120.98 ,6200.90 ,1963947.00 ,36.00 ,5.30 ,6200.90 
2016-09-01,,,,,,5.28 ,
2016-09-02,,,,,,5.27 ,
2016-09-05,,,,,,5.25 ,
2016-09-06,,,,,,5.20 ,
2016-09-07,,,,,,5.19 ,
2016-09-08,,,,,,5.18 ,
2016-09-09,,,,,,5.17 ,
2016-09-12,,,,,,5.16 ,
2016-09-13,,,,,,5.14 ,
2016-09-14,,,,,,5.12 ,
2016-09-18,,,,,,5.05 ,
2016-09-19,,,,,,5.00 ,
2016-09-20,,,,,,4.96 ,
2016-09-21,,,,,,4.96 ,
2016-09-22,,,,,,4.92 ,
2016-09-23,,,,,,4.91 ,
2016-09-26,,,,,,4.90 ,
2016-09-27,,,,,,4.87 ,
2016-09-28,,,,,,4.81 ,
2016-09-29,,,,,,4.72 ,
2016-09-30,74597.59 ,716028.88 ,6297.00 ,2503511.00 ,33.70 ,4.68 ,6297.00 
2016-10-08,,,,,,4.65 ,
2016-10-09,,,,,,4.45 ,
2016-10-10,,,,,,4.38 ,
2016-10-11,,,,,,4.35 ,
2016-10-12,,,,,,4.31 ,
2016-10-13,,,,,,4.29 ,
2016-10-14,,,,,,4.33 ,
2016-10-17,,,,,,4.33 ,
2016-10-18,,,,,,4.39 ,
2016-10-19,,,,,,4.41 ,
2016-10-20,,,,,,4.42 ,
2016-10-21,,,,,,4.43 ,
2016-10-24,,,,,,4.48 ,
2016-10-25,,,,,,4.52 ,
2016-10-26,,,,,,4.52 ,
2016-10-27,,,,,,4.62 ,
2016-10-31,83974.61 ,730980.81 ,6449.50 ,2559221.00 ,30.50 ,4.69 ,6449.50 
2016-11-01,,,,,,4.70 ,
2016-11-02,,,,,,4.72 ,
2016-11-03,,,,,,4.76 ,
2016-11-04,,,,,,4.77 ,
2016-11-07,,,,,,4.83 ,
2016-11-08,,,,,,4.88 ,
2016-11-09,,,,,,4.88 ,
2016-11-10,,,,,,4.90 ,
2016-11-11,,,,,,4.93 ,
2016-11-14,,,,,,4.93 ,
2016-11-15,,,,,,4.93 ,
2016-11-16,,,,,,4.93 ,
2016-11-17,,,,,,4.93 ,
2016-11-18,,,,,,4.94 ,
2016-11-21,,,,,,4.95 ,
2016-11-22,,,,,,4.98 ,
2016-11-23,,,,,,5.00 ,
2016-11-24,,,,,,5.00 ,
2016-11-25,,,,,,5.00 ,
2016-11-28,,,,,,5.00 ,
2016-11-29,,,,,,5.00 ,
2016-11-30,93387.08 ,745121.76 ,6345.90 ,2976318.00 ,30.20 ,5.00 ,6345.90 
2016-12-01,,,,,,5.00 ,
2016-12-02,,,,,,5.00 ,
2016-12-05,,,,,,5.02 ,
2016-12-06,,,,,,5.05 ,
2016-12-07,,,,,,5.08 ,
2016-12-08,,,,,,5.12 ,
2016-12-09,,,,,,5.13 ,
2016-12-12,,,,,,5.15 ,
2016-12-13,,,,,,5.16 ,
2016-12-14,,,,,,5.18 ,
2016-12-15,,,,,,5.21 ,
2016-12-16,,,,,,5.21 ,
2016-12-19,,,,,,5.21 ,
2016-12-20,,,,,,5.21 ,
2016-12-21,,,,,,5.21 ,
2016-12-22,,,,,,5.21 ,
2016-12-23,,,,,,5.21 ,
2016-12-26,,,,,,5.21 ,
2016-12-27,,,,,,5.21 ,
2016-12-28,,,,,,5.21 ,
2016-12-29,,,,,,5.21 ,
2016-12-30,,,,,,5.21 ,
2016-12-31,102580.61 ,758974.80 ,6363.00 ,3029978.00 ,29.40 ,,6363.00 
2017-01-03,,,,,,5.21 ,
2017-01-04,,,,,,5.21 ,
2017-01-05,,,,,,5.21 ,
2017-01-06,,,,,,5.21 ,
2017-01-09,,,,,,5.21 ,
2017-01-10,,,,,,5.20 ,
2017-01-11,,,,,,5.19 ,
2017-01-12,,,,,,5.17 ,
2017-01-13,,,,,,5.16 ,
2017-01-16,,,,,,5.15 ,
2017-01-17,,,,,,5.15 ,
2017-01-18,,,,,,5.15 ,
2017-01-19,,,,,,5.14 ,
2017-01-20,,,,,,5.13 ,
2017-01-23,,,,,,5.12 ,
2017-01-24,,,,,,5.11 ,
2017-01-25,,,,,,5.11 ,
2017-01-26,,,,,,5.11 ,
2017-01-31,,,,2343674.00 ,,,
2017-02-03,,,,,,5.11 ,
2017-02-04,,,,,,5.11 ,
2017-02-06,,,,,,5.11 ,
2017-02-07,,,,,,5.11 ,
2017-02-08,,,,,,5.11 ,
2017-02-09,,,,,,5.11 ,
2017-02-10,,,,,,5.11 ,
2017-02-13,,,,,,5.11 ,
2017-02-14,,,,,,5.11 ,
2017-02-15,,,,,,5.11 ,
2017-02-16,,,,,,5.11 ,
2017-02-17,,,,,,5.11 ,
2017-02-20,,,,,,5.11 ,
2017-02-21,,,,,,5.11 ,
2017-02-22,,,,,,5.11 ,
2017-02-23,,,,,,5.11 ,
2017-02-24,,,,,,5.11 ,
2017-02-27,,,,,,5.11 ,
2017-02-28,9854.34 ,622950.29 ,,2132506.00 ,,5.11 ,
2017-03-01,,,,,,5.11 ,
2017-03-02,,,,,,5.09 ,
2017-03-03,,,,,,5.07 ,
2017-03-06,,,,,,5.07 ,
2017-03-07,,,,,,5.06 ,
2017-03-08,,,,,,5.05 ,
2017-03-09,,,,,,5.05 ,
2017-03-10,,,,,,5.04 ,
2017-03-13,,,,,,5.01 ,
2017-03-14,,,,,,4.97 ,
2017-03-15,,,,,,4.96 ,
2017-03-16,,,,,,4.95 ,
2017-03-17,,,,,,4.94 ,
2017-03-20,,,,,,4.93 ,
2017-03-21,,,,,,4.91 ,
2017-03-22,,,,,,4.90 ,
2017-03-23,,,,,,4.88 ,
2017-03-24,,,,,,4.88 ,
2017-03-27,,,,,,4.87 ,
2017-03-28,,,,,,4.85 ,
2017-03-29,,,,,,4.85 ,
2017-03-30,,,,,,4.82 ,
2017-03-31,19291.92 ,636977.01 ,6989.10 ,2571621.00 ,48.50 ,4.75 ,6989.10 
2017-04-01,,,,,,4.73 ,
2017-04-05,,,,,,4.71 ,
2017-04-06,,,,,,4.67 ,
2017-04-07,,,,,,4.65 ,
2017-04-10,,,,,,4.65 ,
2017-04-11,,,,,,4.64 ,
2017-04-12,,,,,,4.64 ,
2017-04-13,,,,,,4.61 ,
2017-04-14,,,,,,4.60 ,
2017-04-17,,,,,,4.56 ,
2017-04-18,,,,,,4.56 ,
2017-04-19,,,,,,4.56 ,
2017-04-20,,,,,,4.55 ,
2017-04-21,,,,,,4.55 ,
2017-04-24,,,,,,4.55 ,
2017-04-25,,,,,,4.55 ,
2017-04-26,,,,,,4.55 ,
2017-04-27,,,,,,4.56 ,
2017-04-28,,,,,,4.56 ,
2017-04-30,27731.58 ,654053.57 ,6832.10 ,2110311.00 ,50.00 ,,6832.10 
2017-05-02,,,,,,4.56 ,
2017-05-03,,,,,,4.56 ,
2017-05-04,,,,,,4.57 ,
2017-05-05,,,,,,4.58 ,
2017-05-08,,,,,,4.58 ,
2017-05-09,,,,,,4.58 ,
2017-05-10,,,,,,4.58 ,
2017-05-11,,,,,,4.58 ,
2017-05-12,,,,,,4.58 ,
2017-05-15,,,,,,4.58 ,
2017-05-16,,,,,,4.58 ,
2017-05-17,,,,,,4.58 ,
2017-05-18,,,,,,4.58 ,
2017-05-19,,,,,,4.58 ,
2017-05-22,,,,,,4.58 ,
2017-05-23,,,,,,4.58 ,
2017-05-24,,,,,,4.58 ,
2017-05-25,,,,,,4.58 ,
2017-05-26,,,,,,4.59 ,
2017-05-27,,,,,,4.59 ,
2017-05-31,37594.68 ,671438.23 ,7305.50 ,2058296.00 ,55.00 ,4.59 ,7305.50 
2017-06-01,,,,,,4.59 ,
2017-06-02,,,,,,4.59 ,
2017-06-05,,,,,,4.59 ,
2017-06-06,,,,,,4.59 ,
2017-06-07,,,,,,4.59 ,
2017-06-08,,,,,,4.59 ,
2017-06-09,,,,,,4.59 ,
2017-06-12,,,,,,4.59 ,
2017-06-13,,,,,,4.60 ,
2017-06-14,,,,,,4.61 ,
2017-06-15,,,,,,4.61 ,
2017-06-16,,,,,,4.61 ,
2017-06-19,,,,,,4.62 ,
2017-06-20,,,,,,4.62 ,
2017-06-21,,,,,,4.63 ,
2017-06-22,,,,,,4.63 ,
2017-06-23,,,,,,4.63 ,
2017-06-26,,,,,,4.63 ,
2017-06-27,,,,,,4.63 ,
2017-06-28,,,,,,4.66 ,
2017-06-29,,,,,,4.66 ,
2017-06-30,50610.22 ,692325.94 ,7078.00 ,2137966.00 ,53.00 ,4.66 ,7078.00 
2017-07-03,,,,,,4.66 ,
2017-07-04,,,,,,4.66 ,
2017-07-05,,,,,,4.71 ,
2017-07-06,,,,,,4.75 ,
2017-07-07,,,,,,4.78 ,
2017-07-10,,,,,,4.78 ,
2017-07-11,,,,,,4.78 ,
2017-07-12,,,,,,4.78 ,
2017-07-13,,,,,,4.78 ,
2017-07-14,,,,,,4.78 ,
2017-07-17,,,,,,4.78 ,
2017-07-18,,,,,,4.78 ,
2017-07-19,,,,,,4.78 ,
2017-07-20,,,,,,4.78 ,
2017-07-21,,,,,,4.78 ,
2017-07-24,,,,,,4.78 ,
2017-07-25,,,,,,4.78 ,
2017-07-26,,,,,,4.78 ,
2017-07-27,,,,,,4.78 ,
2017-07-28,,,,,,4.78 ,
2017-07-31,59761.00 ,707312.81 ,6661.60 ,2032481.00 ,56.00 ,4.78 ,6661.60 
2017-08-01,,,,,,4.78 ,
2017-08-02,,,,,,4.78 ,
2017-08-03,,,,,,4.78 ,
2017-08-04,,,,,,4.78 ,
2017-08-07,,,,,,4.78 ,
2017-08-08,,,,,,4.78 ,
2017-08-09,,,,,,4.78 ,
2017-08-10,,,,,,4.78 ,
2017-08-11,,,,,,4.78 ,
2017-08-14,,,,,,4.76 ,
2017-08-15,,,,,,4.77 ,
2017-08-16,,,,,,4.82 ,
2017-08-17,,,,,,4.84 ,
