指标名称,36城市服务价格:公路货运,Wind行业指数:公路运输,Wind行业指数:铁路运输,Wind行业指数:煤炭与消费用燃料
2010-01-04,,4046.00 ,1695.23 ,5663.21 
2010-01-05,,4124.38 ,1690.32 ,5858.41 
2010-01-06,,4073.47 ,1687.55 ,5877.30 
2010-01-07,,4019.23 ,1650.61 ,5773.85 
2010-01-08,,4092.07 ,1654.72 ,5697.24 
2010-01-11,,4145.66 ,1655.45 ,5642.40 
2010-01-12,,4194.96 ,1718.54 ,5691.62 
2010-01-13,,4177.97 ,1684.95 ,5353.22 
2010-01-14,,4263.40 ,1718.24 ,5423.36 
2010-01-15,,4242.38 ,1736.47 ,5403.61 
2010-01-18,,4319.99 ,1785.61 ,5386.56 
2010-01-19,,4357.16 ,1784.83 ,5429.55 
2010-01-20,,4193.56 ,1710.35 ,5214.16 
2010-01-21,,4289.47 ,1751.37 ,5081.66 
2010-01-22,,4165.53 ,1739.91 ,4915.06 
2010-01-25,,4047.16 ,1692.43 ,4892.20 
2010-01-26,,3874.20 ,1666.81 ,4686.32 
2010-01-27,,3820.10 ,1678.08 ,4689.95 
2010-01-28,,3858.32 ,1664.91 ,4730.57 
2010-01-29,,3883.58 ,1639.77 ,4701.67 
2010-01-31,0.69 ,,,
2010-02-01,,3871.88 ,1595.49 ,4491.42 
2010-02-02,,3793.75 ,1581.46 ,4510.18 
2010-02-03,,3888.54 ,1621.52 ,4834.69 
2010-02-04,,3956.32 ,1623.91 ,4756.08 
2010-02-05,,3935.32 ,1595.05 ,4558.50 
2010-02-08,,3976.01 ,1577.81 ,4615.80 
2010-02-09,,3966.54 ,1606.24 ,4653.48 
2010-02-10,,4004.33 ,1609.86 ,4744.44 
2010-02-11,,3965.96 ,1609.75 ,4730.50 
2010-02-12,,4054.75 ,1618.76 ,4828.51 
2010-02-22,,4005.09 ,1619.91 ,4774.08 
2010-02-23,,4010.74 ,1604.35 ,4670.25 
2010-02-24,,4066.86 ,1631.54 ,4729.70 
2010-02-25,,4109.04 ,1654.20 ,4817.91 
2010-02-26,,4082.13 ,1650.92 ,4755.90 
2010-02-28,0.69 ,,,
2010-03-01,,4107.02 ,1665.77 ,4840.27 
2010-03-02,,4060.43 ,1660.32 ,4743.86 
2010-03-03,,4139.08 ,1663.52 ,4801.43 
2010-03-04,,3982.22 ,1621.17 ,4684.95 
2010-03-05,,4067.90 ,1617.07 ,4660.55 
2010-03-08,,4133.60 ,1617.38 ,4714.82 
2010-03-09,,4150.46 ,1616.26 ,4829.55 
2010-03-10,,4055.95 ,1594.85 ,4767.96 
2010-03-11,,4001.73 ,1596.33 ,4742.97 
2010-03-12,,3953.87 ,1575.10 ,4673.65 
2010-03-15,,3924.99 ,1555.15 ,4551.87 
2010-03-16,,3964.36 ,1561.33 ,4521.71 
2010-03-17,,4052.33 ,1593.20 ,4629.00 
2010-03-18,,4092.00 ,1584.80 ,4659.46 
2010-03-19,,4113.99 ,1593.12 ,4724.20 
2010-03-22,,4121.05 ,1589.53 ,4760.52 
2010-03-23,,4094.64 ,1567.84 ,4775.36 
2010-03-24,,4168.88 ,1589.17 ,4755.39 
2010-03-25,,4187.41 ,1561.84 ,4677.46 
2010-03-26,,4331.13 ,1584.04 ,4742.43 
2010-03-29,,4330.05 ,1617.58 ,4959.48 
2010-03-30,,4378.18 ,1608.27 ,5010.54 
2010-03-31,0.69 ,4397.44 ,1618.70 ,4938.14 
2010-04-01,,4411.01 ,1649.04 ,5014.56 
2010-04-02,,4385.93 ,1652.45 ,5142.67 
2010-04-06,,4439.67 ,1650.74 ,5216.36 
2010-04-07,,4387.75 ,1655.73 ,5192.65 
2010-04-08,,4383.55 ,1625.68 ,5027.58 
2010-04-09,,4444.64 ,1632.67 ,5099.74 
2010-04-12,,4470.84 ,1624.41 ,5048.55 
2010-04-13,,4437.96 ,1678.91 ,5124.56 
2010-04-14,,4420.68 ,1673.42 ,5149.90 
2010-04-15,,4377.16 ,1667.44 ,5229.20 
2010-04-16,,4325.20 ,1640.25 ,5110.09 
2010-04-19,,4113.87 ,1575.66 ,4776.71 
2010-04-20,,4116.58 ,1570.98 ,4782.66 
2010-04-21,,4216.27 ,1593.99 ,4953.72 
2010-04-22,,4184.20 ,1575.68 ,4938.77 
2010-04-23,,4125.85 ,1570.76 ,5014.30 
2010-04-26,,4186.89 ,1580.62 ,4975.70 
2010-04-27,,4040.96 ,1545.71 ,4872.07 
2010-04-28,,3882.52 ,1542.46 ,4861.62 
2010-04-29,,3764.32 ,1533.14 ,4732.98 
2010-04-30,0.70 ,3628.40 ,1533.48 ,4767.88 
2010-05-04,,3585.78 ,1546.76 ,4765.06 
2010-05-05,,3704.68 ,1573.21 ,4749.38 
2010-05-06,,3532.20 ,1514.92 ,4393.81 
2010-05-07,,3411.26 ,1469.35 ,4147.71 
2010-05-10,,3427.61 ,1450.45 ,4225.20 
2010-05-11,,3344.12 ,1427.68 ,4165.45 
2010-05-12,,3344.10 ,1465.37 ,4155.78 
2010-05-13,,3406.69 ,1488.54 ,4315.16 
2010-05-14,,3422.93 ,1493.47 ,4278.34 
2010-05-17,,3113.00 ,1432.16 ,3990.78 
2010-05-18,,3143.70 ,1444.72 ,4121.84 
2010-05-19,,3095.88 ,1451.18 ,4151.65 
2010-05-20,,2999.39 ,1429.16 ,4112.61 
2010-05-21,,3025.88 ,1441.86 ,4177.56 
2010-05-24,,3182.24 ,1480.89 ,4401.23 
2010-05-25,,3154.92 ,1443.65 ,4272.64 
2010-05-26,,3184.20 ,1447.83 ,4251.51 
2010-05-27,,3216.54 ,1477.65 ,4364.37 
2010-05-28,,3228.11 ,1473.88 ,4358.98 
2010-05-31,0.68 ,3076.41 ,1450.18 ,4201.40 
2010-06-01,,2975.38 ,1438.40 ,4130.31 
2010-06-02,,3050.74 ,1431.49 ,4199.10 
2010-06-03,,3002.03 ,1419.45 ,4133.49 
2010-06-04,,3043.72 ,1416.80 ,4141.14 
2010-06-07,,3020.95 ,1413.71 ,4022.06 
2010-06-08,,3070.24 ,1407.86 ,4019.65 
2010-06-09,,3142.76 ,1436.68 ,4150.10 
2010-06-10,,3132.12 ,1430.80 ,4081.08 
2010-06-11,,3102.11 ,1429.18 ,4149.79 
2010-06-17,,3081.84 ,1421.00 ,4112.61 
2010-06-18,,2991.37 ,1417.68 ,4034.71 
2010-06-21,,3058.31 ,1447.51 ,4162.43 
2010-06-22,,3100.56 ,1462.31 ,4149.83 
2010-06-23,,3102.26 ,1456.73 ,4048.64 
2010-06-24,,3092.66 ,1438.50 ,4035.79 
2010-06-25,,3070.17 ,1432.26 ,3978.33 
2010-06-28,,3009.98 ,1434.94 ,3887.99 
2010-06-29,,2814.19 ,1391.67 ,3704.08 
2010-06-30,0.69 ,2797.53 ,1413.08 ,3573.86 
2010-07-01,,2830.96 ,1405.82 ,3501.62 
2010-07-02,,2826.00 ,1429.16 ,3471.34 
2010-07-05,,2803.36 ,1440.43 ,3388.27 
2010-07-06,,2874.29 ,1446.53 ,3503.85 
2010-07-07,,2885.70 ,1458.11 ,3527.89 
2010-07-08,,2871.02 ,1452.09 ,3492.78 
2010-07-09,,2918.73 ,1462.84 ,3717.75 
2010-07-12,,2943.47 ,1461.05 ,3789.30 
2010-07-13,,2892.93 ,1424.89 ,3719.88 
2010-07-14,,2939.07 ,1435.98 ,3739.85 
2010-07-15,,2929.34 ,1422.22 ,3641.35 
2010-07-16,,2958.68 ,1420.41 ,3736.46 
2010-07-19,,3005.48 ,1436.04 ,3949.61 
2010-07-20,,3066.93 ,1467.90 ,4083.04 
2010-07-21,,3062.54 ,1476.34 ,4072.09 
2010-07-22,,3085.82 ,1490.53 ,4122.25 
2010-07-23,,3062.95 ,1483.73 ,4155.21 
2010-07-26,,3089.06 ,1508.12 ,4187.97 
2010-07-27,,3077.94 ,1494.91 ,4158.79 
2010-07-28,,3127.60 ,1521.82 ,4297.37 
2010-07-29,,3168.93 ,1518.55 ,4304.13 
2010-07-30,,3175.55 ,1506.44 ,4222.34 
2010-07-31,0.69 ,,,
2010-08-02,,3252.76 ,1525.37 ,4289.50 
2010-08-03,,3227.90 ,1507.63 ,4298.90 
2010-08-04,,3272.54 ,1509.61 ,4319.09 
2010-08-05,,3288.29 ,1495.38 ,4241.90 
2010-08-06,,3350.68 ,1524.84 ,4310.35 
2010-08-09,,3355.91 ,1520.33 ,4377.59 
2010-08-10,,3240.64 ,1472.78 ,4217.06 
2010-08-11,,3244.20 ,1472.10 ,4224.31 
2010-08-12,,3213.81 ,1443.40 ,4139.50 
2010-08-13,,3258.33 ,1466.49 ,4216.28 
2010-08-16,,3341.83 ,1493.60 ,4351.80 
2010-08-17,,3355.52 ,1491.57 ,4401.73 
2010-08-18,,3337.27 ,1480.00 ,4408.39 
2010-08-19,,3328.57 ,1483.86 ,4535.89 
2010-08-20,,3221.30 ,1511.28 ,4378.65 
2010-08-23,,3241.32 ,1498.68 ,4345.74 
2010-08-24,,3286.99 ,1498.92 ,4372.15 
2010-08-25,,3211.83 ,1463.54 ,4245.85 
2010-08-26,,3230.72 ,1468.59 ,4305.55 
2010-08-27,,3225.77 ,1480.98 ,4281.71 
2010-08-30,,3282.57 ,1502.44 ,4369.33 
2010-08-31,0.69 ,3252.03 ,1484.69 ,4352.03 
2010-09-01,,3191.63 ,1461.38 ,4351.90 
2010-09-02,,3233.32 ,1468.34 ,4396.53 
2010-09-03,,3255.74 ,1472.27 ,4370.37 
2010-09-06,,3289.36 ,1522.81 ,4507.11 
2010-09-07,,3319.29 ,1535.89 ,4503.94 
2010-09-08,,3302.14 ,1534.44 ,4524.80 
2010-09-09,,3235.28 ,1495.55 ,4390.58 
2010-09-10,,3267.18 ,1491.87 ,4382.77 
2010-09-13,,3311.11 ,1503.12 ,4410.22 
2010-09-14,,3308.21 ,1490.94 ,4364.43 
2010-09-15,,3326.29 ,1473.30 ,4259.87 
2010-09-16,,3260.79 ,1460.89 ,4157.59 
2010-09-17,,3233.62 ,1452.14 ,4153.68 
2010-09-20,,3204.50 ,1438.64 ,4105.01 
2010-09-21,,3180.44 ,1444.09 ,4113.80 
2010-09-27,,3230.99 ,1452.55 ,4205.67 
2010-09-28,,3182.57 ,1436.25 ,4124.84 
2010-09-29,,3158.47 ,1426.52 ,4235.33 
2010-09-30,0.72 ,3185.95 ,1444.85 ,4324.02 
2010-10-08,,3249.37 ,1477.45 ,4723.82 
2010-10-11,,3339.92 ,1511.65 ,5027.22 
2010-10-12,,3330.61 ,1512.17 ,5232.40 
2010-10-13,,3345.31 ,1534.01 ,5183.91 
2010-10-14,,3266.71 ,1537.03 ,5289.28 
2010-10-15,,3335.94 ,1570.17 ,5431.33 
2010-10-18,,3361.18 ,1593.27 ,5336.29 
2010-10-19,,3408.76 ,1585.75 ,5576.40 
2010-10-20,,3395.39 ,1555.04 ,5761.08 
2010-10-21,,3373.82 ,1548.85 ,5729.84 
2010-10-22,,3349.71 ,1551.91 ,5725.37 
2010-10-25,,3413.00 ,1559.48 ,5970.14 
2010-10-26,,3457.10 ,1558.32 ,5926.80 
2010-10-27,,3453.06 ,1552.22 ,5747.24 
2010-10-28,,3428.64 ,1547.26 ,5656.94 
2010-10-29,,3415.32 ,1531.15 ,5636.98 
2010-10-31,0.74 ,,,
2010-11-01,,3492.16 ,1564.73 ,5937.92 
2010-11-02,,3473.43 ,1566.56 ,5763.39 
2010-11-03,,3446.84 ,1559.76 ,5581.27 
2010-11-04,,3506.92 ,1588.06 ,5717.62 
2010-11-05,,3586.30 ,1567.30 ,5793.43 
2010-11-08,,3748.14 ,1572.50 ,5799.32 
2010-11-09,,3750.56 ,1557.63 ,5847.77 
2010-11-10,,3699.74 ,1541.34 ,5770.82 
2010-11-11,,3619.48 ,1559.93 ,5880.73 
2010-11-12,,3387.63 ,1496.45 ,5501.11 
2010-11-15,,3437.64 ,1507.24 ,5348.03 
2010-11-16,,3291.09 ,1474.36 ,4975.41 
2010-11-17,,3235.89 ,1436.07 ,4904.40 
2010-11-18,,3272.00 ,1438.58 ,5012.12 
2010-11-19,,3310.32 ,1460.40 ,5003.56 
2010-11-22,,3318.54 ,1441.94 ,4953.08 
2010-11-23,,3205.65 ,1423.39 ,4853.72 
2010-11-24,,3261.02 ,1447.05 ,4957.77 
2010-11-25,,3309.55 ,1459.08 ,5017.98 
2010-11-26,,3294.73 ,1439.39 ,5081.74 
2010-11-29,,3288.49 ,1447.73 ,4971.96 
2010-11-30,0.72 ,3187.72 ,1413.19 ,4914.15 
2010-12-01,,3187.20 ,1413.69 ,4910.37 
2010-12-02,,3212.40 ,1413.43 ,4951.06 
2010-12-03,,3222.70 ,1412.85 ,4919.78 
2010-12-06,,3190.20 ,1403.04 ,4956.05 
2010-12-07,,3192.22 ,1407.85 ,5027.59 
2010-12-08,,3161.32 ,1414.58 ,4956.63 
2010-12-09,,3132.57 ,1422.63 ,4849.79 
2010-12-10,,3155.16 ,1420.17 ,4923.04 
2010-12-13,,3226.74 ,1449.30 ,5159.13 
2010-12-14,,3245.69 ,1445.75 ,5170.41 
2010-12-15,,3245.78 ,1430.34 ,5242.63 
2010-12-16,,3227.25 ,1421.56 ,5240.16 
2010-12-17,,3231.60 ,1427.35 ,5186.93 
2010-12-20,,3169.05 ,1406.81 ,5100.81 
2010-12-21,,3221.46 ,1422.48 ,5348.74 
2010-12-22,,3218.74 ,1412.19 ,5265.88 
2010-12-23,,3168.85 ,1407.12 ,5267.60 
2010-12-24,,3146.17 ,1403.21 ,5172.59 
2010-12-27,,3049.58 ,1381.46 ,5211.68 
2010-12-28,,2969.26 ,1356.47 ,5057.04 
2010-12-29,,2987.87 ,1361.89 ,5009.56 
2010-12-30,,2989.28 ,1349.34 ,5030.86 
2010-12-31,0.72 ,3039.35 ,1369.80 ,5225.26 
2011-01-04,,3072.26 ,1386.08 ,5358.33 
2011-01-05,,3075.87 ,1378.41 ,5432.29 
2011-01-06,,3058.77 ,1378.21 ,5353.82 
2011-01-07,,3079.02 ,1385.30 ,5246.28 
2011-01-10,,3006.41 ,1388.17 ,5170.83 
2011-01-11,,2997.67 ,1408.78 ,5202.28 
2011-01-12,,3010.91 ,1412.08 ,5215.10 
2011-01-13,,3004.70 ,1448.97 ,5219.19 
2011-01-14,,2931.29 ,1431.14 ,5030.67 
2011-01-17,,2815.71 ,1415.25 ,4853.03 
2011-01-18,,2839.88 ,1424.93 ,4838.71 
2011-01-19,,2875.52 ,1453.64 ,4988.36 
2011-01-20,,2796.08 ,1409.75 ,4755.45 
2011-01-21,,2829.59 ,1463.86 ,4777.34 
2011-01-24,,2825.18 ,1492.49 ,4639.90 
2011-01-25,,2828.11 ,1476.21 ,4613.61 
2011-01-26,,2850.48 ,1491.13 ,4674.05 
2011-01-27,,2876.75 ,1511.92 ,4779.51 
2011-01-28,,2878.54 ,1504.80 ,4786.03 
2011-01-31,0.72 ,2910.76 ,1512.98 ,4853.23 
2011-02-01,,2925.66 ,1500.35 ,4904.40 
2011-02-09,,2928.62 ,1474.92 ,4739.87 
2011-02-10,,2980.10 ,1483.29 ,4855.50 
2011-02-11,,2997.90 ,1480.53 ,4852.94 
2011-02-14,,3072.10 ,1525.70 ,5081.80 
2011-02-15,,3048.92 ,1523.10 ,5076.54 
2011-02-16,,3079.10 ,1526.81 ,5185.14 
2011-02-17,,3112.07 ,1516.52 ,5168.60 
2011-02-18,,3140.74 ,1496.66 ,5058.64 
2011-02-21,,3156.56 ,1510.17 ,5147.72 
2011-02-22,,3053.71 ,1473.16 ,5057.11 
2011-02-23,,3113.47 ,1496.43 ,5077.51 
2011-02-24,,3128.06 ,1501.24 ,5161.96 
2011-02-25,,3132.78 ,1479.25 ,5148.82 
2011-02-28,0.72 ,3161.02 ,1476.40 ,5210.77 
2011-03-01,,3157.84 ,1480.82 ,5203.97 
2011-03-02,,3132.05 ,1469.37 ,5208.82 
2011-03-03,,3131.05 ,1481.00 ,5109.38 
2011-03-04,,3160.29 ,1493.90 ,5214.81 
2011-03-07,,3190.89 ,1536.60 ,5695.31 
2011-03-08,,3207.84 ,1535.51 ,5707.56 
2011-03-09,,3211.12 ,1526.29 ,5660.41 
2011-03-10,,3176.88 ,1510.79 ,5451.41 
2011-03-11,,3144.05 ,1492.91 ,5381.15 
2011-03-14,,3151.44 ,1488.18 ,5439.84 
2011-03-15,,3073.18 ,1460.31 ,5268.71 
2011-03-16,,3111.67 ,1471.42 ,5429.88 
2011-03-17,,3041.13 ,1459.82 ,5439.00 
2011-03-18,,3074.64 ,1482.65 ,5483.76 
2011-03-21,,3090.06 ,1465.55 ,5481.08 
2011-03-22,,3117.47 ,1470.95 ,5472.43 
2011-03-23,,3143.89 ,1485.11 ,5560.39 
2011-03-24,,3124.97 ,1485.47 ,5505.38 
2011-03-25,,3169.53 ,1500.99 ,5611.70 
2011-03-28,,3182.22 ,1511.06 ,5673.44 
2011-03-29,,3152.12 ,1489.37 ,5598.39 
2011-03-30,,3123.27 ,1503.34 ,5567.35 
2011-03-31,0.73 ,3105.10 ,1487.33 ,5543.65 
2011-04-01,,3131.71 ,1499.54 ,5709.82 
2011-04-06,,3172.48 ,1529.66 ,5777.34 
2011-04-07,,3205.85 ,1527.31 ,5757.79 
2011-04-08,,3205.23 ,1523.92 ,5804.62 
2011-04-11,,3153.46 ,1514.30 ,5898.22 
2011-04-12,,3219.83 ,1525.17 ,5827.75 
2011-04-13,,3252.32 ,1560.73 ,5917.71 
2011-04-14,,3220.11 ,1566.67 ,5839.61 
2011-04-15,,3235.23 ,1569.87 ,5797.77 
2011-04-18,,3228.57 ,1558.59 ,5823.59 
2011-04-19,,3150.46 ,1538.95 ,5630.34 
2011-04-20,,3173.54 ,1545.53 ,5641.42 
2011-04-21,,3204.73 ,1544.27 ,5768.20 
2011-04-22,,3175.90 ,1546.69 ,5693.60 
2011-04-25,,3102.57 ,1517.98 ,5502.61 
2011-04-26,,3042.04 ,1519.56 ,5492.01 
2011-04-27,,3033.49 ,1523.49 ,5499.28 
2011-04-28,,2963.83 ,1516.61 ,5471.31 
2011-04-29,,2999.71 ,1555.32 ,5580.28 
2011-04-30,0.73 ,,,
2011-05-03,,3082.48 ,1574.92 ,5592.14 
2011-05-04,,3016.88 ,1604.45 ,5305.23 
2011-05-05,,3033.39 ,1586.49 ,5261.69 
2011-05-06,,3065.41 ,1588.21 ,5170.71 
2011-05-09,,3082.52 ,1582.79 ,5202.54 
2011-05-10,,3077.84 ,1579.46 ,5272.75 
2011-05-11,,3089.96 ,1584.89 ,5258.60 
2011-05-12,,3049.47 ,1568.41 ,5166.12 
2011-05-13,,3097.28 ,1573.55 ,5287.87 
2011-05-16,,3083.06 ,1551.43 ,5232.18 
2011-05-17,,3070.36 ,1544.81 ,5367.07 
2011-05-18,,3069.10 ,1553.49 ,5402.05 
2011-05-19,,3036.39 ,1543.82 ,5352.31 
2011-05-20,,3023.40 ,1536.18 ,5361.65 
2011-05-23,,2917.59 ,1473.66 ,5185.23 
2011-05-24,,2916.94 ,1476.83 ,5206.14 
2011-05-25,,2885.39 ,1457.12 ,5187.46 
2011-05-26,,2878.47 ,1445.13 ,5162.69 
2011-05-27,,2816.18 ,1444.50 ,5180.82 
2011-05-30,,2752.94 ,1453.32 ,5148.28 
2011-05-31,0.73 ,2802.06 ,1472.12 ,5278.91 
2011-06-01,,2816.09 ,1491.69 ,5305.44 
2011-06-02,,2769.35 ,1471.62 ,5313.85 
2011-06-03,,2797.83 ,1478.91 ,5315.90 
2011-06-07,,2815.43 ,1482.29 ,5312.62 
2011-06-08,,2815.13 ,1493.72 ,5305.59 
2011-06-09,,2801.94 ,1466.68 ,5231.26 
2011-06-10,,2803.75 ,1481.37 ,5222.09 
2011-06-13,,2771.41 ,1468.96 ,5206.64 
2011-06-14,,2803.28 ,1472.21 ,5319.97 
2011-06-15,,2781.05 ,1464.67 ,5321.45 
2011-06-16,,2694.59 ,1429.94 ,5219.57 
2011-06-17,,2682.87 ,1424.98 ,5175.23 
2011-06-20,,2647.63 ,1409.77 ,5200.11 
2011-06-21,,2674.77 ,1418.85 ,5369.10 
2011-06-22,,2650.78 ,1425.18 ,5345.93 
2011-06-23,,2685.34 ,1443.26 ,5471.51 
2011-06-24,,2743.50 ,1476.73 ,5503.25 
2011-06-27,,2756.40 ,1475.15 ,5542.79 
2011-06-28,,2755.87 ,1467.96 ,5548.54 
2011-06-29,,2716.42 ,1462.58 ,5477.67 
2011-06-30,0.74 ,2759.08 ,1494.43 ,5607.88 
2011-07-01,,2771.63 ,1483.94 ,5763.81 
2011-07-04,,2828.09 ,1504.60 ,5834.70 
2011-07-05,,2837.44 ,1517.12 ,5871.44 
2011-07-06,,2833.15 ,1525.71 ,5810.92 
2011-07-07,,2831.30 ,1511.35 ,5780.23 
2011-07-08,,2817.99 ,1499.27 ,5843.09 
2011-07-11,,2838.74 ,1502.51 ,5781.67 
2011-07-12,,2796.73 ,1479.82 ,5603.01 
2011-07-13,,2819.76 ,1495.99 ,5714.27 
2011-07-14,,2832.04 ,1493.86 ,5781.15 
2011-07-15,,2881.39 ,1501.78 ,5788.33 
2011-07-18,,2876.55 ,1489.66 ,5767.74 
2011-07-19,,2838.44 ,1488.52 ,5790.97 
2011-07-20,,2840.71 ,1476.41 ,5733.96 
2011-07-21,,2792.17 ,1466.49 ,5652.47 
2011-07-22,,2804.14 ,1456.67 ,5712.37 
2011-07-25,,2676.03 ,1404.44 ,5586.41 
2011-07-26,,2696.12 ,1405.10 ,5582.22 
2011-07-27,,2766.32 ,1411.81 ,5655.24 
2011-07-28,,2722.53 ,1396.57 ,5733.33 
2011-07-29,,2698.12 ,1376.90 ,5613.05 
2011-07-31,0.74 ,,,
2011-08-01,,2704.79 ,1391.26 ,5678.42 
2011-08-02,,2692.33 ,1376.54 ,5722.40 
2011-08-03,,2693.73 ,1386.56 ,5696.49 
2011-08-04,,2700.79 ,1392.84 ,5715.66 
2011-08-05,,2620.29 ,1363.44 ,5569.36 
2011-08-08,,2483.24 ,1308.58 ,5293.65 
2011-08-09,,2480.25 ,1307.62 ,5282.68 
2011-08-10,,2490.52 ,1304.99 ,5323.34 
2011-08-11,,2522.97 ,1329.69 ,5388.37 
2011-08-12,,2536.94 ,1344.11 ,5379.13 
2011-08-15,,2575.30 ,1374.80 ,5430.66 
2011-08-16,,2549.07 ,1362.63 ,5428.33 
2011-08-17,,2553.18 ,1355.65 ,5361.77 
2011-08-18,,2490.27 ,1337.25 ,5198.79 
2011-08-19,,2455.02 ,1328.56 ,5089.09 
2011-08-22,,2450.98 ,1326.92 ,5051.90 
2011-08-23,,2496.31 ,1340.47 ,5122.35 
2011-08-24,,2495.13 ,1332.31 ,5096.83 
2011-08-25,,2555.30 ,1377.69 ,5328.53 
2011-08-26,,2555.54 ,1388.30 ,5307.85 
2011-08-29,,2516.31 ,1374.32 ,5240.08 
2011-08-30,,2543.50 ,1362.78 ,5235.27 
2011-08-31,0.74 ,2578.92 ,1355.34 ,5268.86 
2011-09-01,,2563.08 ,1341.42 ,5238.25 
2011-09-02,,2541.05 ,1331.58 ,5153.62 
2011-09-05,,2470.91 ,1314.34 ,4980.42 
2011-09-06,,2463.87 ,1310.81 ,4961.07 
2011-09-07,,2516.62 ,1345.01 ,5091.76 
2011-09-08,,2479.27 ,1332.69 ,5059.60 
2011-09-09,,2489.98 ,1333.04 ,5037.82 
2011-09-13,,2463.06 ,1331.87 ,4984.46 
2011-09-14,,2494.58 ,1344.62 ,5027.03 
2011-09-15,,2490.66 ,1334.31 ,4993.57 
2011-09-16,,2483.84 ,1343.31 ,5028.47 
2011-09-19,,2416.64 ,1325.92 ,4892.77 
2011-09-20,,2435.55 ,1320.49 ,4921.87 
2011-09-21,,2499.37 ,1360.30 ,5147.29 
2011-09-22,,2416.85 ,1317.90 ,4972.72 
2011-09-23,,2396.68 ,1313.94 ,4999.49 
2011-09-26,,2358.58 ,1299.23 ,4942.03 
2011-09-27,,2386.68 ,1303.45 ,5045.60 
2011-09-28,,2363.71 ,1285.99 ,5016.03 
2011-09-29,,2288.55 ,1284.32 ,5014.86 
2011-09-30,0.74 ,2309.48 ,1283.26 ,4963.17 
2011-10-10,,2311.69 ,1282.76 ,4936.20 
2011-10-11,,2331.81 ,1293.34 ,4689.72 
2011-10-12,,2411.17 ,1331.41 ,4813.91 
2011-10-13,,2420.55 ,1343.55 ,4832.98 
2011-10-14,,2412.98 ,1343.34 ,4847.12 
2011-10-17,,2415.12 ,1342.22 ,4882.68 
2011-10-18,,2352.93 ,1314.13 ,4729.83 
2011-10-19,,2344.37 ,1324.37 ,4728.62 
2011-10-20,,2275.70 ,1306.30 ,4565.98 
2011-10-21,,2252.04 ,1313.54 ,4514.74 
2011-10-24,,2294.89 ,1355.42 ,4650.29 
2011-10-25,,2346.60 ,1360.18 ,4801.42 
2011-10-26,,2354.78 ,1357.30 ,4830.43 
2011-10-27,,2482.61 ,1366.08 ,4854.04 
2011-10-28,,2548.75 ,1371.52 ,5026.73 
2011-10-31,0.74 ,2513.24 ,1365.36 ,5000.14 
2011-11-01,,2531.41 ,1373.48 ,4971.56 
2011-11-02,,2588.04 ,1390.88 ,5020.92 
2011-11-03,,2568.97 ,1378.33 ,5025.81 
2011-11-04,,2593.03 ,1392.60 ,5050.79 
2011-11-07,,2575.97 ,1387.30 ,5052.85 
2011-11-08,,2552.33 ,1379.79 ,5092.48 
2011-11-09,,2587.03 ,1390.69 ,5128.66 
2011-11-10,,2529.56 ,1383.57 ,5027.99 
2011-11-11,,2537.80 ,1394.76 ,5033.42 
2011-11-14,,2589.94 ,1421.23 ,5224.15 
2011-11-15,,2628.59 ,1415.17 ,5251.35 
2011-11-16,,2549.58 ,1364.72 ,5070.40 
2011-11-17,,2531.11 ,1334.76 ,5073.18 
2011-11-18,,2487.98 ,1325.46 ,4912.93 
2011-11-21,,2462.17 ,1344.32 ,4856.34 
2011-11-22,,2448.70 ,1342.80 ,4823.13 
2011-11-23,,2423.58 ,1329.69 ,4735.69 
2011-11-24,,2399.49 ,1330.53 ,4738.05 
2011-11-25,,2388.02 ,1337.08 ,4701.11 
2011-11-28,,2406.70 ,1341.41 ,4736.47 
2011-11-29,,2441.49 ,1356.34 ,4828.61 
2011-11-30,0.75 ,2317.02 ,1321.81 ,4653.16 
2011-12-01,,2364.09 ,1341.28 ,4769.11 
2011-12-02,,2310.94 ,1334.60 ,4676.30 
2011-12-05,,2259.43 ,1323.36 ,4613.73 
2011-12-06,,2268.62 ,1314.81 ,4630.39 
2011-12-07,,2273.28 ,1324.50 ,4644.47 
2011-12-08,,2266.95 ,1323.53 ,4632.11 
2011-12-09,,2245.27 ,1334.98 ,4590.81 
2011-12-12,,2228.99 ,1336.03 ,4531.58 
2011-12-13,,2143.56 ,1323.32 ,4427.38 
2011-12-14,,2113.97 ,1304.43 ,4368.82 
2011-12-15,,2045.51 ,1301.48 ,4178.82 
2011-12-16,,2099.84 ,1309.16 ,4268.73 
2011-12-19,,2096.81 ,1313.50 ,4246.14 
2011-12-20,,2099.01 ,1316.13 ,4240.48 
2011-12-21,,2057.59 ,1305.26 ,4190.16 
2011-12-22,,2012.59 ,1305.83 ,4240.92 
2011-12-23,,2035.56 ,1304.82 ,4293.39 
2011-12-26,,2025.25 ,1298.36 ,4242.16 
2011-12-27,,1979.56 ,1287.76 ,4214.44 
2011-12-28,,1981.26 ,1286.57 ,4236.90 
2011-12-29,,1980.77 ,1295.25 ,4267.58 
2011-12-30,,2005.50 ,1317.25 ,4337.29 
2011-12-31,0.75 ,,,
2012-01-04,,1969.88 ,1294.77 ,4203.62 
2012-01-05,,1916.03 ,1304.73 ,4137.75 
2012-01-06,,1908.20 ,1316.66 ,4167.34 
2012-01-09,,1974.33 ,1341.75 ,4486.32 
2012-01-10,,2028.98 ,1354.12 ,4673.61 
2012-01-11,,2029.99 ,1340.64 ,4647.79 
2012-01-12,,2024.73 ,1338.81 ,4631.14 
2012-01-13,,1966.14 ,1332.73 ,4576.48 
2012-01-16,,1938.32 ,1319.63 ,4491.09 
2012-01-17,,2021.42 ,1352.97 ,4790.66 
2012-01-18,,1990.06 ,1342.88 ,4683.22 
2012-01-19,,2011.12 ,1355.03 ,4740.96 
2012-01-20,,2031.25 ,1354.50 ,4770.25 
2012-01-30,,2008.99 ,1326.94 ,4653.71 
2012-01-31,,2013.71 ,1343.01 ,4676.66 
2012-02-01,,1992.21 ,1328.30 ,4602.64 
2012-02-02,,2022.32 ,1339.08 ,4729.32 
2012-02-03,,2049.32 ,1338.55 ,4747.15 
2012-02-06,,2047.68 ,1331.99 ,4760.98 
2012-02-07,,2015.61 ,1307.30 ,4676.56 
2012-02-08,,2048.25 ,1333.57 ,4848.10 
2012-02-09,,2060.12 ,1323.25 ,4833.25 
2012-02-10,,2073.86 ,1329.30 ,4823.23 
2012-02-13,,2084.66 ,1327.33 ,4803.30 
2012-02-14,,2088.34 ,1330.75 ,4799.62 
2012-02-15,,2120.02 ,1332.81 ,4847.81 
2012-02-16,,2126.60 ,1327.98 ,4797.69 
2012-02-17,,2112.74 ,1334.76 ,4780.69 
2012-02-20,,2105.80 ,1331.00 ,4801.15 
2012-02-21,,2114.23 ,1326.63 ,4847.93 
2012-02-22,,2143.49 ,1330.44 ,4902.00 
2012-02-23,,2153.67 ,1337.60 ,4952.07 
2012-02-24,,2178.79 ,1350.27 ,5043.13 
2012-02-27,,2178.70 ,1356.91 ,5024.64 
2012-02-28,,2167.35 ,1359.91 ,4992.41 
2012-02-29,,2134.36 ,1342.83 ,4942.91 
2012-03-01,,2141.55 ,1341.81 ,4937.51 
2012-03-02,,2178.73 ,1354.74 ,5021.38 
2012-03-05,,2176.38 ,1344.30 ,4998.10 
2012-03-06,,2148.64 ,1325.59 ,4865.67 
2012-03-07,,2139.41 ,1323.07 ,4795.92 
2012-03-08,,2199.05 ,1329.75 ,4853.06 
2012-03-09,,2210.99 ,1338.53 ,4961.67 
2012-03-12,,2211.44 ,1333.39 ,4916.09 
2012-03-13,,2233.17 ,1338.60 ,4977.72 
2012-03-14,,2159.78 ,1315.13 ,4791.59 
2012-03-15,,2113.95 ,1304.47 ,4746.76 
2012-03-16,,2156.60 ,1322.28 ,4785.08 
2012-03-19,,2186.07 ,1320.48 ,4815.87 
2012-03-20,,2134.13 ,1306.00 ,4756.04 
2012-03-21,,2200.57 ,1314.42 ,4833.51 
2012-03-22,,2188.20 ,1316.82 ,4794.29 
2012-03-23,,2152.85 ,1324.92 ,4711.55 
2012-03-26,,2157.78 ,1317.81 ,4733.64 
2012-03-27,,2125.66 ,1316.83 ,4732.03 
2012-03-28,,2022.66 ,1298.46 ,4549.27 
2012-03-29,,1977.72 ,1297.46 ,4477.51 
2012-03-30,,1977.80 ,1318.61 ,4507.54 
2012-04-05,,2019.75 ,1316.58 ,4606.46 
2012-04-06,,2030.63 ,1313.00 ,4628.56 
2012-04-09,,2042.45 ,1300.89 ,4551.23 
2012-04-10,,2059.27 ,1309.10 ,4603.48 
2012-04-11,,2075.73 ,1308.94 ,4599.83 
2012-04-12,,2129.76 ,1315.30 ,4722.22 
2012-04-13,,2184.00 ,1315.15 ,4758.02 
2012-04-16,,2181.30 ,1311.31 ,4745.53 
2012-04-17,,2141.84 ,1307.40 ,4669.82 
2012-04-18,,2189.94 ,1323.80 ,4802.29 
2012-04-19,,2179.29 ,1322.61 ,4797.68 
2012-04-20,,2246.28 ,1331.15 ,4830.36 
2012-04-23,,2248.89 ,1328.62 ,4786.47 
2012-04-24,,2281.82 ,1324.63 ,4792.65 
2012-04-25,,2311.12 ,1326.98 ,4846.13 
2012-04-26,,2262.40 ,1321.19 ,4876.03 
2012-04-27,,2230.82 ,1317.84 ,4873.60 
2012-05-02,,2245.31 ,1337.14 ,5054.52 
2012-05-03,,2243.53 ,1331.29 ,5064.24 
2012-05-04,,2255.71 ,1337.28 ,5083.50 
2012-05-07,,2256.60 ,1345.88 ,5043.07 
2012-05-08,,2251.01 ,1348.47 ,5021.26 
2012-05-09,,2216.63 ,1327.99 ,4920.88 
2012-05-10,,2219.76 ,1331.51 ,4926.39 
2012-05-11,,2197.87 ,1319.11 ,4883.95 
2012-05-14,,2210.55 ,1315.41 ,4822.59 
2012-05-15,,2208.14 ,1312.86 ,4776.66 
2012-05-16,,2192.19 ,1311.71 ,4712.55 
2012-05-17,,2248.25 ,1322.69 ,4784.65 
2012-05-18,,2220.72 ,1324.70 ,4704.73 
2012-05-21,,2192.98 ,1332.57 ,4778.60 
2012-05-22,,2216.72 ,1343.04 ,4844.17 
2012-05-23,,2206.01 ,1335.44 ,4797.52 
2012-05-24,,2207.80 ,1323.56 ,4787.03 
2012-05-25,,2200.01 ,1330.95 ,4750.21 
2012-05-28,,2236.84 ,1334.23 ,4830.35 
2012-05-29,,2250.98 ,1334.56 ,4913.66 
2012-05-30,,2273.78 ,1326.23 ,4867.96 
2012-05-31,,2264.93 ,1321.37 ,4805.71 
2012-06-01,,2255.01 ,1317.78 ,4769.47 
2012-06-04,,2168.42 ,1293.78 ,4591.13 
2012-06-05,,2159.42 ,1292.67 ,4595.36 
2012-06-06,,2152.45 ,1285.68 ,4521.23 
2012-06-07,,2156.67 ,1276.24 ,4487.77 
2012-06-08,,2161.01 ,1273.24 ,4470.89 
2012-06-11,,2176.20 ,1281.38 ,4558.73 
2012-06-12,,2163.33 ,1278.53 ,4450.71 
2012-06-13,,2219.11 ,1290.50 ,4474.59 
2012-06-14,,2235.16 ,1275.29 ,4395.19 
2012-06-15,,2213.41 ,1281.33 ,4430.00 
2012-06-18,,2235.84 ,1284.24 ,4474.46 
2012-06-19,,2219.70 ,1286.65 ,4423.07 
2012-06-20,,2200.03 ,1285.22 ,4431.35 
2012-06-21,,2193.97 ,1266.81 ,4301.15 
2012-06-25,,2146.70 ,1249.52 ,4123.97 
2012-06-26,,2145.11 ,1249.11 ,4118.17 
2012-06-27,,2120.20 ,1245.58 ,4086.25 
2012-06-28,,2109.86 ,1228.97 ,4034.50 
2012-06-29,,2117.05 ,1229.91 ,4101.38 
2012-07-02,,2119.10 ,1224.12 ,4080.19 
2012-07-03,,2128.00 ,1222.98 ,4083.80 
2012-07-04,,2124.49 ,1225.01 ,4141.04 
2012-07-05,,2054.46 ,1197.84 ,4081.19 
2012-07-06,,2072.72 ,1197.70 ,4147.23 
2012-07-09,,2010.39 ,1162.01 ,3977.05 
2012-07-10,,2022.95 ,1134.34 ,3958.38 
2012-07-11,,2040.85 ,1156.49 ,4010.28 
2012-07-12,,2059.66 ,1173.54 ,4197.31 
2012-07-13,,2033.89 ,1181.18 ,4159.74 
2012-07-16,,1954.25 ,1159.53 ,4102.35 
2012-07-17,,1975.45 ,1165.09 ,4143.15 
2012-07-18,,2003.46 ,1163.78 ,4183.86 
2012-07-19,,2057.61 ,1163.56 ,4168.66 
2012-07-20,,2037.59 ,1141.39 ,4097.14 
2012-07-23,,2012.82 ,1131.26 ,4028.46 
2012-07-24,,2037.85 ,1134.09 ,4042.04 
2012-07-25,,2011.37 ,1128.98 ,3981.02 
2012-07-26,,1985.23 ,1121.33 ,3983.56 
2012-07-27,,1992.26 ,1115.36 ,4020.07 
2012-07-30,,1947.84 ,1110.50 ,4036.81 
2012-07-31,,1913.41 ,1108.75 ,3992.45 
2012-08-01,,1937.36 ,1125.59 ,4057.50 
2012-08-02,,1919.92 ,1128.88 ,4002.58 
2012-08-03,,1957.53 ,1129.46 ,4069.65 
2012-08-06,,1998.97 ,1137.01 ,4144.46 
2012-08-07,,2013.61 ,1135.50 ,4141.58 
2012-08-08,,2011.58 ,1138.87 ,4159.62 
2012-08-09,,2024.40 ,1137.26 ,4165.84 
2012-08-10,,2012.80 ,1129.27 ,4116.27 
2012-08-13,,1964.15 ,1120.43 ,4038.02 
2012-08-14,,1978.06 ,1114.05 ,4077.07 
2012-08-15,,1956.76 ,1095.62 ,4014.43 
2012-08-16,,1948.63 ,1100.66 ,4003.41 
2012-08-17,,1949.75 ,1098.00 ,4008.29 
2012-08-20,,1947.89 ,1090.97 ,3988.91 
2012-08-21,,1968.85 ,1094.72 ,4009.06 
2012-08-22,,1956.23 ,1090.18 ,3973.80 
2012-08-23,,1978.77 ,1096.65 ,4014.44 
2012-08-24,,1929.01 ,1098.69 ,3910.17 
2012-08-27,,1893.32 ,1081.41 ,3782.67 
2012-08-28,,1902.77 ,1090.59 ,3807.40 
2012-08-29,,1894.77 ,1099.28 ,3734.88 
2012-08-30,,1881.85 ,1107.46 ,3746.18 
2012-08-31,,1885.98 ,1103.97 ,3726.43 
2012-09-03,,1906.33 ,1108.43 ,3760.64 
2012-09-04,,1887.79 ,1095.20 ,3728.43 
2012-09-05,,1893.18 ,1086.38 ,3665.42 
2012-09-06,,1912.95 ,1096.58 ,3721.65 
2012-09-07,,1978.46 ,1128.47 ,3950.39 
2012-09-10,,1987.09 ,1121.90 ,3977.65 
2012-09-11,,1975.77 ,1112.85 ,3939.58 
2012-09-12,,1990.32 ,1113.35 ,3988.93 
2012-09-13,,1966.20 ,1110.00 ,3941.96 
2012-09-14,,1976.52 ,1112.29 ,4012.67 
2012-09-17,,1922.52 ,1104.70 ,3889.21 
2012-09-18,,1903.26 ,1099.68 ,3806.21 
2012-09-19,,1918.29 ,1095.56 ,3830.39 
2012-09-20,,1869.29 ,1076.10 ,3703.05 
2012-09-21,,1858.71 ,1076.35 ,3754.80 
2012-09-24,,1863.37 ,1078.99 ,3818.48 
2012-09-25,,1854.11 ,1075.36 ,3808.06 
2012-09-26,,1818.10 ,1067.80 ,3780.42 
2012-09-27,,1860.37 ,1088.73 ,3947.13 
2012-09-28,,1885.84 ,1113.16 ,4017.66 
2012-10-08,,1879.01 ,1107.86 ,3945.49 
2012-10-09,,1928.31 ,1121.02 ,4025.04 
2012-10-10,,1947.54 ,1118.13 ,4033.85 
2012-10-11,,1921.38 ,1116.59 ,3972.58 
2012-10-12,,1919.19 ,1116.61 ,3999.89 
2012-10-15,,1902.44 ,1113.28 ,3959.26 
2012-10-16,,1907.96 ,1111.26 ,3946.97 
2012-10-17,,1910.14 ,1117.13 ,3975.67 
2012-10-18,,1975.49 ,1129.68 ,4054.15 
2012-10-19,,1972.79 ,1127.30 ,4034.76 
2012-10-22,,1972.28 ,1128.41 ,4066.44 
2012-10-23,,1964.69 ,1126.91 ,4000.29 
2012-10-24,,1981.45 ,1126.39 ,3986.26 
2012-10-25,,1965.06 ,1120.02 ,3931.18 
2012-10-26,,1920.24 ,1103.71 ,3859.09 
2012-10-29,,1916.46 ,1094.79 ,3831.62 
2012-10-30,,1923.60 ,1098.66 ,3856.24 
2012-10-31,,1930.60 ,1107.27 ,3894.06 
2012-11-01,,1955.99 ,1124.23 ,3951.41 
2012-11-02,,1957.82 ,1127.24 ,3959.14 
2012-11-05,,1955.12 ,1130.04 ,3994.54 
2012-11-06,,1929.71 ,1127.72 ,3958.45 
2012-11-07,,1925.14 ,1129.52 ,3952.33 
2012-11-08,,1877.50 ,1110.51 ,3833.52 
2012-11-09,,1877.97 ,1115.52 ,3832.72 
2012-11-12,,1904.70 ,1128.07 ,3860.78 
2012-11-13,,1874.70 ,1116.22 ,3786.00 
2012-11-14,,1879.86 ,1117.49 ,3812.62 
2012-11-15,,1845.74 ,1106.14 ,3725.39 
2012-11-16,,1833.96 ,1104.53 ,3665.86 
2012-11-19,,1845.30 ,1122.39 ,3682.71 
2012-11-20,,1836.00 ,1117.62 ,3637.44 
2012-11-21,,1860.43 ,1117.89 ,3703.05 
2012-11-22,,1841.62 ,1114.41 ,3664.46 
2012-11-23,,1849.12 ,1129.24 ,3690.52 
2012-11-26,,1826.14 ,1136.97 ,3647.56 
2012-11-27,,1756.99 ,1123.78 ,3606.62 
2012-11-28,,1717.47 ,1115.89 ,3600.90 
2012-11-29,,1703.94 ,1116.59 ,3573.26 
2012-11-30,,1722.44 ,1134.41 ,3593.31 
2012-12-03,,1682.82 ,1140.47 ,3487.40 
2012-12-04,,1703.60 ,1138.50 ,3518.40 
2012-12-05,,1764.31 ,1154.30 ,3640.72 
2012-12-06,,1753.38 ,1147.04 ,3630.01 
2012-12-07,,1787.36 ,1153.55 ,3744.23 
2012-12-10,,1814.64 ,1162.17 ,3773.78 
2012-12-11,,1793.02 ,1155.02 ,3780.76 
2012-12-12,,1796.36 ,1150.82 ,3767.71 
2012-12-13,,1815.49 ,1145.65 ,3724.15 
2012-12-14,,1896.71 ,1183.82 ,3886.04 
2012-12-17,,1900.54 ,1187.19 ,3968.62 
2012-12-18,,1890.92 ,1180.59 ,3966.21 
2012-12-19,,1890.11 ,1179.10 ,4007.71 
2012-12-20,,1894.20 ,1188.61 ,4019.58 
2012-12-21,,1881.48 ,1177.68 ,4000.45 
2012-12-24,,1882.40 ,1187.03 ,3999.02 
2012-12-25,,1925.71 ,1221.84 ,4119.97 
2012-12-26,,1976.12 ,1224.63 ,4131.49 
2012-12-27,,1950.99 ,1238.28 ,4142.10 
2012-12-28,,1970.46 ,1244.43 ,4190.45 
2012-12-31,,1980.86 ,1242.76 ,4250.14 
2013-01-04,,1975.01 ,1252.78 ,4216.67 
2013-01-07,,1975.37 ,1253.80 ,4232.36 
2013-01-08,,1985.27 ,1238.38 ,4194.78 
2013-01-09,,1981.33 ,1240.92 ,4294.52 
2013-01-10,,1990.58 ,1261.11 ,4241.92 
2013-01-11,,1931.57 ,1245.62 ,4132.52 
2013-01-14,,1991.58 ,1271.67 ,4245.67 
2013-01-15,,2017.99 ,1278.55 ,4265.10 
2013-01-16,,2006.19 ,1256.42 ,4253.18 
2013-01-17,,2016.99 ,1272.10 ,4196.21 
2013-01-18,,2041.90 ,1283.65 ,4280.08 
2013-01-21,,2050.42 ,1289.56 ,4351.06 
2013-01-22,,2040.10 ,1282.66 ,4262.98 
2013-01-23,,2060.20 ,1279.39 ,4214.85 
2013-01-24,,1993.97 ,1269.54 ,4116.67 
2013-01-25,,1987.42 ,1272.18 ,4114.33 
2013-01-28,,2026.23 ,1313.67 ,4204.84 
2013-01-29,,2062.93 ,1315.99 ,4248.27 
2013-01-30,,2081.04 ,1307.80 ,4267.27 
2013-01-31,0.54 ,2066.85 ,1304.92 ,4302.11 
2013-02-01,,2114.46 ,1312.06 ,4318.14 
2013-02-04,,2137.05 ,1296.18 ,4482.73 
2013-02-05,,2134.32 ,1319.32 ,4536.65 
2013-02-06,,2130.74 ,1314.16 ,4479.52 
2013-02-07,,2124.83 ,1311.24 ,4428.14 
2013-02-08,,2137.55 ,1340.67 ,4448.84 
2013-02-18,,2119.40 ,1443.32 ,4359.23 
2013-02-19,,2088.36 ,1451.09 ,4193.39 
2013-02-20,,2121.21 ,1446.57 ,4249.52 
2013-02-21,,2058.58 ,1384.54 ,4045.42 
2013-02-22,,2041.16 ,1397.72 ,4024.63 
2013-02-25,,2066.68 ,1422.42 ,4030.17 
2013-02-26,,2028.78 ,1381.91 ,3929.09 
2013-02-27,,2035.81 ,1374.15 ,3975.75 
2013-02-28,0.54 ,2080.61 ,1419.41 ,4094.81 
2013-03-01,,2095.21 ,1430.33 ,4048.28 
2013-03-04,,2017.42 ,1441.59 ,3798.78 
2013-03-05,,2053.91 ,1439.68 ,3843.23 
2013-03-06,,2083.34 ,1456.99 ,3854.49 
2013-03-07,,2063.72 ,1429.31 ,3930.39 
2013-03-08,,2054.20 ,1410.84 ,3898.59 
2013-03-11,,2062.74 ,1420.27 ,3841.35 
2013-03-12,,2020.55 ,1364.96 ,3780.73 
2013-03-13,,2014.02 ,1348.14 ,3783.55 
2013-03-14,,2007.50 ,1347.83 ,3828.35 
2013-03-15,,1998.41 ,1396.67 ,3783.84 
2013-03-18,,1953.52 ,1365.68 ,3700.40 
2013-03-19,,1960.29 ,1363.70 ,3734.75 
2013-03-20,,2019.61 ,1377.01 ,3830.01 
2013-03-21,,2019.35 ,1385.91 ,3833.51 
2013-03-22,,2035.83 ,1414.42 ,3834.36 
2013-03-25,,2036.31 ,1393.00 ,3825.32 
2013-03-26,,2007.33 ,1367.09 ,3737.24 
2013-03-27,,2024.29 ,1357.62 ,3732.43 
2013-03-28,,1982.55 ,1333.95 ,3650.13 
2013-03-29,,2002.05 ,1337.96 ,3629.56 
2013-03-31,0.55 ,,,
2013-04-01,,2004.76 ,1336.25 ,3631.36 
2013-04-02,,2018.35 ,1313.53 ,3625.96 
2013-04-03,,2002.01 ,1322.56 ,3603.59 
2013-04-08,,1968.34 ,1306.91 ,3522.75 
2013-04-09,,1982.14 ,1306.18 ,3552.54 
2013-04-10,,1961.88 ,1287.38 ,3603.87 
2013-04-11,,1947.27 ,1269.18 ,3545.97 
2013-04-12,,1928.04 ,1263.51 ,3514.55 
2013-04-15,,1919.66 ,1240.23 ,3414.09 
2013-04-16,,1942.95 ,1243.71 ,3426.91 
2013-04-17,,1946.89 ,1247.22 ,3414.10 
2013-04-18,,1946.38 ,1247.58 ,3413.94 
2013-04-19,,1983.99 ,1280.61 ,3506.67 
2013-04-22,,1978.60 ,1289.92 ,3492.70 
2013-04-23,,1924.36 ,1250.89 ,3379.23 
2013-04-24,,1953.40 ,1284.25 ,3428.96 
2013-04-25,,1933.70 ,1287.81 ,3379.69 
2013-04-26,,1924.07 ,1264.55 ,3331.55 
2013-05-02,,1902.60 ,1262.75 ,3243.03 
2013-05-03,,1938.47 ,1264.97 ,3268.26 
2013-05-06,,1959.80 ,1279.91 ,3321.96 
2013-05-07,,1974.02 ,1288.72 ,3365.36 
2013-05-08,,1975.13 ,1310.56 ,3351.32 
2013-05-09,,1966.90 ,1290.57 ,3273.19 
2013-05-10,,1969.66 ,1293.97 ,3321.72 
2013-05-13,,1970.62 ,1279.01 ,3300.48 
2013-05-14,,1962.78 ,1265.22 ,3247.69 
2013-05-15,,1974.02 ,1267.25 ,3237.64 
2013-05-16,,1997.20 ,1263.67 ,3285.21 
2013-05-17,,2018.61 ,1292.10 ,3432.04 
2013-05-20,,2037.33 ,1299.32 ,3413.09 
2013-05-21,,2055.15 ,1297.93 ,3431.35 
2013-05-22,,2045.40 ,1279.48 ,3426.94 
2013-05-23,,2038.80 ,1267.08 ,3351.27 
2013-05-24,,2074.54 ,1267.70 ,3362.96 
2013-05-27,,2088.05 ,1265.06 ,3333.93 
2013-05-28,,2098.66 ,1277.91 ,3408.94 
2013-05-29,,2109.36 ,1286.08 ,3381.97 
2013-05-30,,2157.90 ,1305.34 ,3376.74 
2013-05-31,,2158.19 ,1286.34 ,3352.89 
2013-06-03,,2218.98 ,1287.76 ,3377.70 
2013-06-04,,2161.15 ,1267.52 ,3308.53 
2013-06-05,,2190.75 ,1270.43 ,3305.54 
2013-06-06,,2154.24 ,1268.98 ,3288.08 
2013-06-07,,2082.36 ,1258.13 ,3212.45 
2013-06-13,,2075.78 ,1208.86 ,3077.08 
2013-06-14,,2106.65 ,1204.63 ,3069.42 
2013-06-17,,2089.63 ,1190.41 ,3037.00 
2013-06-18,,2095.34 ,1188.83 ,3018.44 
2013-06-19,,2080.49 ,1192.71 ,3018.02 
2013-06-20,,2011.88 ,1165.47 ,2901.72 
2013-06-21,,2011.92 ,1157.47 ,2868.20 
2013-06-24,,1878.30 ,1107.13 ,2660.01 
2013-06-25,,1869.23 ,1110.01 ,2612.89 
2013-06-26,,1878.50 ,1098.46 ,2574.32 
2013-06-27,,1826.97 ,1099.39 ,2527.23 
2013-06-28,,1841.59 ,1111.11 ,2560.98 
2013-06-30,0.54 ,,,
2013-07-01,,1874.38 ,1094.98 ,2550.63 
2013-07-02,,1912.49 ,1082.05 ,2536.93 
2013-07-03,,1963.04 ,1070.66 ,2517.58 
2013-07-04,,1978.30 ,1093.01 ,2591.95 
2013-07-05,,2026.28 ,1090.86 ,2578.60 
2013-07-08,,1987.45 ,1063.75 ,2442.91 
2013-07-09,,2006.69 ,1073.38 ,2468.06 
2013-07-10,,2044.48 ,1106.23 ,2572.24 
2013-07-11,,2082.32 ,1151.37 ,2685.54 
2013-07-12,,2043.98 ,1136.27 ,2594.36 
2013-07-15,,2062.96 ,1143.76 ,2608.27 
2013-07-16,,2079.53 ,1137.42 ,2609.30 
2013-07-17,,2032.35 ,1117.23 ,2609.83 
2013-07-18,,2013.05 ,1098.61 ,2544.15 
2013-07-19,,1954.52 ,1082.19 ,2470.01 
2013-07-22,,1978.40 ,1081.29 ,2480.65 
2013-07-23,,2031.65 ,1113.53 ,2553.02 
2013-07-24,,2035.81 ,1115.32 ,2513.01 
2013-07-25,,2026.40 ,1153.16 ,2524.18 
2013-07-26,,2062.42 ,1156.21 ,2495.67 
2013-07-29,,2035.99 ,1140.39 ,2450.15 
2013-07-30,,2057.67 ,1142.46 ,2472.84 
2013-07-31,,2049.91 ,1145.73 ,2489.77 
2013-08-01,,2085.78 ,1161.57 ,2551.97 
2013-08-02,,2068.73 ,1181.99 ,2585.57 
2013-08-05,,2100.29 ,1188.76 ,2620.71 
2013-08-06,,2120.74 ,1192.26 ,2639.95 
2013-08-07,,2112.97 ,1165.11 ,2642.88 
2013-08-08,,2123.62 ,1156.70 ,2621.39 
2013-08-09,,2149.52 ,1148.10 ,2666.46 
2013-08-12,,2181.89 ,1183.50 ,2885.99 
2013-08-13,,2191.26 ,1181.62 ,2869.36 
2013-08-14,,2200.16 ,1185.78 ,2846.93 
2013-08-15,,2185.01 ,1260.51 ,2796.52 
2013-08-16,,2153.07 ,1238.80 ,2767.04 
2013-08-19,,2176.35 ,1235.45 ,2792.33 
2013-08-20,,2173.96 ,1280.54 ,2736.77 
2013-08-21,,2191.69 ,1265.54 ,2772.37 
2013-08-22,,2186.37 ,1258.02 ,2743.70 
2013-08-23,,2186.08 ,1279.51 ,2709.72 
2013-08-26,,2278.29 ,1299.79 ,2773.85 
2013-08-27,,2333.40 ,1306.86 ,2781.55 
2013-08-28,,2437.52 ,1296.27 ,2828.36 
2013-08-29,,2440.98 ,1289.28 ,2767.88 
2013-08-30,,2548.72 ,1288.53 ,2726.15 
2013-08-31,0.55 ,,,
2013-09-02,,2520.65 ,1294.57 ,2757.27 
2013-09-03,,2493.25 ,1323.96 ,2799.07 
2013-09-04,,2540.33 ,1323.76 ,2809.33 
2013-09-05,,2517.04 ,1338.98 ,2765.92 
2013-09-06,,2544.32 ,1392.27 ,2777.06 
2013-09-09,,2554.88 ,1388.62 ,2838.36 
2013-09-10,,2610.78 ,1447.12 ,2915.53 
2013-09-11,,2585.95 ,1447.19 ,2963.09 
2013-09-12,,2652.32 ,1455.61 ,2940.26 
2013-09-13,,2613.56 ,1435.38 ,2877.05 
2013-09-16,,2630.19 ,1441.27 ,2853.66 
2013-09-17,,2554.48 ,1392.68 ,2774.01 
2013-09-18,,2598.28 ,1388.12 ,2783.16 
2013-09-23,,2662.29 ,1405.36 ,2819.99 
2013-09-24,,2714.26 ,1389.68 ,2772.55 
2013-09-25,,2643.93 ,1369.66 ,2765.09 
2013-09-26,,2505.72 ,1341.28 ,2710.78 
2013-09-27,,2488.92 ,1336.93 ,2743.69 
2013-09-30,,2548.70 ,1371.77 ,2745.88 
2013-10-08,,2605.11 ,1358.76 ,2759.98 
2013-10-09,,2652.31 ,1352.46 ,2748.57 
2013-10-10,,2664.07 ,1339.82 ,2715.86 
2013-10-11,,2773.16 ,1360.42 ,2749.19 
2013-10-14,,2774.98 ,1398.56 ,2785.70 
2013-10-15,,2792.14 ,1382.16 ,2778.70 
2013-10-16,,2670.30 ,1352.29 ,2713.98 
2013-10-17,,2633.83 ,1332.48 ,2774.57 
2013-10-18,,2667.99 ,1332.86 ,2757.18 
2013-10-21,,2731.51 ,1347.65 ,2795.04 
2013-10-22,,2697.81 ,1339.65 ,2827.64 
2013-10-23,,2627.29 ,1333.61 ,2812.95 
2013-10-24,,2562.85 ,1326.52 ,2734.22 
2013-10-25,,2495.59 ,1311.14 ,2688.32 
2013-10-28,,2524.33 ,1337.34 ,2625.42 
2013-10-29,,2418.61 ,1348.44 ,2580.91 
2013-10-30,,2452.61 ,1378.63 ,2619.53 
2013-10-31,0.56 ,2469.50 ,1378.64 ,2600.04 
2013-11-01,,2502.18 ,1394.65 ,2617.41 
2013-11-04,,2519.57 ,1375.86 ,2610.09 
2013-11-05,,2545.79 ,1381.49 ,2609.18 
2013-11-06,,2505.76 ,1372.60 ,2619.62 
2013-11-07,,2466.14 ,1374.86 ,2636.64 
2013-11-08,,2439.56 ,1358.69 ,2574.12 
2013-11-11,,2394.36 ,1345.63 ,2561.30 
2013-11-12,,2445.68 ,1351.03 ,2606.40 
2013-11-13,,2384.49 ,1313.80 ,2546.11 
2013-11-14,,2400.01 ,1335.87 ,2566.97 
2013-11-15,,2462.91 ,1345.95 ,2605.38 
2013-11-18,,2521.32 ,1401.65 ,2669.42 
2013-11-19,,2514.59 ,1410.71 ,2667.19 
2013-11-20,,2521.59 ,1425.28 ,2678.22 
2013-11-21,,2547.43 ,1435.42 ,2719.11 
2013-11-22,,2522.30 ,1424.04 ,2709.27 
2013-11-25,,2520.74 ,1412.31 ,2675.60 
2013-11-26,,2573.17 ,1421.64 ,2663.52 
2013-11-27,,2581.01 ,1458.84 ,2707.08 
2013-11-28,,2598.15 ,1456.48 ,2744.04 
2013-11-29,,2607.92 ,1448.30 ,2724.49 
2013-12-02,,2533.40 ,1448.33 ,2649.24 
2013-12-03,,2567.60 ,1456.25 ,2686.70 
2013-12-04,,2648.09 ,1469.99 ,2721.33 
2013-12-05,,2623.58 ,1459.23 ,2729.52 
2013-12-06,,2635.44 ,1428.24 ,2709.01 
2013-12-09,,2645.99 ,1438.07 ,2702.71 
2013-12-10,,2694.24 ,1471.93 ,2682.94 
2013-12-11,,2618.90 ,1441.29 ,2632.55 
2013-12-12,,2632.49 ,1418.37 ,2626.49 
2013-12-13,,2642.61 ,1412.59 ,2609.40 
2013-12-16,,2582.82 ,1381.70 ,2557.82 
2013-12-17,,2560.12 ,1406.99 ,2552.15 
2013-12-18,,2564.58 ,1399.00 ,2549.86 
2013-12-19,,2506.66 ,1396.58 ,2546.37 
2013-12-20,,2474.75 ,1366.29 ,2479.15 
2013-12-23,,2449.37 ,1369.72 ,2450.26 
2013-12-24,,2460.72 ,1378.07 ,2463.93 
2013-12-25,,2478.23 ,1367.27 ,2458.26 
2013-12-26,,2437.72 ,1351.14 ,2395.98 
2013-12-27,,2442.90 ,1358.21 ,2420.47 
2013-12-30,,2432.31 ,1343.88 ,2404.38 
2013-12-31,0.56 ,2461.14 ,1364.11 ,2433.47 
2014-01-02,,2449.41 ,1369.43 ,2395.84 
2014-01-03,,2405.88 ,1390.53 ,2362.73 
2014-01-06,,2320.22 ,1342.29 ,2266.31 
2014-01-07,,2326.47 ,1322.17 ,2257.76 
2014-01-08,,2316.05 ,1320.99 ,2223.96 
2014-01-09,,2291.87 ,1315.99 ,2206.14 
2014-01-10,,2239.11 ,1307.49 ,2197.18 
2014-01-13,,2219.22 ,1297.77 ,2204.19 
2014-01-14,,2221.54 ,1284.32 ,2215.33 
2014-01-15,,2262.03 ,1300.73 ,2192.67 
2014-01-16,,2252.07 ,1306.34 ,2210.91 
2014-01-17,,2212.83 ,1288.28 ,2144.06 
2014-01-20,,2187.75 ,1285.26 ,2124.09 
2014-01-21,,2224.20 ,1297.59 ,2140.64 
2014-01-22,,2292.61 ,1322.11 ,2195.68 
2014-01-23,,2285.60 ,1330.43 ,2171.41 
2014-01-24,,2319.07 ,1344.24 ,2197.98 
2014-01-27,,2369.28 ,1315.35 ,2194.06 
2014-01-28,,2396.25 ,1314.14 ,2170.17 
2014-01-29,,2405.68 ,1315.35 ,2155.66 
2014-01-30,,2426.95 ,1325.61 ,2118.71 
2014-01-31,0.56 ,,,
2014-02-07,,2465.34 ,1333.21 ,2137.23 
2014-02-10,,2543.71 ,1345.80 ,2187.27 
2014-02-11,,2649.40 ,1353.39 ,2240.93 
2014-02-12,,2688.62 ,1354.63 ,2223.73 
2014-02-13,,2658.75 ,1366.06 ,2209.06 
2014-02-14,,2724.32 ,1434.09 ,2223.11 
2014-02-17,,2746.28 ,1403.44 ,2254.24 
2014-02-18,,2828.51 ,1379.86 ,2220.13 
2014-02-19,,2787.87 ,1375.77 ,2236.76 
2014-02-20,,2730.15 ,1375.96 ,2248.80 
2014-02-21,,2696.94 ,1338.19 ,2205.39 
2014-02-24,,2693.43 ,1311.33 ,2130.70 
2014-02-25,,2550.95 ,1305.67 ,2071.05 
2014-02-26,,2547.82 ,1309.03 ,2080.15 
2014-02-27,,2540.38 ,1306.94 ,2047.62 
2014-02-28,0.55 ,2572.51 ,1274.88 ,2050.26 
2014-03-03,,2675.34 ,1286.39 ,2052.36 
2014-03-04,,2651.96 ,1279.17 ,2029.88 
2014-03-05,,2648.27 ,1266.22 ,2057.07 
2014-03-06,,2662.50 ,1268.55 ,2040.15 
2014-03-07,,2676.84 ,1266.62 ,2023.02 
2014-03-10,,2595.67 ,1227.33 ,1931.77 
2014-03-11,,2598.64 ,1213.41 ,1947.80 
2014-03-12,,2565.66 ,1208.95 ,1964.40 
2014-03-13,,2631.01 ,1214.11 ,2000.98 
2014-03-14,,2601.08 ,1190.29 ,1970.41 
2014-03-17,,2631.44 ,1206.01 ,2001.31 
2014-03-18,,2691.54 ,1209.92 ,1996.87 
2014-03-19,,2734.83 ,1205.37 ,2014.63 
2014-03-20,,2618.83 ,1219.62 ,1969.47 
2014-03-21,,2679.56 ,1256.98 ,2064.12 
2014-03-24,,2714.07 ,1267.43 ,2092.06 
2014-03-25,,2779.02 ,1272.69 ,2089.42 
2014-03-26,,2765.56 ,1257.42 ,2072.06 
2014-03-27,,2762.40 ,1268.05 ,2046.97 
2014-03-28,,2717.44 ,1260.56 ,2029.44 
2014-03-31,0.55 ,2605.56 ,1256.15 ,2017.79 
2014-04-01,,2634.75 ,1265.79 ,2035.61 
2014-04-02,,2582.36 ,1279.79 ,2065.09 
2014-04-03,,2605.11 ,1249.84 ,2034.00 
2014-04-04,,2643.73 ,1258.97 ,2050.50 
2014-04-08,,2680.68 ,1263.25 ,2108.47 
2014-04-09,,2697.32 ,1271.73 ,2119.03 
2014-04-10,,2775.73 ,1300.06 ,2152.04 
2014-04-11,,2801.89 ,1330.90 ,2145.43 
2014-04-14,,2796.51 ,1325.10 ,2150.42 
2014-04-15,,2757.49 ,1305.97 ,2114.97 
2014-04-16,,2791.41 ,1296.57 ,2123.34 
2014-04-17,,2790.77 ,1290.42 ,2098.71 
2014-04-18,,2861.24 ,1288.64 ,2099.86 
2014-04-21,,2749.72 ,1266.45 ,2059.42 
2014-04-22,,2765.13 ,1265.53 ,2057.83 
2014-04-23,,2778.04 ,1273.27 ,2055.38 
2014-04-24,,2752.38 ,1260.06 ,2057.25 
2014-04-25,,2678.15 ,1247.79 ,2024.04 
2014-04-28,,2537.71 ,1238.16 ,1967.90 
2014-04-29,,2573.16 ,1237.12 ,2012.39 
2014-04-30,0.55 ,2638.74 ,1243.10 ,2008.98 
2014-05-05,,2652.98 ,1239.64 ,2018.71 
2014-05-06,,2675.72 ,1240.79 ,2011.92 
2014-05-07,,2619.55 ,1246.50 ,1994.94 
2014-05-08,,2651.59 ,1246.75 ,2034.30 
2014-05-09,,2629.20 ,1248.20 ,2060.84 
2014-05-12,,2691.17 ,1270.31 ,2223.41 
2014-05-13,,2700.96 ,1260.38 ,2171.10 
2014-05-14,,2701.39 ,1259.55 ,2158.28 
2014-05-15,,2655.56 ,1249.80 ,2110.85 
2014-05-16,,2658.95 ,1249.12 ,2104.80 
2014-05-19,,2606.23 ,1240.21 ,2074.31 
2014-05-20,,2586.60 ,1240.77 ,2063.69 
2014-05-21,,2608.23 ,1250.93 ,2111.63 
2014-05-22,,2599.23 ,1250.93 ,2089.87 
2014-05-23,,2599.43 ,1251.51 ,2086.71 
2014-05-26,,2622.22 ,1255.38 ,2101.79 
2014-05-27,,2606.63 ,1246.41 ,2083.66 
2014-05-28,,2615.98 ,1250.47 ,2102.53 
2014-05-29,,2596.52 ,1243.92 ,2068.20 
2014-05-30,,2589.61 ,1245.70 ,2066.81 
2014-05-31,0.54 ,,,
2014-06-03,,2579.62 ,1243.29 ,2069.20 
2014-06-04,,2543.61 ,1242.60 ,2053.49 
2014-06-05,,2561.27 ,1249.59 ,2070.11 
2014-06-06,,2567.19 ,1239.03 ,2055.63 
2014-06-09,,2551.32 ,1238.35 ,2049.48 
2014-06-10,,2577.94 ,1250.09 ,2073.69 
2014-06-11,,2581.10 ,1252.55 ,2075.68 
2014-06-12,,2559.01 ,1245.67 ,2068.78 
2014-06-13,,2572.63 ,1257.55 ,2084.86 
2014-06-16,,2570.00 ,1288.04 ,2099.58 
2014-06-17,,2547.64 ,1280.07 ,2078.59 
2014-06-18,,2540.03 ,1276.03 ,2079.63 
2014-06-19,,2453.70 ,1260.32 ,2027.15 
2014-06-20,,2463.20 ,1259.18 ,2034.34 
2014-06-23,,2478.18 ,1245.53 ,2056.37 
2014-06-24,,2491.89 ,1255.08 ,2067.17 
2014-06-25,,2460.85 ,1236.05 ,2070.07 
2014-06-26,,2519.46 ,1237.33 ,2078.60 
2014-06-27,,2554.05 ,1237.13 ,2074.62 
2014-06-30,0.54 ,2584.31 ,1247.77 ,2077.42 
2014-07-01,,2591.67 ,1254.15 ,2085.60 
2014-07-02,,2594.89 ,1261.73 ,2118.79 
2014-07-03,,2619.46 ,1271.74 ,2113.92 
2014-07-04,,2632.83 ,1263.23 ,2108.87 
2014-07-07,,2638.68 ,1254.30 ,2113.55 
2014-07-08,,2632.68 ,1258.50 ,2115.25 
2014-07-09,,2566.76 ,1249.92 ,2078.72 
2014-07-10,,2561.02 ,1247.10 ,2084.63 
2014-07-11,,2583.49 ,1260.90 ,2096.85 
2014-07-14,,2629.80 ,1285.63 ,2113.92 
2014-07-15,,2641.55 ,1284.49 ,2122.56 
2014-07-16,,2644.46 ,1326.81 ,2116.48 
2014-07-17,,2630.01 ,1332.47 ,2104.96 
2014-07-18,,2633.75 ,1336.08 ,2112.50 
2014-07-21,,2633.73 ,1331.50 ,2102.02 
2014-07-22,,2650.68 ,1337.01 ,2139.00 
2014-07-23,,2630.34 ,1364.36 ,2159.04 
2014-07-24,,2635.90 ,1379.43 ,2230.40 
2014-07-25,,2665.06 ,1389.24 ,2278.67 
2014-07-28,,2715.57 ,1393.84 ,2367.69 
2014-07-29,,2747.92 ,1392.80 ,2362.41 
2014-07-30,,2728.09 ,1383.69 ,2368.49 
2014-07-31,0.54 ,2761.66 ,1399.35 ,2422.29 
2014-08-01,,2721.25 ,1397.74 ,2437.97 
2014-08-04,,2793.88 ,1417.56 ,2511.49 
2014-08-05,,2798.85 ,1418.19 ,2530.36 
2014-08-06,,2807.95 ,1410.88 ,2525.64 
2014-08-07,,2790.15 ,1394.69 ,2449.49 
2014-08-08,,2836.55 ,1403.83 ,2437.39 
2014-08-11,,2891.95 ,1435.67 ,2479.38 
2014-08-12,,2968.45 ,1430.37 ,2473.80 
2014-08-13,,2985.58 ,1422.36 ,2544.14 
2014-08-14,,2945.52 ,1438.10 ,2479.67 
2014-08-15,,3010.43 ,1443.83 ,2503.47 
2014-08-18,,3059.94 ,1465.60 ,2532.85 
2014-08-19,,3077.27 ,1449.79 ,2552.96 
2014-08-20,,3068.91 ,1445.25 ,2532.16 
2014-08-21,,3042.34 ,1429.82 ,2506.75 
2014-08-22,,3065.92 ,1438.32 ,2507.36 
2014-08-25,,3063.40 ,1436.81 ,2452.28 
2014-08-26,,3011.98 ,1430.00 ,2424.23 
2014-08-27,,2965.17 ,1430.25 ,2419.37 
2014-08-28,,2920.33 ,1428.48 ,2417.95 
2014-08-29,,2939.67 ,1447.84 ,2431.01 
2014-08-31,0.53 ,,,
2014-09-01,,2977.95 ,1451.71 ,2446.55 
2014-09-02,,3026.56 ,1466.58 ,2490.59 
2014-09-03,,3046.10 ,1500.00 ,2525.52 
2014-09-04,,3087.40 ,1530.93 ,2539.21 
2014-09-05,,3102.88 ,1556.95 ,2556.90 
2014-09-09,,3109.12 ,1549.65 ,2569.72 
2014-09-10,,3125.75 ,1533.05 ,2538.13 
2014-09-11,,3104.66 ,1515.07 ,2523.63 
2014-09-12,,3157.75 ,1531.66 ,2548.19 
2014-09-15,,3221.80 ,1543.07 ,2597.93 
2014-09-16,,3122.34 ,1513.33 ,2519.68 
2014-09-17,,3136.01 ,1516.54 ,2521.68 
2014-09-18,,3163.51 ,1533.06 ,2554.45 
2014-09-19,,3164.42 ,1524.86 ,2569.21 
2014-09-22,,3075.02 ,1489.41 ,2532.21 
2014-09-23,,3123.74 ,1511.37 ,2548.56 
2014-09-24,,3171.27 ,1535.55 ,2624.03 
2014-09-25,,3167.59 ,1542.88 ,2602.78 
2014-09-26,,3181.34 ,1535.20 ,2606.14 
2014-09-29,,3218.44 ,1540.96 ,2654.27 
2014-09-30,0.53 ,3232.94 ,1543.22 ,2680.84 
2014-10-08,,3278.36 ,1584.19 ,2680.56 
2014-10-09,,3305.30 ,1576.48 ,2717.50 
2014-10-10,,3305.70 ,1560.07 ,2707.26 
2014-10-13,,3317.95 ,1521.93 ,2774.92 
2014-10-14,,3323.38 ,1524.59 ,2762.89 
2014-10-15,,3372.09 ,1538.87 ,2732.36 
2014-10-16,,3312.51 ,1544.32 ,2681.02 
2014-10-17,,3236.55 ,1531.51 ,2633.18 
2014-10-20,,3265.93 ,1547.56 ,2658.94 
2014-10-21,,3278.95 ,1542.60 ,2622.05 
2014-10-22,,3246.65 ,1533.72 ,2596.18 
2014-10-23,,3136.79 ,1504.94 ,2547.57 
2014-10-24,,3122.22 ,1511.84 ,2534.92 
2014-10-27,,3129.36 ,1506.47 ,2516.40 
2014-10-28,,3249.21 ,1554.16 ,2577.06 
2014-10-29,,3418.82 ,1571.46 ,2610.65 
2014-10-30,,3441.71 ,1641.83 ,2632.53 
2014-10-31,0.53 ,3506.34 ,1630.79 ,2684.60 
2014-11-03,,3551.91 ,1665.48 ,2693.75 
2014-11-04,,3474.28 ,1646.05 ,2735.47 
2014-11-05,,3484.93 ,1638.06 ,2685.51 
2014-11-06,,3529.09 ,1636.44 ,2677.13 
2014-11-07,,3478.83 ,1627.19 ,2639.24 
2014-11-10,,3547.49 ,1719.58 ,2694.47 
2014-11-11,,3414.03 ,1694.28 ,2686.61 
2014-11-12,,3545.34 ,1754.25 ,2749.84 
2014-11-13,,3516.46 ,1767.17 ,2740.29 
2014-11-14,,3462.73 ,1792.46 ,2749.63 
2014-11-17,,3479.65 ,1877.21 ,2712.66 
2014-11-18,,3483.70 ,1808.39 ,2672.22 
2014-11-19,,3533.97 ,1768.57 ,2669.48 
2014-11-20,,3569.14 ,1773.68 ,2672.88 
2014-11-21,,3623.54 ,1816.53 ,2687.62 
2014-11-24,,3681.35 ,1852.67 ,2760.03 
2014-11-25,,3766.32 ,1897.73 ,2823.24 
2014-11-26,,3761.19 ,1884.17 ,2838.09 
2014-11-27,,3803.62 ,1883.31 ,2892.66 
2014-11-28,,3829.62 ,1880.55 ,2893.13 
2014-11-30,0.53 ,,,
2014-12-01,,3738.56 ,1881.64 ,2985.73 
2014-12-02,,3820.98 ,1913.60 ,3041.74 
2014-12-03,,3826.01 ,1891.27 ,3115.30 
2014-12-04,,3985.61 ,1923.89 ,3330.27 
2014-12-05,,3957.58 ,1878.09 ,3186.29 
2014-12-08,,3985.19 ,2000.99 ,3246.31 
2014-12-09,,3776.16 ,1957.26 ,3037.78 
2014-12-10,,3875.69 ,2074.38 ,3113.56 
2014-12-11,,3931.14 ,2034.94 ,3123.72 
2014-12-12,,3976.22 ,2045.33 ,3136.22 
2014-12-15,,4144.90 ,2110.45 ,3114.95 
2014-12-16,,4195.73 ,2071.95 ,3213.03 
2014-12-17,,4118.37 ,2133.50 ,3133.38 
2014-12-18,,4123.61 ,2183.28 ,3141.31 
2014-12-19,,4097.66 ,2303.12 ,3243.62 
2014-12-22,,3837.41 ,2227.57 ,3368.90 
2014-12-23,,3754.76 ,2088.30 ,3175.11 
2014-12-24,,3781.06 ,2046.25 ,3120.37 
2014-12-25,,3850.23 ,2129.67 ,3202.88 
2014-12-26,,3965.85 ,2166.79 ,3260.58 
2014-12-29,,3902.65 ,2138.71 ,3222.25 
2014-12-30,,3798.50 ,2106.98 ,3173.96 
2014-12-31,0.53 ,3813.68 ,2144.83 ,3238.03 
2015-01-05,,3857.53 ,2247.43 ,3551.53 
2015-01-06,,3904.77 ,2423.45 ,3532.99 
2015-01-07,,4007.30 ,2355.89 ,3535.53 
2015-01-08,,3943.83 ,2323.49 ,3487.88 
2015-01-09,,3853.89 ,2248.03 ,3398.85 
2015-01-12,,3712.65 ,2200.41 ,3297.02 
2015-01-13,,3760.09 ,2216.11 ,3294.04 
2015-01-14,,3726.52 ,2180.96 ,3234.80 
2015-01-15,,3783.11 ,2239.22 ,3328.84 
2015-01-16,,3771.50 ,2264.91 ,3338.92 
2015-01-19,,3558.88 ,2043.16 ,3029.55 
2015-01-20,,3664.53 ,2072.86 ,3075.23 
2015-01-21,,3785.39 ,2174.28 ,3186.49 
2015-01-22,,3894.74 ,2151.76 ,3222.56 
2015-01-23,,3922.24 ,2140.08 ,3199.32 
2015-01-26,,4166.00 ,2147.41 ,3240.36 
2015-01-27,,4114.62 ,2102.82 ,3206.01 
2015-01-28,,4121.58 ,2132.59 ,3155.61 
2015-01-29,,4046.19 ,2233.04 ,3156.99 
2015-01-30,,3952.44 ,2145.01 ,3094.57 
2015-01-31,0.52 ,,,
2015-02-02,,3913.06 ,2065.73 ,3030.10 
2015-02-03,,3983.49 ,2092.18 ,3099.76 
2015-02-04,,3946.82 ,2088.25 ,3094.39 
2015-02-05,,3918.95 ,2048.73 ,3034.97 
2015-02-06,,3817.69 ,1957.57 ,2938.96 
2015-02-09,,3818.37 ,1950.82 ,2942.66 
2015-02-10,,3904.28 ,2024.69 ,2980.59 
2015-02-11,,3955.60 ,2052.23 ,2991.68 
2015-02-12,,4064.55 ,2077.00 ,2991.19 
2015-02-13,,4100.16 ,2078.56 ,3037.99 
2015-02-16,,4157.67 ,2092.05 ,3069.81 
2015-02-17,,4210.60 ,2099.60 ,3071.93 
2015-02-25,,4217.35 ,2056.18 ,3060.18 
2015-02-26,,4268.37 ,2127.55 ,3155.04 
2015-02-27,,4310.08 ,2132.21 ,3161.64 
2015-02-28,0.53 ,,,
2015-03-02,,4374.92 ,2120.93 ,3225.12 
2015-03-03,,4334.40 ,2065.98 ,3137.64 
2015-03-04,,4404.29 ,2067.16 ,3178.42 
2015-03-05,,4507.48 ,2039.23 ,3136.31 
2015-03-06,,4423.88 ,2053.50 ,3183.76 
2015-03-09,,4508.33 ,2069.07 ,3215.57 
2015-03-10,,4575.27 ,2053.80 ,3227.76 
2015-03-11,,4557.79 ,2064.65 ,3210.68 
2015-03-12,,4629.61 ,2099.86 ,3247.69 
2015-03-13,,4847.83 ,2150.13 ,3335.98 
2015-03-16,,5113.93 ,2214.34 ,3399.19 
2015-03-17,,5176.47 ,2281.84 ,3432.06 
2015-03-18,,5216.04 ,2320.39 ,3523.85 
2015-03-19,,5248.34 ,2295.42 ,3554.47 
2015-03-20,,5310.52 ,2267.88 ,3537.15 
2015-03-23,,5355.75 ,2298.03 ,3612.02 
2015-03-24,,5372.35 ,2350.21 ,3577.11 
2015-03-25,,5325.57 ,2287.28 ,3541.64 
2015-03-26,,5219.01 ,2310.54 ,3610.26 
2015-03-27,,5343.62 ,2276.26 ,3639.07 
2015-03-30,,5420.18 ,2371.22 ,3750.77 
2015-03-31,0.52 ,5342.13 ,2300.89 ,3676.64 
2015-04-01,,5522.87 ,2318.92 ,3748.97 
2015-04-02,,5618.13 ,2307.45 ,3817.69 
2015-04-03,,5718.91 ,2345.40 ,3850.57 
2015-04-07,,5846.55 ,2436.31 ,3958.61 
2015-04-08,,5812.32 ,2395.64 ,3885.66 
2015-04-09,,5726.22 ,2352.76 ,3866.49 
2015-04-10,,5790.13 ,2433.10 ,3973.95 
2015-04-13,,5953.77 ,2601.52 ,4043.43 
2015-04-14,,6109.08 ,2600.99 ,4027.48 
2015-04-15,,5851.61 ,2677.60 ,3918.78 
2015-04-16,,5983.86 ,2702.28 ,4053.68 
2015-04-17,,5989.32 ,2843.80 ,4192.64 
2015-04-20,,5833.65 ,2898.25 ,4167.84 
2015-04-21,,6137.32 ,2849.02 ,4285.39 
2015-04-22,,6384.57 ,2911.01 ,4411.40 
2015-04-23,,6474.79 ,2881.31 ,4550.65 
2015-04-24,,6504.65 ,2813.34 ,4458.89 
2015-04-27,,6407.78 ,3014.07 ,4625.22 
2015-04-28,,6092.93 ,3005.61 ,4473.28 
2015-04-29,,6322.83 ,2953.29 ,4548.98 
2015-04-30,0.53 ,6256.26 ,2969.37 ,4422.16 
2015-05-04,,6206.10 ,2999.58 ,4448.06 
2015-05-05,,5894.92 ,2761.11 ,4236.49 
2015-05-06,,5852.26 ,2643.52 ,4066.46 
2015-05-07,,5708.61 ,2580.70 ,3919.92 
2015-05-08,,5970.29 ,2612.29 ,4027.49 
2015-05-11,,6362.20 ,2683.19 ,4180.98 
2015-05-12,,6557.96 ,2755.13 ,4191.03 
2015-05-13,,6741.47 ,2703.29 ,4153.54 
2015-05-14,,6695.89 ,2666.30 ,4184.36 
2015-05-15,,6688.04 ,2646.32 ,4039.70 
2015-05-18,,6696.45 ,2609.53 ,4047.65 
2015-05-19,,6826.74 ,2700.97 ,4163.90 
2015-05-20,,7009.12 ,2707.54 ,4168.32 
2015-05-21,,7379.73 ,2731.90 ,4293.77 
2015-05-22,,7727.93 ,2836.69 ,4453.88 
2015-05-25,,8020.92 ,2967.92 ,4590.93 
2015-05-26,,8255.03 ,2999.54 ,4700.49 
2015-05-27,,8482.32 ,2984.28 ,4877.01 
2015-05-28,,7852.42 ,2783.36 ,4471.38 
2015-05-29,,7892.62 ,2756.13 ,4457.82 
2015-05-31,0.52 ,,,
2015-06-01,,8444.13 ,2954.48 ,4870.77 
2015-06-02,,9067.37 ,3022.51 ,4954.50 
2015-06-03,,9090.10 ,2989.11 ,4934.54 
2015-06-04,,9102.91 ,2992.43 ,5273.14 
2015-06-05,,9025.77 ,3155.13 ,5323.85 
2015-06-08,,9283.19 ,3227.37 ,5386.76 
2015-06-09,,9331.16 ,3131.40 ,5619.46 
2015-06-10,,9522.39 ,3125.60 ,5490.65 
2015-06-11,,9667.18 ,3168.08 ,5430.74 
2015-06-12,,9705.08 ,3231.38 ,5545.01 
2015-06-15,,9592.05 ,3259.97 ,5452.95 
2015-06-16,,8899.61 ,3114.20 ,5299.50 
2015-06-17,,8930.92 ,3188.17 ,5473.35 
2015-06-18,,8383.16 ,3270.38 ,5285.46 
2015-06-19,,7676.77 ,2954.67 ,4833.50 
2015-06-23,,7516.03 ,3050.97 ,4968.63 
2015-06-24,,7854.70 ,3285.96 ,5230.31 
2015-06-25,,7299.33 ,3146.28 ,4980.30 
2015-06-26,,6568.99 ,2932.07 ,4498.89 
2015-06-29,,5912.37 ,3007.34 ,4351.02 
2015-06-30,0.52 ,6162.96 ,3195.97 ,4552.87 
2015-07-01,,5572.39 ,2998.77 ,4205.96 
2015-07-02,,5028.02 ,2736.63 ,3834.16 
2015-07-03,,4537.71 ,2463.51 ,3463.72 
2015-07-06,,4090.72 ,2460.23 ,3352.60 
2015-07-07,,3696.61 ,2341.37 ,3242.10 
2015-07-08,,3327.05 ,2123.73 ,2978.23 
2015-07-09,,3660.64 ,2336.07 ,3275.67 
2015-07-10,,4026.93 ,2558.56 ,3566.64 
2015-07-13,,4430.72 ,2640.49 ,3827.43 
2015-07-14,,4735.96 ,2540.89 ,3678.53 
2015-07-15,,4451.76 ,2448.06 ,3428.72 
2015-07-16,,4593.74 ,2423.17 ,3487.82 
2015-07-17,,5021.33 ,2535.53 ,3690.91 
2015-07-20,,5340.70 ,2518.03 ,3726.52 
2015-07-21,,5406.15 ,2627.76 ,3766.13 
2015-07-22,,5577.79 ,2576.69 ,3820.33 
2015-07-23,,5876.48 ,2650.85 ,3948.91 
2015-07-24,,5715.63 ,2563.01 ,3938.50 
2015-07-27,,5164.47 ,2306.18 ,3566.76 
2015-07-28,,4928.94 ,2199.21 ,3453.98 
2015-07-29,,5265.57 ,2346.49 ,3619.34 
2015-07-30,,5056.72 ,2296.19 ,3492.83 
2015-07-31,0.51 ,4946.12 ,2387.88 ,3466.20 
2015-08-03,,4651.21 ,2395.97 ,3565.91 
2015-08-04,,5075.11 ,2475.99 ,3721.36 
2015-08-05,,5214.19 ,2396.26 ,3669.94 
2015-08-06,,5266.44 ,2407.70 ,3686.79 
2015-08-07,,5452.40 ,2454.96 ,3786.98 
2015-08-10,,5814.64 ,2568.34 ,4021.78 
2015-08-11,,5831.95 ,2546.89 ,4043.59 
2015-08-12,,5871.65 ,2499.51 ,4102.38 
2015-08-13,,6354.32 ,2588.07 ,4139.80 
2015-08-14,,6219.18 ,2567.02 ,4164.49 
2015-08-17,,6568.23 ,2640.84 ,4221.92 
2015-08-18,,5915.38 ,2418.36 ,3827.16 
2015-08-19,,6189.44 ,2476.05 ,3883.45 
2015-08-20,,5779.68 ,2356.87 ,3713.36 
2015-08-21,,5267.71 ,2221.02 ,3519.36 
2015-08-24,,4741.05 ,2004.91 ,3167.78 
2015-08-25,,4268.27 ,1842.75 ,2851.40 
2015-08-26,,4030.96 ,1860.02 ,2702.86 
2015-08-27,,4364.22 ,2010.51 ,2843.00 
2015-08-28,,4792.89 ,2119.97 ,3050.51 
2015-08-31,0.51 ,4596.78 ,2199.70 ,3020.47 
2015-09-01,,4176.42 ,2187.43 ,2992.01 
2015-09-02,,4172.13 ,2125.73 ,2888.37 
2015-09-07,,4380.77 ,2036.92 ,2863.71 
2015-09-08,,4800.24 ,2109.33 ,2939.32 
2015-09-09,,5153.75 ,2141.09 ,3050.66 
2015-09-10,,5078.51 ,2110.85 ,2998.62 
2015-09-11,,5474.35 ,2090.61 ,2971.67 
2015-09-14,,5345.55 ,2096.07 ,2806.77 
2015-09-15,,5130.43 ,2021.92 ,2653.04 
2015-09-16,,5643.99 ,2129.66 ,2854.20 
2015-09-17,,5542.27 ,2048.90 ,2763.46 
2015-09-18,,5422.36 ,2036.55 ,2784.57 
2015-09-21,,5637.93 ,2077.24 ,2858.27 
2015-09-22,,5892.69 ,2082.71 ,2908.00 
2015-09-23,,5498.60 ,2021.15 ,2787.29 
2015-09-24,,5552.93 ,2028.19 ,2851.10 
2015-09-25,,5572.99 ,2011.08 ,2788.97 
2015-09-28,,5472.21 ,2011.96 ,2796.01 
2015-09-29,,5450.68 ,1964.43 ,2678.18 
2015-09-30,0.52 ,5301.15 ,1966.32 ,2689.93 
2015-10-08,,5661.60 ,2021.54 ,2790.23 
2015-10-09,,5708.60 ,2044.28 ,2853.88 
2015-10-12,,6135.84 ,2119.76 ,2984.39 
2015-10-13,,6433.36 ,2120.84 ,2977.42 
2015-10-14,,6290.41 ,2117.16 ,2968.72 
2015-10-15,,6661.64 ,2153.21 ,3070.61 
2015-10-16,,7104.09 ,2180.22 ,3136.59 
2015-10-19,,7094.04 ,2146.26 ,3149.17 
2015-10-20,,7305.26 ,2167.51 ,3176.43 
2015-10-21,,6668.31 ,2117.71 ,2949.30 
2015-10-22,,7152.50 ,2133.32 ,3048.54 
2015-10-23,,7274.81 ,2142.06 ,3101.05 
2015-10-26,,7106.58 ,2162.34 ,3098.68 
2015-10-27,,7249.61 ,2181.40 ,3064.38 
2015-10-28,,6875.90 ,2155.22 ,3011.59 
2015-10-29,,6956.69 ,2179.81 ,3028.87 
2015-10-30,,6858.41 ,2155.12 ,2980.23 
2015-10-31,0.52 ,,,
2015-11-02,,6606.66 ,2115.59 ,2923.09 
2015-11-03,,6608.57 ,2093.12 ,2925.21 
2015-11-04,,7093.86 ,2173.75 ,3065.65 
2015-11-05,,7101.22 ,2227.00 ,3137.95 
2015-11-06,,7210.96 ,2244.13 ,3188.95 
2015-11-09,,7317.88 ,2301.01 ,3239.37 
2015-11-10,,7284.01 ,2284.88 ,3283.79 
2015-11-11,,7271.98 ,2270.67 ,3274.89 
2015-11-12,,7182.07 ,2246.60 ,3252.59 
2015-11-13,,7397.66 ,2218.65 ,3159.91 
2015-11-16,,7429.09 ,2222.60 ,3192.76 
2015-11-17,,7529.69 ,2227.58 ,3213.58 
2015-11-18,,7474.03 ,2204.21 ,3166.28 
2015-11-19,,7558.21 ,2213.52 ,3205.41 
2015-11-20,,7562.69 ,2214.75 ,3212.97 
2015-11-23,,7348.29 ,2185.34 ,3174.45 
2015-11-24,,7346.53 ,2179.01 ,3166.99 
2015-11-25,,7406.43 ,2193.55 ,3197.28 
2015-11-26,,7362.36 ,2166.46 ,3245.65 
2015-11-27,,6674.59 ,2060.03 ,3011.86 
2015-11-30,0.52 ,6593.54 ,2027.53 ,3009.78 
2015-12-01,,6609.06 ,2055.82 ,3037.30 
2015-12-02,,6599.42 ,2114.98 ,3082.86 
2015-12-03,,6731.20 ,2113.80 ,3118.43 
2015-12-04,,6725.25 ,2074.71 ,3075.13 
2015-12-07,,6780.84 ,2105.04 ,3076.91 
2015-12-08,,6601.66 ,2064.32 ,2964.37 
2015-12-09,,6487.10 ,2073.78 ,2962.60 
2015-12-10,,6648.16 ,2052.05 ,2946.69 
2015-12-11,,6600.99 ,2018.65 ,2933.81 
2015-12-14,,6732.48 ,2061.30 ,3044.59 
2015-12-15,,6782.27 ,2057.00 ,3006.29 
2015-12-16,,6834.52 ,2054.56 ,3017.98 
2015-12-17,,7010.37 ,2096.96 ,3080.91 
2015-12-18,,7003.74 ,2107.04 ,3102.37 
2015-12-21,,7089.08 ,2173.94 ,3155.50 
2015-12-22,,7143.39 ,2172.97 ,3167.40 
2015-12-23,,7232.31 ,2157.17 ,3127.66 
2015-12-24,,7107.33 ,2145.44 ,3086.98 
2015-12-25,,7130.76 ,2142.77 ,3107.68 
2015-12-28,,7036.15 ,2074.83 ,3001.48 
2015-12-29,,7179.53 ,2088.97 ,3047.08 
2015-12-30,,7242.96 ,2092.60 ,3053.87 
2015-12-31,0.53 ,7169.75 ,2072.64 ,3029.62 
2016-01-04,,6564.19 ,1960.62 ,2794.75 
2016-01-05,,6664.82 ,1960.26 ,2814.44 
2016-01-06,,6780.12 ,2006.60 ,3081.60 
2016-01-07,,6103.34 ,1870.53 ,2843.89 
2016-01-08,,5968.19 ,1908.39 ,3093.76 
2016-01-11,,5371.59 ,1788.11 ,2907.92 
2016-01-12,,5262.45 ,1790.28 ,2844.64 
2016-01-13,,5055.51 ,1743.16 ,2789.85 
2016-01-14,,5240.82 ,1776.07 ,2883.29 
2016-01-15,,4914.20 ,1709.68 ,2717.63 
2016-01-18,,4986.00 ,1712.80 ,2660.87 
2016-01-19,,5237.72 ,1778.70 ,2750.55 
2016-01-20,,5175.15 ,1733.20 ,2693.44 
2016-01-21,,4841.31 ,1682.03 ,2636.29 
2016-01-22,,4947.61 ,1699.93 ,2737.21 
2016-01-25,,5069.08 ,1711.42 ,2831.43 
2016-01-26,,4584.18 ,1594.68 ,2607.31 
2016-01-27,,4533.76 ,1582.05 ,2671.38 
2016-01-28,,4348.66 ,1515.90 ,2545.21 
2016-01-29,,4570.89 ,1554.73 ,2605.34 
2016-01-31,0.52 ,,,
2016-02-01,,4547.24 ,1529.53 ,2485.35 
2016-02-02,,4711.24 ,1559.64 ,2534.72 
2016-02-03,,4715.22 ,1558.68 ,2487.96 
2016-02-04,,4807.15 ,1576.68 ,2520.47 
2016-02-05,,4870.55 ,1575.00 ,2514.50 
2016-02-15,,4874.57 ,1559.47 ,2512.59 
2016-02-16,,5105.98 ,1609.34 ,2612.59 
2016-02-17,,5146.27 ,1630.20 ,2651.55 
2016-02-18,,5115.34 ,1617.29 ,2655.19 
2016-02-19,,5105.43 ,1619.17 ,2644.82 
2016-02-22,,5268.45 ,1648.85 ,2759.94 
2016-02-23,,5267.59 ,1630.59 ,2801.41 
2016-02-24,,5578.10 ,1667.76 ,2822.45 
2016-02-25,,5126.98 ,1539.44 ,2602.04 
2016-02-26,,5311.51 ,1558.48 ,2727.99 
2016-02-29,0.52 ,4840.78 ,1494.97 ,2687.34 
2016-03-01,,4828.30 ,1526.74 ,2746.93 
2016-03-02,,5113.90 ,1586.07 ,2911.12 
2016-03-03,,5170.25 ,1587.30 ,2898.02 
2016-03-04,,4902.87 ,1606.91 ,2882.33 
2016-03-07,,5038.84 ,1614.45 ,2943.53 
2016-03-08,,5189.49 ,1611.34 ,2897.65 
2016-03-09,,5105.03 ,1604.94 ,2735.01 
2016-03-10,,5146.94 ,1588.68 ,2664.49 
2016-03-11,,5067.49 ,1573.71 ,2675.61 
2016-03-14,,5268.47 ,1607.50 ,2730.37 
2016-03-15,,5253.73 ,1614.67 ,2682.28 
2016-03-16,,5131.64 ,1622.95 ,2660.81 
2016-03-17,,5315.79 ,1632.84 ,2721.21 
2016-03-18,,5549.49 ,1660.39 ,2789.53 
2016-03-21,,5772.36 ,1678.20 ,2851.18 
2016-03-22,,5713.58 ,1670.49 ,2805.67 
2016-03-23,,5797.38 ,1665.72 ,2817.14 
2016-03-24,,5595.50 ,1635.83 ,2740.13 
2016-03-25,,5936.07 ,1648.24 ,2755.35 
2016-03-28,,5781.74 ,1652.34 ,2729.87 
2016-03-29,,5519.63 ,1622.56 ,2700.79 
2016-03-30,,5718.27 ,1664.78 ,2767.61 
2016-03-31,0.51 ,5683.33 ,1673.00 ,2769.37 
2016-04-01,,5672.94 ,1708.54 ,2807.30 
2016-04-05,,5787.68 ,1719.14 ,2860.21 
2016-04-06,,5824.05 ,1707.65 ,2836.93 
2016-04-07,,5638.18 ,1684.17 ,2814.48 
2016-04-08,,5549.14 ,1664.82 ,2815.98 
2016-04-11,,5680.24 ,1689.13 ,2891.88 
2016-04-12,,5703.98 ,1661.49 ,2956.74 
2016-04-13,,5767.49 ,1689.38 ,3071.04 
2016-04-14,,5806.60 ,1693.47 ,3065.00 
2016-04-15,,5899.54 ,1686.52 ,3050.70 
2016-04-18,,5740.90 ,1662.42 ,3058.34 
2016-04-19,,5765.38 ,1665.28 ,3029.96 
2016-04-20,,5436.61 ,1627.81 ,2941.35 
2016-04-21,,5371.04 ,1603.48 ,2995.32 
2016-04-22,,5413.26 ,1605.56 ,2979.07 
2016-04-25,,5468.51 ,1606.48 ,3031.23 
2016-04-26,,5475.82 ,1621.81 ,3021.15 
2016-04-27,,5485.49 ,1615.05 ,2941.16 
2016-04-28,,5557.89 ,1634.85 ,2960.23 
2016-04-29,,5505.36 ,1629.92 ,2973.45 
2016-04-30,0.52 ,,,
2016-05-03,,5625.46 ,1649.15 ,2986.61 
2016-05-04,,5719.94 ,1657.35 ,2936.76 
2016-05-05,,5745.66 ,1658.11 ,2944.15 
2016-05-06,,5485.17 ,1618.81 ,2800.12 
2016-05-09,,5283.42 ,1590.25 ,2631.26 
2016-05-10,,5188.17 ,1595.89 ,2618.67 
2016-05-11,,5106.44 ,1617.37 ,2613.62 
2016-05-12,,5055.10 ,1618.00 ,2610.57 
2016-05-13,,5051.84 ,1629.26 ,2592.81 
2016-05-16,,5110.36 ,1630.40 ,2609.45 
2016-05-17,,5095.91 ,1612.09 ,2628.22 
2016-05-18,,4902.93 ,1579.53 ,2559.08 
2016-05-19,,4908.33 ,1579.12 ,2554.74 
2016-05-20,,4944.62 ,1580.23 ,2569.84 
2016-05-23,,5007.86 ,1594.63 ,2585.73 
2016-05-24,,4944.37 ,1586.15 ,2555.29 
2016-05-25,,4926.12 ,1582.90 ,2571.76 
2016-05-26,,4896.29 ,1582.99 ,2593.81 
2016-05-27,,4932.84 ,1580.43 ,2584.39 
2016-05-30,,4910.87 ,1581.74 ,2559.06 
2016-05-31,0.52 ,5131.60 ,1620.95 ,2648.83 
2016-06-01,,5150.02 ,1616.32 ,2661.00 
2016-06-02,,5172.59 ,1614.87 ,2680.20 
2016-06-03,,5258.27 ,1618.48 ,2663.84 
2016-06-06,,5352.59 ,1615.08 ,2645.17 
2016-06-07,,5320.44 ,1617.27 ,2647.12 
2016-06-08,,5339.38 ,1614.48 ,2647.67 
2016-06-13,,5012.17 ,1573.58 ,2525.72 
2016-06-14,,4987.02 ,1578.75 ,2514.79 
2016-06-15,,5146.22 ,1596.77 ,2562.25 
2016-06-16,,5066.92 ,1584.81 ,2541.46 
2016-06-17,,5046.23 ,1588.08 ,2622.48 
2016-06-20,,4967.39 ,1577.41 ,2598.28 
2016-06-21,,4924.41 ,1559.82 ,2596.69 
2016-06-22,,5021.55 ,1566.74 ,2694.82 
2016-06-23,,4981.75 ,1560.74 ,2701.27 
2016-06-24,,4918.58 ,1542.71 ,2656.38 
2016-06-27,,5000.50 ,1557.06 ,2754.00 
2016-06-28,,5053.11 ,1563.45 ,2755.93 
2016-06-29,,5086.99 ,1581.69 ,2747.91 
2016-06-30,0.51 ,5046.69 ,1589.37 ,2728.87 
2016-07-01,,5035.76 ,1590.08 ,2741.22 
2016-07-04,,5120.28 ,1616.00 ,2865.58 
2016-07-05,,5160.64 ,1628.05 ,2869.53 
2016-07-06,,5163.04 ,1629.96 ,2883.26 
2016-07-07,,5127.19 ,1619.38 ,2896.48 
2016-07-08,,5099.94 ,1605.61 ,2852.99 
2016-07-11,,5073.76 ,1603.62 ,2945.36 
2016-07-12,,5145.95 ,1632.61 ,3003.31 
2016-07-13,,5282.75 ,1635.67 ,2998.49 
2016-07-14,,5279.59 ,1631.54 ,2963.37 
2016-07-15,,5257.64 ,1629.99 ,2953.61 
2016-07-18,,5230.75 ,1630.77 ,2900.35 
2016-07-19,,5269.34 ,1628.30 ,2913.71 
2016-07-20,,5365.34 ,1626.50 ,2892.16 
2016-07-21,,5526.82 ,1643.01 ,2907.17 
2016-07-22,,5487.12 ,1623.87 ,2884.97 
2016-07-25,,5445.59 ,1622.58 ,2894.62 
2016-07-26,,5520.24 ,1632.20 ,2951.60 
2016-07-27,,5499.78 ,1623.03 ,2835.23 
2016-07-28,,5441.36 ,1592.83 ,2865.54 
2016-07-29,,5376.40 ,1585.51 ,2846.36 
2016-07-31,0.52 ,,,
2016-08-01,,5241.11 ,1579.50 ,2853.53 
2016-08-02,,5536.19 ,1584.95 ,2877.51 
2016-08-03,,5735.21 ,1583.57 ,2879.36 
2016-08-04,,5778.49 ,1588.84 ,2872.73 
2016-08-05,,5766.20 ,1587.32 ,2872.05 
2016-08-08,,5895.61 ,1594.15 ,3030.82 
2016-08-09,,6009.00 ,1616.41 ,3031.57 
2016-08-10,,5880.25 ,1619.51 ,3050.71 
2016-08-11,,5755.91 ,1602.60 ,2990.86 
2016-08-12,,5890.81 ,1628.55 ,3024.61 
2016-08-15,,6061.00 ,1660.24 ,3071.54 
2016-08-16,,6083.15 ,1653.67 ,3124.35 
2016-08-17,,6108.97 ,1651.45 ,3100.67 
2016-08-18,,6169.44 ,1642.82 ,3067.88 
2016-08-19,,6108.67 ,1646.79 ,3045.60 
2016-08-22,,6003.22 ,1626.31 ,3027.35 
2016-08-23,,5980.05 ,1621.23 ,2983.84 
2016-08-24,,5896.27 ,1619.22 ,2973.59 
2016-08-25,,5838.08 ,1613.28 ,2958.34 
2016-08-26,,5842.70 ,1605.31 ,2958.50 
2016-08-29,,5878.04 ,1603.82 ,2966.46 
2016-08-30,,5855.18 ,1613.42 ,2985.71 
2016-08-31,0.52 ,5879.01 ,1613.67 ,3002.46 
2016-09-01,,5788.12 ,1598.31 ,2942.31 
2016-09-02,,5849.69 ,1612.66 ,2955.59 
2016-09-05,,5837.01 ,1611.64 ,3007.94 
2016-09-06,,5933.41 ,1622.20 ,3038.32 
2016-09-07,,5897.27 ,1620.54 ,2992.36 
2016-09-08,,5970.52 ,1616.30 ,3037.71 
2016-09-09,,5915.88 ,1616.59 ,3004.80 
2016-09-12,,5732.43 ,1595.44 ,2895.55 
2016-09-13,,5755.60 ,1584.78 ,2905.39 
2016-09-14,,5610.63 ,1564.37 ,2879.30 
2016-09-19,,5693.42 ,1568.01 ,2924.82 
2016-09-20,,5696.39 ,1565.09 ,2962.73 
2016-09-21,,5711.67 ,1569.13 ,2956.82 
2016-09-22,,5817.45 ,1575.19 ,2971.15 
2016-09-23,,5823.40 ,1574.37 ,2971.90 
2016-09-26,,5649.31 ,1564.04 ,2941.29 
2016-09-27,,5717.02 ,1572.59 ,2944.15 
2016-09-28,,5711.58 ,1576.60 ,2938.47 
2016-09-29,,5764.04 ,1596.90 ,3001.90 
2016-09-30,0.52 ,5806.02 ,1597.33 ,3022.61 
2016-10-10,,5992.79 ,1641.37 ,3056.13 
2016-10-11,,6118.04 ,1646.31 ,3093.07 
2016-10-12,,6105.23 ,1638.08 ,3083.18 
2016-10-13,,6213.05 ,1641.32 ,3075.72 
2016-10-14,,6177.57 ,1645.11 ,3084.66 
2016-10-17,,6088.90 ,1633.33 ,3082.11 
2016-10-18,,6174.09 ,1675.96 ,3126.25 
2016-10-19,,6186.00 ,1669.46 ,3141.31 
2016-10-20,,6121.65 ,1676.72 ,3133.90 
2016-10-21,,6136.85 ,1737.39 ,3124.73 
2016-10-24,,6163.12 ,1784.04 ,3302.83 
2016-10-25,,6328.97 ,1780.25 ,3401.74 
2016-10-26,,6207.51 ,1751.15 ,3316.28 
2016-10-27,,6169.64 ,1741.86 ,3288.55 
2016-10-28,,6122.22 ,1738.95 ,3286.66 
2016-10-31,0.53 ,6101.72 ,1729.27 ,3280.33 
2016-11-01,,6194.50 ,1734.18 ,3285.29 
2016-11-02,,6176.95 ,1733.86 ,3236.72 
2016-11-03,,6219.71 ,1752.60 ,3256.23 
2016-11-04,,6318.59 ,1743.25 ,3293.22 
2016-11-07,,6312.78 ,1739.73 ,3390.30 
2016-11-08,,6308.84 ,1757.95 ,3321.34 
2016-11-09,,6249.36 ,1731.46 ,3343.21 
2016-11-10,,6418.44 ,1773.11 ,3362.30 
2016-11-11,,6443.45 ,1784.43 ,3443.48 
2016-11-14,,6410.69 ,1826.75 ,3533.02 
2016-11-15,,6419.35 ,1810.02 ,3458.83 
2016-11-16,,6421.69 ,1795.15 ,3448.27 
2016-11-17,,6378.51 ,1803.91 ,3458.66 
2016-11-18,,6408.19 ,1783.98 ,3394.01 
2016-11-21,,6447.33 ,1790.14 ,3394.82 
2016-11-22,,6481.58 ,1797.13 ,3493.16 
2016-11-23,,6386.73 ,1786.06 ,3424.79 
2016-11-24,,6353.19 ,1783.42 ,3430.58 
2016-11-25,,6339.33 ,1807.78 ,3435.18 
2016-11-28,,6292.01 ,1808.03 ,3473.14 
2016-11-29,,6171.85 ,1836.34 ,3352.78 
2016-11-30,0.53 ,6139.32 ,1822.36 ,3254.07 
2016-12-01,,6165.79 ,1829.89 ,3275.65 
2016-12-02,,6048.07 ,1856.93 ,3214.46 
2016-12-05,,5955.92 ,1833.33 ,3234.07 
2016-12-06,,5945.58 ,1818.18 ,3222.09 
2016-12-07,,6031.44 ,1833.94 ,3291.71 
2016-12-08,,6004.78 ,1829.80 ,3266.15 
2016-12-09,,5979.66 ,1845.12 ,3256.62 
2016-12-12,,5559.88 ,1785.57 ,3113.24 
2016-12-13,,5547.49 ,1780.63 ,3113.54 
2016-12-14,,5555.01 ,1769.38 ,3099.35 
2016-12-15,,5651.23 ,1745.34 ,3111.09 
2016-12-16,,5724.16 ,1748.11 ,3099.91 
2016-12-19,,5782.28 ,1810.53 ,3112.51 
2016-12-20,,5732.49 ,1781.56 ,3082.37 
2016-12-21,,5809.06 ,1842.95 ,3102.19 
2016-12-22,,5924.54 ,1840.60 ,3068.51 
2016-12-23,,5817.47 ,1839.96 ,3000.31 
2016-12-26,,5867.18 ,1841.64 ,2980.14 
2016-12-27,,5842.18 ,1830.98 ,2985.70 
2016-12-28,,5750.96 ,1836.20 ,2986.57 
2016-12-29,,5766.39 ,1820.05 ,3001.94 
2016-12-30,,5756.93 ,1818.17 ,3010.63 
2016-12-31,0.54 ,,,
2017-01-03,,5820.11 ,1860.82 ,3041.37 
2017-01-04,,5868.19 ,1894.86 ,3059.17 
2017-01-05,,5931.90 ,1968.32 ,3086.72 
2017-01-06,,5921.46 ,1964.48 ,3087.92 
2017-01-09,,5951.02 ,1985.11 ,3093.72 
2017-01-10,,5950.59 ,1945.95 ,3125.85 
2017-01-11,,5854.60 ,1923.48 ,3093.99 
2017-01-12,,5779.11 ,1901.47 ,3054.25 
2017-01-13,,5654.00 ,1904.44 ,3032.74 
2017-01-16,,5323.68 ,1909.76 ,3021.90 
2017-01-17,,5387.97 ,1917.14 ,3013.18 
2017-01-18,,5413.99 ,1906.97 ,3025.78 
2017-01-19,,5395.95 ,1882.06 ,3010.00 
2017-01-20,,5458.05 ,1891.38 ,3033.94 
2017-01-23,,5546.92 ,1867.01 ,3071.23 
2017-01-24,,5556.78 ,1860.93 ,3103.92 
2017-01-25,,5551.40 ,1867.77 ,3084.31 
2017-01-26,,5581.71 ,1878.41 ,3123.35 
2017-01-31,0.55 ,,,
2017-02-03,,5547.92 ,1853.62 ,3082.58 
2017-02-06,,5636.98 ,1842.51 ,3085.08 
2017-02-07,,5627.70 ,1834.14 ,3077.92 
2017-02-08,,5669.70 ,1847.85 ,3114.19 
2017-02-09,,5712.39 ,1851.00 ,3121.86 
2017-02-10,,5668.03 ,1855.18 ,3185.21 
2017-02-13,,5711.52 ,1863.12 ,3225.06 
2017-02-14,,5712.30 ,1884.72 ,3244.87 
2017-02-15,,5786.21 ,1864.73 ,3194.01 
2017-02-16,,5828.15 ,1876.12 ,3263.93 
2017-02-17,,5679.53 ,1863.89 ,3193.30 
2017-02-20,,5681.46 ,1877.08 ,3241.01 
2017-02-21,,5729.11 ,1879.75 ,3253.97 
2017-02-22,,5696.77 ,1872.99 ,3236.59 
2017-02-23,,5730.32 ,1871.55 ,3202.30 
2017-02-24,,5730.53 ,1871.75 ,3175.88 
2017-02-27,,5718.69 ,1850.97 ,3162.26 
2017-02-28,0.54 ,5768.43 ,1854.11 ,3188.85 
2017-03-01,,5824.89 ,1854.68 ,3213.06 
2017-03-02,,5748.12 ,1836.88 ,3185.90 
2017-03-03,,5717.19 ,1834.02 ,3159.21 
2017-03-06,,5757.14 ,1838.30 ,3213.41 
2017-03-07,,5797.78 ,1841.36 ,3186.75 
2017-03-08,,5769.72 ,1846.68 ,3162.03 
2017-03-09,,5690.36 ,1841.01 ,3110.49 
2017-03-10,,5663.29 ,1834.01 ,3105.81 
2017-03-13,,5673.42 ,1847.83 ,3153.88 
2017-03-14,,5667.61 ,1838.33 ,3151.64 
2017-03-15,,5622.19 ,1822.42 ,3162.29 
2017-03-16,,5704.14 ,1833.46 ,3192.66 
2017-03-17,,5648.29 ,1812.29 ,3151.46 
2017-03-20,,5643.80 ,1836.12 ,3236.63 
2017-03-21,,5702.45 ,1836.95 ,3261.65 
2017-03-22,,5628.18 ,1842.79 ,3236.90 
2017-03-23,,5603.24 ,1834.29 ,3229.16 
2017-03-24,,5616.50 ,1860.22 ,3232.00 
2017-03-27,,5649.81 ,1901.32 ,3191.06 
2017-03-28,,5625.46 ,1888.61 ,3186.39 
2017-03-29,,5601.41 ,1891.95 ,3208.12 
2017-03-30,,5418.24 ,1897.95 ,3179.39 
2017-03-31,0.54 ,5459.45 ,1918.63 ,3219.61 
2017-04-05,,5571.06 ,1947.04 ,3278.55 
2017-04-06,,5622.69 ,1986.46 ,3271.56 
2017-04-07,,5603.42 ,1977.46 ,3270.08 
2017-04-10,,5565.50 ,1996.07 ,3270.56 
2017-04-11,,5616.23 ,2015.64 ,3253.43 
2017-04-12,,5589.22 ,2011.04 ,3222.46 
2017-04-13,,5588.79 ,1992.62 ,3253.53 
2017-04-14,,5527.35 ,1973.59 ,3242.86 
2017-04-17,,5391.23 ,1974.07 ,3208.14 
2017-04-18,,5283.99 ,1959.96 ,3177.14 
2017-04-19,,5128.59 ,1945.13 ,3086.42 
2017-04-20,,5062.38 ,1975.04 ,3065.27 
2017-04-21,,5052.87 ,1973.05 ,3078.44 
2017-04-24,,4825.71 ,1955.65 ,3017.31 
2017-04-25,,4816.14 ,1926.19 ,3013.80 
2017-04-26,,4840.12 ,1901.77 ,3021.32 
2017-04-27,,4836.46 ,1878.83 ,3026.71 
2017-04-28,,4863.28 ,1869.04 ,3043.98 
2017-04-30,0.54 ,,,
2017-05-02,,4881.14 ,1883.14 ,3055.63 
2017-05-03,,4923.23 ,1881.51 ,3047.54 
2017-05-04,,4896.39 ,1871.87 ,2999.88 
2017-05-05,,4783.62 ,1861.43 ,2927.43 
2017-05-08,,4698.17 ,1841.21 ,2897.33 
2017-05-10,,4576.56 ,1827.57 ,2879.16 
2017-05-11,,4490.84 ,1845.75 ,2859.37 
2017-05-12,,4517.60 ,1848.39 ,2860.82 
2017-05-15,,4521.94 ,1872.81 ,2890.34 
2017-05-16,,4626.87 ,1902.87 ,2920.00 
2017-05-17,,4654.27 ,1894.95 ,2927.32 
2017-05-18,,4626.32 ,1899.25 ,2907.44 
2017-05-19,,4630.11 ,1901.22 ,2921.79 
2017-05-22,,4493.39 ,1890.72 ,2899.45 
2017-05-23,,4319.19 ,1890.89 ,2888.19 
2017-05-24,,4337.81 ,1880.66 ,2892.98 
2017-05-25,,4436.20 ,1892.91 ,2976.51 
2017-05-26,,4465.33 ,1890.09 ,2972.52 
2017-05-31,0.54 ,4449.22 ,1899.43 ,2960.82 
2017-06-01,,4346.22 ,1872.58 ,2924.22 
2017-06-02,,4413.65 ,1884.06 ,2968.56 
2017-06-05,,4460.07 ,1864.99 ,2986.47 
2017-06-06,,4471.11 ,1838.33 ,2994.17 
2017-06-07,,4567.28 ,1856.29 ,3028.73 
2017-06-08,,4539.41 ,1871.45 ,3021.43 
2017-06-09,,4665.90 ,1894.69 ,3031.02 
2017-06-12,,4597.07 ,1892.91 ,3014.59 
2017-06-13,,4637.89 ,1890.69 ,3083.36 
2017-06-14,,4598.42 ,1874.99 ,3084.79 
2017-06-15,,4656.03 ,1855.66 ,3092.18 
2017-06-16,,4621.27 ,1858.44 ,3081.54 
2017-06-19,,4660.74 ,1874.45 ,3129.40 
2017-06-20,,4671.41 ,1867.59 ,3117.44 
2017-06-21,,4741.94 ,1875.10 ,3112.92 
2017-06-22,,4647.46 ,1870.03 ,3086.36 
2017-06-23,,4607.31 ,1870.56 ,3094.42 
2017-06-26,,4649.35 ,1887.57 ,3136.79 
2017-06-27,,4653.06 ,1905.17 ,3176.45 
2017-06-28,,4592.10 ,1891.49 ,3169.57 
2017-06-29,,4628.82 ,1918.40 ,3216.34 
2017-06-30,0.53 ,4626.82 ,1934.07 ,3207.42 
2017-07-03,,4682.88 ,1934.52 ,3260.08 
2017-07-04,,4666.27 ,1913.49 ,3238.45 
2017-07-05,,4686.47 ,1931.18 ,3273.84 
2017-07-06,,4677.75 ,1937.64 ,3327.12 
2017-07-07,,4697.56 ,2003.80 ,3376.67 
2017-07-10,,4700.09 ,2008.33 ,3387.51 
2017-07-11,,4611.73 ,1989.98 ,3305.75 
2017-07-12,,4557.09 ,1978.31 ,3337.61 
2017-07-13,,4553.12 ,2007.75 ,3356.35 
2017-07-14,,4498.72 ,2018.55 ,3356.49 
2017-07-17,,4206.61 ,2029.96 ,3323.92 
2017-07-18,,4255.86 ,2035.76 ,3449.34 
2017-07-19,,4328.63 ,2059.62 ,3632.35 
2017-07-20,,4375.68 ,2068.42 ,3618.80 
2017-07-21,,4346.84 ,2081.50 ,3636.83 
2017-07-24,,4460.49 ,2081.64 ,3592.96 
2017-07-25,,4473.08 ,2051.68 ,3588.29 
2017-07-26,,4481.95 ,2065.62 ,3588.19 
2017-07-27,,4537.64 ,2053.80 ,3482.06 
2017-07-28,,4527.85 ,2033.13 ,3535.81 
2017-07-31,0.54 ,4526.74 ,2050.10 ,3676.28 
2017-08-01,,4585.13 ,2058.45 ,3583.71 
2017-08-02,,4535.78 ,2035.13 ,3615.11 
2017-08-03,,4578.06 ,2047.19 ,3662.06 
2017-08-04,,4599.74 ,2084.82 ,3650.84 
2017-08-07,,4660.87 ,2064.90 ,3718.08 
2017-08-08,,4675.85 ,2075.20 ,3660.23 
2017-08-09,,4630.82 ,2058.76 ,3823.15 
2017-08-10,,4623.79 ,2093.72 ,3755.31 
2017-08-11,,4547.23 ,2052.00 ,3554.55 
2017-08-14,,4622.91 ,2061.89 ,3578.54 
2017-08-15,,4671.93 ,2076.64 ,3563.45 
2017-08-16,,4706.70 ,2102.99 ,3548.55 
