指标名称,现货价:镀锌板:1mm:全国,现货价:热轧普通薄板:3mm:全国,"车板价:主焦煤(A<10.5%,V21-25%,S<1%,G>75%,邯郸产):河北"
2010-01-01,5266.00 ,4082.00 ,1600.00 
2010-01-04,,,1600.00 
2010-01-05,,,1600.00 
2010-01-06,,,1600.00 
2010-01-07,,,1600.00 
2010-01-08,,,1600.00 
2010-01-11,,,1600.00 
2010-01-12,,,1600.00 
2010-01-13,,,1600.00 
2010-01-14,,,1600.00 
2010-01-15,5259.00 ,4047.00 ,1600.00 
2010-01-18,,,1600.00 
2010-01-19,,,1600.00 
2010-01-20,,,1600.00 
2010-01-21,,,1600.00 
2010-01-22,,,1600.00 
2010-01-25,,,1600.00 
2010-01-26,,,1600.00 
2010-01-27,,,1600.00 
2010-01-28,,,1600.00 
2010-01-29,,,1600.00 
2010-02-01,5247.00 ,4061.00 ,1600.00 
2010-02-02,,,1600.00 
2010-02-03,,,1570.00 
2010-02-04,,,1570.00 
2010-02-05,,,1570.00 
2010-02-08,,,1560.00 
2010-02-09,,,1560.00 
2010-02-10,,,1560.00 
2010-02-11,,,1560.00 
2010-02-12,,,1560.00 
2010-02-15,5259.00 ,4072.00 ,1560.00 
2010-02-16,,,1560.00 
2010-02-17,,,1560.00 
2010-02-18,,,1560.00 
2010-02-19,,,1560.00 
2010-02-22,,,1560.00 
2010-02-23,,,1560.00 
2010-02-24,,,1560.00 
2010-02-25,,,1560.00 
2010-02-26,,,1560.00 
2010-03-01,5320.00 ,4231.00 ,1560.00 
2010-03-02,,,1560.00 
2010-03-03,,,1560.00 
2010-03-04,,,1560.00 
2010-03-05,,,1560.00 
2010-03-08,,,1540.00 
2010-03-09,,,1510.00 
2010-03-10,,,1510.00 
2010-03-11,,,1510.00 
2010-03-12,,,1510.00 
2010-03-15,5440.00 ,4421.00 ,1510.00 
2010-03-16,,,1510.00 
2010-03-17,,,1510.00 
2010-03-18,,,1510.00 
2010-03-19,,,1510.00 
2010-03-22,,,1510.00 
2010-03-23,,,1510.00 
2010-03-24,,,1510.00 
2010-03-25,,,1510.00 
2010-03-26,,,1510.00 
2010-03-29,,,1510.00 
2010-03-30,,,1510.00 
2010-03-31,,,1510.00 
2010-04-01,5609.00 ,4672.00 ,1510.00 
2010-04-02,,,1510.00 
2010-04-05,,,1510.00 
2010-04-06,,,1510.00 
2010-04-07,,,1510.00 
2010-04-08,,,1510.00 
2010-04-09,,,1510.00 
2010-04-12,,,1510.00 
2010-04-13,,,1510.00 
2010-04-14,,,1510.00 
2010-04-15,5635.00 ,4698.00 ,1510.00 
2010-04-16,,,1510.00 
2010-04-19,,,1510.00 
2010-04-20,,,1510.00 
2010-04-21,,,1510.00 
2010-04-22,,,1510.00 
2010-04-23,,,1510.00 
2010-04-26,,,1510.00 
2010-04-27,,,1510.00 
2010-04-28,,,1510.00 
2010-04-29,,,1520.00 
2010-04-30,,,1520.00 
2010-05-01,5589.00 ,4646.00 ,
2010-05-03,,,1520.00 
2010-05-04,,,1520.00 
2010-05-05,,,1520.00 
2010-05-06,,,1520.00 
2010-05-07,,,1520.00 
2010-05-10,,,1520.00 
2010-05-11,,,1520.00 
2010-05-12,,,1520.00 
2010-05-13,,,1520.00 
2010-05-14,,,1520.00 
2010-05-15,5468.00 ,4551.00 ,
2010-05-17,,,1520.00 
2010-05-18,,,1520.00 
2010-05-19,,,1520.00 
2010-05-20,,,1520.00 
2010-05-21,,,1520.00 
2010-05-24,,,1520.00 
2010-05-25,,,1520.00 
2010-05-26,,,1520.00 
2010-05-27,,,1520.00 
2010-05-28,,,1520.00 
2010-05-31,,,1520.00 
2010-06-01,5387.00 ,4462.00 ,1520.00 
2010-06-02,,,1520.00 
2010-06-03,,,1520.00 
2010-06-04,,,1520.00 
2010-06-07,,,1520.00 
2010-06-08,,,1520.00 
2010-06-09,,,1520.00 
2010-06-10,,,1520.00 
2010-06-11,,,1520.00 
2010-06-14,,,1520.00 
2010-06-15,5313.00 ,4369.00 ,1520.00 
2010-06-16,,,1520.00 
2010-06-17,,,1520.00 
2010-06-18,,,1520.00 
2010-06-21,,,1520.00 
2010-06-22,,,1520.00 
2010-06-23,,,1520.00 
2010-06-24,,,1520.00 
2010-06-25,,,1520.00 
2010-06-28,,,1520.00 
2010-06-29,,,1520.00 
2010-06-30,,,1520.00 
2010-07-01,5173.00 ,4224.00 ,1520.00 
2010-07-02,,,1520.00 
2010-07-05,,,1520.00 
2010-07-06,,,1520.00 
2010-07-07,,,1520.00 
2010-07-08,,,1520.00 
2010-07-09,,,1520.00 
2010-07-12,,,1520.00 
2010-07-13,,,1520.00 
2010-07-14,,,1520.00 
2010-07-15,5195.00 ,4355.00 ,1520.00 
2010-07-16,,,1520.00 
2010-07-19,,,1520.00 
2010-07-20,,,1520.00 
2010-07-21,,,1520.00 
2010-07-22,,,1520.00 
2010-07-23,,,1520.00 
2010-07-26,,,1520.00 
2010-07-27,,,1510.00 
2010-07-28,,,1490.00 
2010-07-29,,,1490.00 
2010-07-30,,,1460.00 
2010-08-01,5278.00 ,4421.00 ,
2010-08-02,,,1460.00 
2010-08-03,,,1460.00 
2010-08-04,,,1460.00 
2010-08-05,,,1460.00 
2010-08-06,,,1460.00 
2010-08-09,,,1460.00 
2010-08-10,,,1460.00 
2010-08-11,,,1460.00 
2010-08-12,,,1460.00 
2010-08-13,,,1460.00 
2010-08-15,5329.00 ,4404.00 ,
2010-08-16,,,1460.00 
2010-08-17,,,1460.00 
2010-08-18,,,1460.00 
2010-08-19,,,1460.00 
2010-08-20,,,1460.00 
2010-08-23,,,1460.00 
2010-08-24,,,1460.00 
2010-08-25,,,1460.00 
2010-08-26,,,1460.00 
2010-08-27,,,1460.00 
2010-08-30,,,1460.00 
2010-08-31,,,1460.00 
2010-09-01,5430.00 ,4570.00 ,1460.00 
2010-09-02,,,1460.00 
2010-09-03,,,1460.00 
2010-09-06,,,1460.00 
2010-09-07,,,1460.00 
2010-09-08,,,1460.00 
2010-09-09,,,1460.00 
2010-09-10,,,1460.00 
2010-09-13,,,1460.00 
2010-09-14,,,1460.00 
2010-09-15,5426.00 ,4508.00 ,1460.00 
2010-09-16,,,1460.00 
2010-09-17,,,1460.00 
2010-09-20,,,1460.00 
2010-09-21,,,1460.00 
2010-09-22,,,1460.00 
2010-09-23,,,1460.00 
2010-09-24,,,1460.00 
2010-09-27,,,1460.00 
2010-09-28,,,1460.00 
2010-09-29,,,1460.00 
2010-09-30,,,1460.00 
2010-10-01,5424.00 ,4521.00 ,1460.00 
2010-10-04,,,1460.00 
2010-10-05,,,1460.00 
2010-10-06,,,1460.00 
2010-10-07,,,1460.00 
2010-10-08,,,1460.00 
2010-10-11,,,1460.00 
2010-10-12,,,1460.00 
2010-10-13,,,1460.00 
2010-10-14,,,1460.00 
2010-10-15,5441.00 ,4506.00 ,1460.00 
2010-10-18,,,1460.00 
2010-10-19,,,1460.00 
2010-10-20,,,1460.00 
2010-10-21,,,1460.00 
2010-10-22,,,1490.00 
2010-10-25,,,1490.00 
2010-10-26,,,1520.00 
2010-10-27,,,1520.00 
2010-10-28,,,1520.00 
2010-10-29,,,1520.00 
2010-11-01,5501.00 ,4584.00 ,1520.00 
2010-11-02,,,1520.00 
2010-11-03,,,1520.00 
2010-11-04,,,1520.00 
2010-11-05,,,1520.00 
2010-11-08,,,1520.00 
2010-11-09,,,1520.00 
2010-11-10,,,1520.00 
2010-11-11,,,1520.00 
2010-11-12,,,1520.00 
2010-11-15,5515.00 ,4572.00 ,1520.00 
2010-11-16,,,1520.00 
2010-11-17,,,1520.00 
2010-11-18,,,1520.00 
2010-11-19,,,1520.00 
2010-11-22,,,1520.00 
2010-11-23,,,1520.00 
2010-11-24,,,1520.00 
2010-11-25,,,1520.00 
2010-11-26,,,1520.00 
2010-11-29,,,1520.00 
2010-11-30,,,1520.00 
2010-12-01,5550.00 ,4639.00 ,1520.00 
2010-12-02,,,1520.00 
2010-12-03,,,1520.00 
2010-12-06,,,1520.00 
2010-12-07,,,1520.00 
2010-12-08,,,1520.00 
2010-12-09,,,1520.00 
2010-12-10,,,1520.00 
2010-12-13,,,1520.00 
2010-12-14,,,1520.00 
2010-12-15,5601.00 ,4730.00 ,1520.00 
2010-12-16,,,1520.00 
2010-12-17,,,1520.00 
2010-12-20,,,1520.00 
2010-12-21,,,1520.00 
2010-12-22,,,1520.00 
2010-12-23,,,1560.00 
2010-12-24,,,1570.00 
2010-12-27,,,1620.00 
2010-12-28,,,1620.00 
2010-12-29,,,1620.00 
2010-12-30,,,1620.00 
2010-12-31,,,1620.00 
2011-01-01,5650.00 ,4811.00 ,
2011-01-03,,,1620.00 
2011-01-04,,,1620.00 
2011-01-05,,,1620.00 
2011-01-06,,,1620.00 
2011-01-07,,,1620.00 
2011-01-10,,,1620.00 
2011-01-11,,,1620.00 
2011-01-12,,,1620.00 
2011-01-13,,,1620.00 
2011-01-14,,,1620.00 
2011-01-15,5744.00 ,4899.00 ,
2011-01-17,,,1620.00 
2011-01-18,,,1620.00 
2011-01-19,,,1620.00 
2011-01-20,,,1620.00 
2011-01-21,,,1620.00 
2011-01-24,,,1620.00 
2011-01-25,,,1620.00 
2011-01-26,,,1620.00 
2011-01-27,,,1620.00 
2011-01-28,,,1620.00 
2011-01-31,,,1620.00 
2011-02-01,5801.00 ,5022.00 ,1620.00 
2011-02-02,,,1620.00 
2011-02-03,,,1620.00 
2011-02-04,,,1620.00 
2011-02-07,,,1620.00 
2011-02-08,,,1620.00 
2011-02-09,,,1620.00 
2011-02-10,,,1620.00 
2011-02-11,,,1620.00 
2011-02-14,,,1620.00 
2011-02-15,5816.00 ,4995.00 ,1620.00 
2011-02-16,,,1620.00 
2011-02-17,,,1620.00 
2011-02-18,,,1620.00 
2011-02-21,,,1620.00 
2011-02-22,,,1620.00 
2011-02-23,,,1620.00 
2011-02-24,,,1620.00 
2011-02-25,,,1620.00 
2011-02-28,,,1620.00 
2011-03-01,5782.00 ,4882.00 ,1620.00 
2011-03-02,,,1620.00 
2011-03-03,,,1620.00 
2011-03-04,,,1620.00 
2011-03-07,,,1620.00 
2011-03-08,,,1620.00 
2011-03-09,,,1620.00 
2011-03-10,,,1620.00 
2011-03-11,,,1620.00 
2011-03-14,,,1620.00 
2011-03-15,5752.00 ,4908.00 ,1620.00 
2011-03-16,,,1620.00 
2011-03-17,,,1620.00 
2011-03-18,,,1620.00 
2011-03-21,,,1620.00 
2011-03-22,,,1620.00 
2011-03-23,,,1620.00 
2011-03-24,,,1620.00 
2011-03-25,,,1620.00 
2011-03-28,,,1620.00 
2011-03-29,,,1620.00 
2011-03-30,,,1620.00 
2011-03-31,,,1620.00 
2011-04-01,5824.00 ,5009.00 ,1620.00 
2011-04-04,,,1620.00 
2011-04-05,,,1620.00 
2011-04-06,,,1620.00 
2011-04-07,,,1620.00 
2011-04-08,,,1620.00 
2011-04-11,,,1620.00 
2011-04-12,,,1620.00 
2011-04-13,,,1620.00 
2011-04-14,,,1620.00 
2011-04-15,5849.00 ,5054.00 ,1620.00 
2011-04-18,,,1620.00 
2011-04-19,,,1620.00 
2011-04-20,,,1620.00 
2011-04-21,,,1620.00 
2011-04-22,,,1620.00 
2011-04-25,,,1620.00 
2011-04-26,,,1640.00 
2011-04-27,,,1640.00 
2011-04-28,,,1640.00 
2011-04-29,,,1640.00 
2011-05-01,5893.00 ,5055.00 ,
2011-05-02,,,1640.00 
2011-05-03,,,1640.00 
2011-05-04,,,1640.00 
2011-05-05,,,1640.00 
2011-05-06,,,1640.00 
2011-05-09,,,1640.00 
2011-05-10,,,1640.00 
2011-05-11,,,1640.00 
2011-05-12,,,1640.00 
2011-05-13,,,1640.00 
2011-05-15,5901.00 ,5050.00 ,
2011-05-16,,,1640.00 
2011-05-17,,,1640.00 
2011-05-18,,,1640.00 
2011-05-19,,,1640.00 
2011-05-20,,,1640.00 
2011-05-23,,,1640.00 
2011-05-24,,,1640.00 
2011-05-25,,,1640.00 
2011-05-26,,,1640.00 
2011-05-27,,,1580.00 
2011-05-30,,,1580.00 
2011-05-31,,,1580.00 
2011-06-01,5853.00 ,5036.00 ,1580.00 
2011-06-02,,,1580.00 
2011-06-03,,,1580.00 
2011-06-06,,,1580.00 
2011-06-07,,,1580.00 
2011-06-08,,,1580.00 
2011-06-09,,,1580.00 
2011-06-10,,,1580.00 
2011-06-13,,,1580.00 
2011-06-14,,,1580.00 
2011-06-15,5806.00 ,4973.00 ,1580.00 
2011-06-16,,,1580.00 
2011-06-17,,,1580.00 
2011-06-20,,,1580.00 
2011-06-21,,,1580.00 
2011-06-22,,,1580.00 
2011-06-23,,,1580.00 
2011-06-24,,,1580.00 
2011-06-27,,,1580.00 
2011-06-28,,,1580.00 
2011-06-29,,,1580.00 
2011-06-30,,,1580.00 
2011-07-01,5811.00 ,4967.00 ,1580.00 
2011-07-04,,,1580.00 
2011-07-05,,,1580.00 
2011-07-06,,,1580.00 
2011-07-07,,,1580.00 
2011-07-08,,,1580.00 
2011-07-11,,,1580.00 
2011-07-12,,,1580.00 
2011-07-13,,,1580.00 
2011-07-14,,,1580.00 
2011-07-15,5825.00 ,4993.00 ,1580.00 
2011-07-18,,,1580.00 
2011-07-19,,,1580.00 
2011-07-20,,,1580.00 
2011-07-21,,,1580.00 
2011-07-22,,,1580.00 
2011-07-25,,,1580.00 
2011-07-26,,,1580.00 
2011-07-27,,,1580.00 
2011-07-28,,,1580.00 
2011-07-29,,,1580.00 
2011-08-01,5854.00 ,5012.00 ,1580.00 
2011-08-02,,,1580.00 
2011-08-03,,,1580.00 
2011-08-04,,,1580.00 
2011-08-05,,,1580.00 
2011-08-08,,,1580.00 
2011-08-09,,,1580.00 
2011-08-10,,,1580.00 
2011-08-11,,,1580.00 
2011-08-12,,,1580.00 
2011-08-15,5885.00 ,5020.00 ,1580.00 
2011-08-16,,,1580.00 
2011-08-17,,,1580.00 
2011-08-18,,,1580.00 
2011-08-19,,,1580.00 
2011-08-22,,,1580.00 
2011-08-23,,,1580.00 
2011-08-24,,,1580.00 
2011-08-25,,,1580.00 
2011-08-26,,,1580.00 
2011-08-29,,,1590.00 
2011-08-30,,,1590.00 
2011-08-31,,,1610.00 
2011-09-01,5895.00 ,5015.00 ,1610.00 
2011-09-02,,,1610.00 
2011-09-05,,,1610.00 
2011-09-06,,,1610.00 
2011-09-07,,,1610.00 
2011-09-08,,,1610.00 
2011-09-09,,,1610.00 
2011-09-12,,,1610.00 
2011-09-13,,,1610.00 
2011-09-14,,,1610.00 
2011-09-15,5867.00 ,4922.00 ,1610.00 
2011-09-16,,,1610.00 
2011-09-19,,,1610.00 
2011-09-20,,,1610.00 
2011-09-21,,,1610.00 
2011-09-22,,,1610.00 
2011-09-23,,,1610.00 
2011-09-26,,,1610.00 
2011-09-27,,,1610.00 
2011-09-28,,,1610.00 
2011-09-29,,,1610.00 
2011-09-30,,,1610.00 
2011-10-01,5745.00 ,4848.00 ,
2011-10-03,,,1610.00 
2011-10-04,,,1610.00 
2011-10-05,,,1610.00 
2011-10-06,,,1610.00 
2011-10-07,,,1610.00 
2011-10-10,,,1610.00 
2011-10-11,,,1610.00 
2011-10-12,,,1610.00 
2011-10-13,,,1610.00 
2011-10-14,,,1610.00 
2011-10-15,5582.00 ,4617.00 ,
2011-10-17,,,1610.00 
2011-10-18,,,1610.00 
2011-10-19,,,1610.00 
2011-10-20,,,1610.00 
2011-10-21,,,1610.00 
2011-10-24,,,1610.00 
2011-10-25,,,1610.00 
2011-10-26,,,1610.00 
2011-10-27,,,1610.00 
2011-10-28,,,1610.00 
2011-10-31,,,1610.00 
2011-11-01,5493.00 ,4577.00 ,1610.00 
2011-11-02,,,1610.00 
2011-11-03,,,1610.00 
2011-11-04,,,1610.00 
2011-11-07,,,1610.00 
2011-11-08,,,1610.00 
2011-11-09,,,1610.00 
2011-11-10,,,1610.00 
2011-11-11,,,1610.00 
2011-11-14,,,1610.00 
2011-11-15,5444.00 ,4551.00 ,1610.00 
2011-11-16,,,1610.00 
2011-11-17,,,1610.00 
2011-11-18,,,1610.00 
2011-11-21,,,1610.00 
2011-11-22,,,1610.00 
2011-11-23,,,1610.00 
2011-11-24,,,1610.00 
2011-11-25,,,1610.00 
2011-11-28,,,1610.00 
2011-11-29,,,1610.00 
2011-11-30,,,1610.00 
2011-12-01,5373.00 ,4518.00 ,1610.00 
2011-12-02,,,1610.00 
2011-12-05,,,1610.00 
2011-12-06,,,1580.00 
2011-12-07,,,1580.00 
2011-12-08,,,1580.00 
2011-12-09,,,1580.00 
2011-12-12,,,1580.00 
2011-12-13,,,1580.00 
2011-12-14,,,1580.00 
2011-12-15,5334.00 ,4481.00 ,1580.00 
2011-12-16,,,1580.00 
2011-12-19,,,1580.00 
2011-12-20,,,1580.00 
2011-12-21,,,1580.00 
2011-12-22,,,1580.00 
2011-12-23,,,1580.00 
2011-12-26,,,1580.00 
2011-12-27,,,1580.00 
2011-12-28,,,1580.00 
2011-12-29,,,1580.00 
2011-12-30,,,1580.00 
2012-01-01,5281.00 ,4446.00 ,
2012-01-02,,,1580.00 
2012-01-03,,,1580.00 
2012-01-04,,,1580.00 
2012-01-05,,,1580.00 
2012-01-06,,,1580.00 
2012-01-09,,,1580.00 
2012-01-10,,,1580.00 
2012-01-11,,,1580.00 
2012-01-12,,,1580.00 
2012-01-13,,,1580.00 
2012-01-15,5267.00 ,4441.00 ,
2012-01-16,,,1580.00 
2012-01-17,,,1580.00 
2012-01-18,,,1580.00 
2012-01-19,,,1580.00 
2012-01-20,,,1580.00 
2012-01-23,,,1580.00 
2012-01-24,,,1580.00 
2012-01-25,,,1580.00 
2012-01-26,,,1580.00 
2012-01-27,,,1580.00 
2012-01-30,,,1580.00 
2012-01-31,,,1580.00 
2012-02-01,5248.00 ,4439.00 ,1580.00 
2012-02-02,,,1580.00 
2012-02-03,,,1580.00 
2012-02-06,,,1580.00 
2012-02-07,,,1580.00 
2012-02-08,,,1580.00 
2012-02-09,,,1580.00 
2012-02-10,,,1580.00 
2012-02-13,,,1580.00 
2012-02-14,,,1580.00 
2012-02-15,5229.00 ,4443.00 ,1580.00 
2012-02-16,,,1580.00 
2012-02-17,,,1580.00 
2012-02-20,,,1580.00 
2012-02-21,,,1580.00 
2012-02-22,,,1580.00 
2012-02-23,,,1580.00 
2012-02-24,,,1550.00 
2012-02-27,,,1540.00 
2012-02-28,,,1540.00 
2012-02-29,,,1540.00 
2012-03-01,5233.00 ,4486.00 ,1540.00 
2012-03-02,,,1540.00 
2012-03-05,,,1540.00 
2012-03-06,,,1540.00 
2012-03-07,,,1540.00 
2012-03-08,,,1540.00 
2012-03-09,,,1540.00 
2012-03-12,,,1540.00 
2012-03-13,,,1540.00 
2012-03-14,,,1540.00 
2012-03-15,5232.00 ,4510.00 ,1540.00 
2012-03-16,,,1540.00 
2012-03-19,,,1540.00 
2012-03-20,,,1540.00 
2012-03-21,,,1540.00 
2012-03-22,,,1540.00 
2012-03-23,,,1540.00 
2012-03-26,,,1540.00 
2012-03-27,,,1540.00 
2012-03-28,,,1540.00 
2012-03-29,,,1540.00 
2012-03-30,,,1540.00 
2012-04-01,5273.00 ,4545.00 ,
2012-04-02,,,1540.00 
2012-04-03,,,1540.00 
2012-04-04,,,1540.00 
2012-04-05,,,1540.00 
2012-04-06,,,1540.00 
2012-04-09,,,1540.00 
2012-04-10,,,1540.00 
2012-04-11,,,1540.00 
2012-04-12,,,1540.00 
2012-04-13,,,1540.00 
2012-04-15,5250.00 ,4525.00 ,
2012-04-16,,,1540.00 
2012-04-17,,,1540.00 
2012-04-18,,,1540.00 
2012-04-19,,,1540.00 
2012-04-20,,,1540.00 
2012-04-23,,,1540.00 
2012-04-24,,,1540.00 
2012-04-25,,,1540.00 
2012-04-26,,,1540.00 
2012-04-27,,,1540.00 
2012-04-30,,,1540.00 
2012-05-01,5225.00 ,4470.00 ,1540.00 
2012-05-02,,,1540.00 
2012-05-03,,,1540.00 
2012-05-04,,,1540.00 
2012-05-07,,,1540.00 
2012-05-08,,,1540.00 
2012-05-09,,,1540.00 
2012-05-10,,,1540.00 
2012-05-11,,,1540.00 
2012-05-14,,,1540.00 
2012-05-15,5194.00 ,4401.00 ,1540.00 
2012-05-16,,,1540.00 
2012-05-17,,,1540.00 
2012-05-18,,,1540.00 
2012-05-21,,,1540.00 
2012-05-22,,,1540.00 
2012-05-23,,,1540.00 
2012-05-24,,,1540.00 
2012-05-25,,,1540.00 
2012-05-28,,,1530.00 
2012-05-29,,,1530.00 
2012-05-30,,,1520.00 
2012-05-31,,,1500.00 
2012-06-01,5183.00 ,4371.00 ,1500.00 
2012-06-04,,,1500.00 
2012-06-05,,,1500.00 
2012-06-06,,,1500.00 
2012-06-07,,,1500.00 
2012-06-08,,,1500.00 
2012-06-11,,,1500.00 
2012-06-12,,,1500.00 
2012-06-13,,,1500.00 
2012-06-14,,,1500.00 
2012-06-15,5163.00 ,4330.00 ,1500.00 
2012-06-18,,,1500.00 
2012-06-19,,,1500.00 
2012-06-20,,,1500.00 
2012-06-21,,,1500.00 
2012-06-22,,,1500.00 
2012-06-25,,,1480.00 
2012-06-26,,,1470.00 
2012-06-27,,,1470.00 
2012-06-28,,,1440.00 
2012-06-29,,,1440.00 
2012-07-01,5096.00 ,4246.00 ,
2012-07-02,,,1440.00 
2012-07-03,,,1440.00 
2012-07-04,,,1440.00 
2012-07-05,,,1440.00 
2012-07-06,,,1440.00 
2012-07-09,,,1440.00 
2012-07-10,,,1440.00 
2012-07-11,,,1440.00 
2012-07-12,,,1440.00 
2012-07-13,,,1440.00 
2012-07-15,5035.00 ,4048.00 ,
2012-07-16,,,1440.00 
2012-07-17,,,1440.00 
2012-07-18,,,1440.00 
2012-07-19,,,1440.00 
2012-07-20,,,1440.00 
2012-07-23,,,1440.00 
2012-07-24,,,1440.00 
2012-07-25,,,1440.00 
2012-07-26,,,1440.00 
2012-07-27,,,1430.00 
2012-07-30,,,1380.00 
2012-07-31,,,1380.00 
2012-08-01,4998.00 ,3918.00 ,1380.00 
2012-08-02,,,1340.00 
2012-08-03,,,1340.00 
2012-08-06,,,1340.00 
2012-08-07,,,1340.00 
2012-08-08,,,1340.00 
2012-08-09,,,1340.00 
2012-08-10,,,1340.00 
2012-08-13,,,1340.00 
2012-08-14,,,1340.00 
2012-08-15,4922.00 ,3797.00 ,1340.00 
2012-08-16,,,1340.00 
2012-08-17,,,1340.00 
2012-08-20,,,1340.00 
2012-08-21,,,1260.00 
2012-08-22,,,1240.00 
2012-08-23,,,1240.00 
2012-08-24,,,1240.00 
2012-08-27,,,1240.00 
2012-08-28,,,1240.00 
2012-08-29,,,1240.00 
2012-08-30,,,1240.00 
2012-08-31,,,1240.00 
2012-09-01,4872.00 ,3769.00 ,
2012-09-03,,,1240.00 
2012-09-04,,,1240.00 
2012-09-05,,,1240.00 
2012-09-06,,,1240.00 
2012-09-07,,,1240.00 
2012-09-10,,,1240.00 
2012-09-11,,,1080.00 
2012-09-12,,,1080.00 
2012-09-13,,,1080.00 
2012-09-14,,,1080.00 
2012-09-15,4895.00 ,3877.00 ,
2012-09-17,,,1080.00 
2012-09-18,,,1080.00 
2012-09-19,,,1080.00 
2012-09-20,,,1080.00 
2012-09-21,,,1080.00 
2012-09-24,,,1080.00 
2012-09-25,,,1080.00 
2012-09-26,,,1080.00 
2012-09-27,,,1080.00 
2012-09-28,,,1080.00 
2012-09-29,,,1080.00 
2012-10-01,4952.00 ,3972.00 ,
2012-10-08,,,1080.00 
2012-10-09,,,1080.00 
2012-10-10,,,1080.00 
2012-10-11,,,1180.00 
2012-10-12,,,1180.00 
2012-10-15,4942.00 ,3972.00 ,1180.00 
2012-10-16,,,1180.00 
2012-10-17,,,1180.00 
2012-10-18,,,1180.00 
2012-10-19,,,1180.00 
2012-10-22,,,1180.00 
2012-10-23,,,1180.00 
2012-10-24,,,1180.00 
2012-10-25,,,1180.00 
2012-10-26,,,1180.00 
2012-10-29,,,1180.00 
2012-10-30,,,1180.00 
2012-10-31,,,1180.00 
2012-11-01,4972.00 ,4046.00 ,1180.00 
2012-11-02,,,1180.00 
2012-11-05,,,1180.00 
2012-11-06,,,1180.00 
2012-11-07,,,1180.00 
2012-11-08,,,1180.00 
2012-11-09,,,1180.00 
2012-11-12,,,1240.00 
2012-11-13,,,1240.00 
2012-11-14,,,1240.00 
2012-11-15,4960.00 ,4025.00 ,1240.00 
2012-11-16,,,1240.00 
2012-11-19,,,1240.00 
2012-11-20,,,1240.00 
2012-11-21,,,1240.00 
2012-11-22,,,1240.00 
2012-11-23,,,1240.00 
2012-11-26,,,1240.00 
2012-11-27,,,1240.00 
2012-11-28,,,1240.00 
2012-11-29,,,1240.00 
2012-11-30,,,1240.00 
2012-12-01,4955.00 ,4009.00 ,
2012-12-03,,,1240.00 
2012-12-04,,,1240.00 
2012-12-05,,,1240.00 
2012-12-06,,,1240.00 
2012-12-07,,,1240.00 
2012-12-10,,,1240.00 
2012-12-11,,,1240.00 
2012-12-12,,,1240.00 
2012-12-13,,,1240.00 
2012-12-14,,,1240.00 
2012-12-15,4958.00 ,4073.00 ,
2012-12-17,,,1240.00 
2012-12-18,,,1240.00 
2012-12-19,,,1240.00 
2012-12-20,,,1240.00 
2012-12-21,,,1240.00 
2012-12-24,,,1240.00 
2012-12-25,,,1240.00 
2012-12-26,,,1240.00 
2012-12-27,,,1240.00 
2012-12-28,,,1240.00 
2012-12-31,,,1240.00 
2013-01-01,4992.00 ,4134.00 ,
2013-01-04,,,1240.00 
2013-01-05,,,1240.00 
2013-01-06,,,1280.00 
2013-01-07,,,1280.00 
2013-01-08,,,1280.00 
2013-01-09,,,1280.00 
2013-01-10,,,1280.00 
2013-01-11,,,1280.00 
2013-01-14,,,1280.00 
2013-01-15,4998.00 ,4131.00 ,1280.00 
2013-01-16,,,1280.00 
2013-01-17,,,1280.00 
2013-01-18,,,1280.00 
2013-01-21,,,1280.00 
2013-01-22,,,1280.00 
2013-01-23,,,1280.00 
2013-01-24,,,1280.00 
2013-01-25,,,1280.00 
2013-01-28,,,1280.00 
2013-01-29,,,1280.00 
2013-01-30,,,1280.00 
2013-01-31,,,1280.00 
2013-02-01,5028.00 ,4200.00 ,1280.00 
2013-02-04,,,1280.00 
2013-02-05,,,1280.00 
2013-02-06,,,1280.00 
2013-02-07,,,1280.00 
2013-02-08,,,1280.00 
2013-02-15,5065.00 ,4194.00 ,
2013-02-16,,,1280.00 
2013-02-17,,,1280.00 
2013-02-18,,,1280.00 
2013-02-19,,,1280.00 
2013-02-20,,,1280.00 
2013-02-21,,,1280.00 
2013-02-22,,,1280.00 
2013-02-25,,,1280.00 
2013-02-26,,,1280.00 
2013-02-27,,,1280.00 
2013-02-28,,,1280.00 
2013-03-01,5042.00 ,4107.00 ,1280.00 
2013-03-04,,,1280.00 
2013-03-05,,,1280.00 
2013-03-06,,,1280.00 
2013-03-07,,,1280.00 
2013-03-08,,,1280.00 
2013-03-11,,,1280.00 
2013-03-12,,,1280.00 
2013-03-13,,,1280.00 
2013-03-14,,,1280.00 
2013-03-15,5014.00 ,4063.00 ,1280.00 
2013-03-18,,,1280.00 
2013-03-19,,,1280.00 
2013-03-20,,,1280.00 
2013-03-21,,,1280.00 
2013-03-22,,,1280.00 
2013-03-25,,,1280.00 
2013-03-26,,,1280.00 
2013-03-27,,,1280.00 
2013-03-28,,,1280.00 
2013-03-29,,,1280.00 
2013-04-01,4990.00 ,4030.00 ,1280.00 
2013-04-02,,,1220.00 
2013-04-03,,,1220.00 
2013-04-07,,,1220.00 
2013-04-08,,,1220.00 
2013-04-09,,,1220.00 
2013-04-10,,,1220.00 
2013-04-11,,,1220.00 
2013-04-12,,,1220.00 
2013-04-15,4967.00 ,3969.00 ,1220.00 
2013-04-16,,,1220.00 
2013-04-17,,,1220.00 
2013-04-18,,,1220.00 
2013-04-19,,,1220.00 
2013-04-22,,,1220.00 
2013-04-23,,,1220.00 
2013-04-24,,,1220.00 
2013-04-25,,,1220.00 
2013-04-26,,,1170.00 
2013-04-27,,,1170.00 
2013-04-28,,,1170.00 
2013-05-01,4888.00 ,3885.00 ,
2013-05-02,,,1170.00 
2013-05-03,,,1170.00 
2013-05-06,,,1170.00 
2013-05-07,,,1150.00 
2013-05-08,,,1150.00 
2013-05-09,,,1150.00 
2013-05-10,,,1150.00 
2013-05-13,,,1150.00 
2013-05-14,,,1150.00 
2013-05-15,4822.00 ,3816.00 ,1150.00 
2013-05-16,,,1150.00 
2013-05-17,,,1150.00 
2013-05-20,,,1150.00 
2013-05-21,,,1150.00 
2013-05-22,,,1150.00 
2013-05-23,,,1150.00 
2013-05-24,,,1150.00 
2013-05-27,,,1150.00 
2013-05-28,,,1150.00 
2013-05-29,,,1150.00 
2013-05-30,,,1150.00 
2013-05-31,,,1150.00 
2013-06-01,4770.00 ,3789.00 ,
2013-06-03,,,1150.00 
2013-06-04,,,1090.00 
2013-06-05,,,1090.00 
2013-06-06,,,1090.00 
2013-06-07,,,1090.00 
2013-06-08,,,1090.00 
2013-06-09,,,1090.00 
2013-06-13,,,1090.00 
2013-06-14,,,1090.00 
2013-06-15,4741.00 ,3754.00 ,
2013-06-17,,,1030.00 
2013-06-18,,,1030.00 
2013-06-19,,,1030.00 
2013-06-20,,,1030.00 
2013-06-21,,,1030.00 
2013-06-24,,,1030.00 
2013-06-25,,,1030.00 
2013-06-26,,,1030.00 
2013-06-27,,,1030.00 
2013-06-28,,,1030.00 
2013-07-01,4721.00 ,3782.00 ,1030.00 
2013-07-02,,,1030.00 
2013-07-03,,,1030.00 
2013-07-04,,,1030.00 
2013-07-05,,,1030.00 
2013-07-08,,,1030.00 
2013-07-09,,,1030.00 
2013-07-10,,,1030.00 
2013-07-11,,,1030.00 
2013-07-12,,,1030.00 
2013-07-15,4735.00 ,3831.00 ,1030.00 
2013-07-16,,,1030.00 
2013-07-17,,,1030.00 
2013-07-18,,,1030.00 
2013-07-19,,,1030.00 
2013-07-22,,,1030.00 
2013-07-23,,,1030.00 
2013-07-24,,,1030.00 
2013-07-25,,,1030.00 
2013-07-26,,,1030.00 
2013-07-29,,,1030.00 
2013-07-30,,,1030.00 
2013-07-31,,,1030.00 
2013-08-01,4749.00 ,3845.00 ,1030.00 
2013-08-02,,,1030.00 
2013-08-05,,,1030.00 
2013-08-06,,,1050.00 
2013-08-07,,,1050.00 
2013-08-08,,,1050.00 
2013-08-09,,,1050.00 
2013-08-12,,,1050.00 
2013-08-13,,,1050.00 
2013-08-14,,,1050.00 
2013-08-15,4782.00 ,3858.00 ,1050.00 
2013-08-16,,,1050.00 
2013-08-19,,,1050.00 
2013-08-20,,,1050.00 
2013-08-21,,,1050.00 
2013-08-22,,,1050.00 
2013-08-23,,,1050.00 
2013-08-26,,,1050.00 
2013-08-27,,,1050.00 
2013-08-28,,,1050.00 
2013-08-29,,,1050.00 
2013-08-30,,,1050.00 
2013-09-01,4769.00 ,3833.00 ,
2013-09-02,,,1050.00 
2013-09-03,,,1080.00 
2013-09-04,,,1080.00 
2013-09-05,,,1080.00 
2013-09-06,,,1080.00 
2013-09-09,,,1080.00 
2013-09-10,,,1080.00 
2013-09-11,,,1080.00 
2013-09-12,,,1080.00 
2013-09-13,,,1080.00 
2013-09-15,4748.00 ,3804.00 ,
2013-09-16,,,1080.00 
2013-09-17,,,1080.00 
2013-09-18,,,1080.00 
2013-09-22,,,1080.00 
2013-09-23,,,1080.00 
2013-09-24,,,1080.00 
2013-09-25,,,1080.00 
2013-09-26,,,1080.00 
2013-09-27,,,1080.00 
2013-09-29,,,1080.00 
2013-09-30,,,1080.00 
2013-10-01,4744.00 ,3787.00 ,
2013-10-08,,,1080.00 
2013-10-09,,,1080.00 
2013-10-10,,,1080.00 
2013-10-11,,,1080.00 
2013-10-12,,,1080.00 
2013-10-14,,,1080.00 
2013-10-15,4730.00 ,3761.00 ,1080.00 
2013-10-16,,,1080.00 
2013-10-17,,,1080.00 
2013-10-18,,,1080.00 
2013-10-21,,,1080.00 
2013-10-22,,,1080.00 
2013-10-23,,,1080.00 
2013-10-24,,,1080.00 
2013-10-25,,,1080.00 
2013-10-28,,,1080.00 
2013-10-29,,,1080.00 
2013-10-30,,,1080.00 
2013-10-31,,,1080.00 
2013-11-01,4724.00 ,3735.00 ,1080.00 
2013-11-04,,,1080.00 
2013-11-05,,,1080.00 
2013-11-06,,,1080.00 
2013-11-07,,,1080.00 
2013-11-08,,,1080.00 
2013-11-11,,,1080.00 
2013-11-12,,,1080.00 
2013-11-13,,,1080.00 
2013-11-14,,,1080.00 
2013-11-15,4720.00 ,3725.00 ,1080.00 
2013-11-18,,,1080.00 
2013-11-19,,,1080.00 
2013-11-20,,,1080.00 
2013-11-21,,,1080.00 
2013-11-22,,,1080.00 
2013-11-25,,,1080.00 
2013-11-26,,,1080.00 
2013-11-27,,,1080.00 
2013-11-28,,,1080.00 
2013-11-29,,,1080.00 
2013-12-01,4707.00 ,3725.00 ,
2013-12-02,,,1080.00 
2013-12-03,,,1080.00 
2013-12-04,,,1080.00 
2013-12-05,,,1080.00 
2013-12-06,,,1080.00 
2013-12-09,,,1080.00 
2013-12-10,,,1080.00 
2013-12-11,,,1080.00 
2013-12-12,,,1080.00 
2013-12-13,,,1080.00 
2013-12-15,4699.00 ,3722.00 ,
2013-12-16,,,1080.00 
2013-12-17,,,1080.00 
2013-12-18,,,1080.00 
2013-12-19,,,1080.00 
2013-12-20,,,1080.00 
2013-12-23,,,1080.00 
2013-12-24,,,1080.00 
2013-12-25,,,1080.00 
2013-12-26,,,1080.00 
2013-12-27,,,1080.00 
2013-12-30,,,1080.00 
2013-12-31,,,1080.00 
2014-01-01,4671.00 ,3703.00 ,
2014-01-02,,,1080.00 
2014-01-03,,,1080.00 
2014-01-06,,,1080.00 
2014-01-07,,,1080.00 
2014-01-08,,,1080.00 
2014-01-09,,,1080.00 
2014-01-10,,,1080.00 
2014-01-13,,,1080.00 
2014-01-14,,,1080.00 
2014-01-15,4679.00 ,3686.00 ,1080.00 
2014-01-16,,,1080.00 
2014-01-17,,,1080.00 
2014-01-20,,,1080.00 
2014-01-21,,,1080.00 
2014-01-22,,,1080.00 
2014-01-23,,,1080.00 
2014-01-24,,,1080.00 
2014-01-26,,,1080.00 
2014-01-27,,,1080.00 
2014-01-28,,,1080.00 
2014-01-29,,,1080.00 
2014-02-01,4677.00 ,3675.00 ,
2014-02-07,,,1080.00 
2014-02-08,,,1080.00 
2014-02-10,,,1080.00 
2014-02-11,,,1080.00 
2014-02-12,,,1080.00 
2014-02-13,,,1080.00 
2014-02-14,,,1035.00 
2014-02-15,4664.00 ,3659.00 ,
2014-02-17,,,1035.00 
2014-02-18,,,1035.00 
2014-02-19,,,1035.00 
2014-02-20,,,1035.00 
2014-02-21,,,1035.00 
2014-02-24,,,1035.00 
2014-02-25,,,1035.00 
2014-02-26,,,1010.00 
2014-02-27,,,1010.00 
2014-02-28,,,1010.00 
2014-03-01,4647.00 ,3629.00 ,
2014-03-03,,,1010.00 
2014-03-04,,,1010.00 
2014-03-05,,,1010.00 
2014-03-06,,,1010.00 
2014-03-07,,,1010.00 
2014-03-10,,,1010.00 
2014-03-11,,,1010.00 
2014-03-12,,,1010.00 
2014-03-13,,,1010.00 
2014-03-14,,,1010.00 
2014-03-15,4646.00 ,3603.00 ,
2014-03-17,,,1010.00 
2014-03-18,,,1010.00 
2014-03-19,,,950.00 
2014-03-20,,,950.00 
2014-03-21,,,950.00 
2014-03-24,,,950.00 
2014-03-25,,,950.00 
2014-03-26,,,950.00 
2014-03-27,,,950.00 
2014-03-28,,,950.00 
2014-03-31,,,950.00 
2014-04-01,4660.00 ,3629.00 ,950.00 
2014-04-02,,,950.00 
2014-04-03,,,950.00 
2014-04-04,,,950.00 
2014-04-08,,,950.00 
2014-04-09,,,950.00 
2014-04-10,,,950.00 
2014-04-11,,,950.00 
2014-04-14,,,950.00 
2014-04-15,4663.00 ,3639.00 ,950.00 
2014-04-16,,,950.00 
2014-04-17,,,950.00 
2014-04-18,,,950.00 
2014-04-21,,,950.00 
2014-04-22,,,950.00 
2014-04-23,,,950.00 
2014-04-24,,,950.00 
2014-04-25,,,950.00 
2014-04-28,,,950.00 
2014-04-29,,,950.00 
2014-04-30,,,950.00 
2014-05-01,4662.00 ,3688.00 ,
2014-05-04,,,950.00 
2014-05-05,,,950.00 
2014-05-06,,,950.00 
2014-05-07,,,950.00 
2014-05-08,,,950.00 
2014-05-09,,,950.00 
2014-05-12,,,950.00 
2014-05-13,,,950.00 
2014-05-14,,,950.00 
2014-05-15,4631.00 ,3631.00 ,950.00 
2014-05-16,,,950.00 
2014-05-19,,,950.00 
2014-05-20,,,950.00 
2014-05-21,,,950.00 
2014-05-22,,,950.00 
2014-05-23,,,950.00 
2014-05-26,,,950.00 
2014-05-27,,,950.00 
2014-05-28,,,950.00 
2014-05-29,,,950.00 
2014-05-30,,,950.00 
2014-06-01,4637.00 ,3629.00 ,
2014-06-03,,,950.00 
2014-06-04,,,950.00 
2014-06-05,,,950.00 
2014-06-06,,,950.00 
2014-06-09,,,950.00 
2014-06-10,,,950.00 
2014-06-11,,,950.00 
2014-06-12,,,950.00 
2014-06-13,,,950.00 
2014-06-15,4631.00 ,3602.00 ,
2014-06-16,,,950.00 
2014-06-17,,,950.00 
2014-06-18,,,950.00 
2014-06-19,,,950.00 
2014-06-20,,,950.00 
2014-06-23,,,950.00 
2014-06-24,,,950.00 
2014-06-25,,,950.00 
2014-06-26,,,950.00 
2014-06-27,,,950.00 
2014-06-30,,,950.00 
2014-07-01,4620.00 ,3593.00 ,950.00 
2014-07-02,,,950.00 
2014-07-03,,,950.00 
2014-07-04,,,950.00 
2014-07-07,,,950.00 
2014-07-08,,,950.00 
2014-07-09,,,950.00 
2014-07-10,,,950.00 
2014-07-11,,,950.00 
2014-07-14,,,950.00 
2014-07-15,4623.00 ,3588.00 ,950.00 
2014-07-16,,,950.00 
2014-07-17,,,950.00 
2014-07-18,,,950.00 
2014-07-21,,,950.00 
2014-07-22,,,950.00 
2014-07-23,,,950.00 
2014-07-24,,,950.00 
2014-07-25,,,950.00 
2014-07-28,,,900.00 
2014-07-29,,,900.00 
2014-07-30,,,860.00 
2014-07-31,,,860.00 
2014-08-01,4575.00 ,3579.00 ,860.00 
2014-08-04,,,860.00 
2014-08-05,,,860.00 
2014-08-06,,,860.00 
2014-08-07,,,860.00 
2014-08-08,,,860.00 
2014-08-11,,,860.00 
2014-08-12,,,860.00 
2014-08-13,,,860.00 
2014-08-14,,,860.00 
2014-08-15,4542.00 ,3523.00 ,860.00 
2014-08-18,,,860.00 
2014-08-19,,,860.00 
2014-08-20,,,860.00 
2014-08-21,,,860.00 
2014-08-22,,,860.00 
2014-08-25,,,860.00 
2014-08-26,,,860.00 
2014-08-27,,,860.00 
2014-08-28,,,860.00 
2014-08-29,,,860.00 
2014-09-01,4535.00 ,3455.00 ,860.00 
2014-09-02,,,860.00 
2014-09-03,,,860.00 
2014-09-04,,,860.00 
2014-09-05,,,860.00 
2014-09-09,,,860.00 
2014-09-10,,,860.00 
2014-09-11,,,860.00 
2014-09-12,,,860.00 
2014-09-15,4516.00 ,3385.00 ,860.00 
2014-09-16,,,860.00 
2014-09-17,,,860.00 
2014-09-18,,,860.00 
2014-09-19,,,860.00 
2014-09-22,,,860.00 
2014-09-23,,,860.00 
2014-09-24,,,860.00 
2014-09-25,,,860.00 
2014-09-26,,,860.00 
2014-09-28,,,860.00 
2014-09-29,,,860.00 
2014-09-30,,,860.00 
2014-10-01,4483.00 ,3354.00 ,
2014-10-08,,,860.00 
2014-10-09,,,860.00 
2014-10-10,,,860.00 
2014-10-11,,,860.00 
2014-10-13,,,860.00 
2014-10-14,,,860.00 
2014-10-15,4491.00 ,3362.00 ,860.00 
2014-10-16,,,860.00 
2014-10-17,,,860.00 
2014-10-20,,,860.00 
2014-10-21,,,860.00 
2014-10-22,,,860.00 
2014-10-23,,,860.00 
2014-10-24,,,860.00 
2014-10-27,,,860.00 
2014-10-28,,,860.00 
2014-10-29,,,860.00 
2014-10-30,,,860.00 
2014-10-31,,,860.00 
2014-11-01,4476.00 ,3338.00 ,
2014-11-03,,,860.00 
2014-11-04,,,860.00 
2014-11-05,,,860.00 
2014-11-06,,,860.00 
2014-11-07,,,860.00 
2014-11-10,,,860.00 
2014-11-11,,,860.00 
2014-11-12,,,860.00 
2014-11-13,,,860.00 
2014-11-14,,,860.00 
2014-11-15,4462.00 ,3319.00 ,
2014-11-17,,,860.00 
2014-11-18,,,860.00 
2014-11-19,,,860.00 
2014-11-20,,,860.00 
2014-11-21,,,860.00 
2014-11-24,,,860.00 
2014-11-25,,,860.00 
2014-11-26,,,860.00 
2014-11-27,,,860.00 
2014-11-28,,,860.00 
2014-12-01,4454.00 ,3318.00 ,860.00 
2014-12-02,,,860.00 
2014-12-03,,,860.00 
2014-12-04,,,860.00 
2014-12-05,,,860.00 
2014-12-08,,,860.00 
2014-12-09,,,860.00 
2014-12-10,,,860.00 
2014-12-11,,,860.00 
2014-12-12,,,860.00 
2014-12-15,4431.00 ,3303.00 ,860.00 
2014-12-16,,,860.00 
2014-12-17,,,860.00 
2014-12-18,,,860.00 
2014-12-19,,,860.00 
2014-12-22,,,860.00 
2014-12-23,,,860.00 
2014-12-24,,,860.00 
2014-12-25,,,860.00 
2014-12-26,,,860.00 
2014-12-29,,,860.00 
2014-12-30,,,860.00 
2014-12-31,,,860.00 
2015-01-01,4379.00 ,3273.00 ,
2015-01-04,,,860.00 
2015-01-05,,,860.00 
2015-01-06,,,860.00 
2015-01-07,,,860.00 
2015-01-08,,,860.00 
2015-01-09,,,860.00 
2015-01-12,,,860.00 
2015-01-13,,,860.00 
2015-01-14,,,860.00 
2015-01-15,4256.00 ,3088.00 ,860.00 
2015-01-16,,,860.00 
2015-01-19,,,860.00 
2015-01-20,,,860.00 
2015-01-21,,,860.00 
2015-01-22,,,860.00 
2015-01-23,,,860.00 
2015-01-26,,,860.00 
2015-01-27,,,860.00 
2015-01-28,,,860.00 
2015-01-29,,,860.00 
2015-01-30,,,860.00 
2015-02-01,4193.00 ,3009.00 ,
2015-02-02,,,860.00 
2015-02-03,,,860.00 
2015-02-04,,,860.00 
2015-02-05,,,860.00 
2015-02-06,,,860.00 
2015-02-09,,,860.00 
2015-02-10,,,860.00 
2015-02-11,,,860.00 
2015-02-12,,,860.00 
2015-02-13,,,860.00 
2015-02-15,4180.00 ,2983.00 ,860.00 
2015-02-16,,,860.00 
2015-02-17,,,860.00 
2015-02-25,,,860.00 
2015-02-26,,,860.00 
2015-02-27,,,860.00 
2015-02-28,,,860.00 
2015-03-01,4143.00 ,2935.00 ,
2015-03-02,,,860.00 
2015-03-03,,,860.00 
2015-03-04,,,860.00 
2015-03-05,,,860.00 
2015-03-06,,,860.00 
2015-03-09,,,860.00 
2015-03-10,,,860.00 
2015-03-11,,,860.00 
2015-03-12,,,860.00 
2015-03-13,,,860.00 
2015-03-15,4135.00 ,2947.00 ,
2015-03-16,,,860.00 
2015-03-17,,,860.00 
2015-03-18,,,860.00 
2015-03-19,,,860.00 
2015-03-20,,,860.00 
2015-03-23,,,860.00 
2015-03-24,,,860.00 
2015-03-25,,,860.00 
2015-03-26,,,860.00 
2015-03-27,,,840.00 
2015-03-30,,,840.00 
2015-03-31,,,840.00 
2015-04-01,4084.00 ,2880.00 ,840.00 
2015-04-02,,,840.00 
2015-04-03,,,840.00 
2015-04-07,,,840.00 
2015-04-08,,,840.00 
2015-04-09,,,840.00 
2015-04-10,,,840.00 
2015-04-13,,,840.00 
2015-04-14,,,840.00 
2015-04-15,4027.00 ,2849.00 ,840.00 
2015-04-16,,,840.00 
2015-04-17,,,840.00 
2015-04-20,,,840.00 
2015-04-21,,,840.00 
2015-04-22,,,840.00 
2015-04-23,,,840.00 
2015-04-24,,,840.00 
2015-04-27,,,840.00 
2015-04-28,,,840.00 
2015-04-29,,,840.00 
2015-04-30,,,830.00 
2015-05-01,3946.00 ,2814.00 ,
2015-05-04,,,830.00 
2015-05-05,,,830.00 
2015-05-06,,,830.00 
2015-05-07,,,830.00 
2015-05-08,,,830.00 
2015-05-11,,,830.00 
2015-05-12,,,770.00 
2015-05-13,,,770.00 
2015-05-14,,,770.00 
2015-05-15,3908.00 ,2767.00 ,770.00 
2015-05-18,,,720.00 
2015-05-19,,,720.00 
2015-05-20,,,720.00 
2015-05-21,,,720.00 
2015-05-22,,,720.00 
2015-05-25,,,720.00 
2015-05-26,,,720.00 
2015-05-27,,,720.00 
2015-05-28,,,720.00 
2015-05-29,,,720.00 
2015-06-01,3847.00 ,2730.00 ,720.00 
2015-06-02,,,720.00 
2015-06-03,,,720.00 
2015-06-04,,,720.00 
2015-06-05,,,720.00 
2015-06-08,,,720.00 
2015-06-09,,,720.00 
2015-06-10,,,720.00 
2015-06-11,,,720.00 
2015-06-12,,,720.00 
2015-06-15,3778.00 ,2675.00 ,720.00 
2015-06-16,,,720.00 
2015-06-17,,,720.00 
2015-06-18,,,720.00 
2015-06-19,,,720.00 
2015-06-23,,,720.00 
2015-06-24,,,720.00 
2015-06-25,,,720.00 
2015-06-26,,,720.00 
2015-06-29,,,720.00 
2015-06-30,,,720.00 
2015-07-01,3636.00 ,2534.00 ,720.00 
2015-07-02,,,720.00 
2015-07-03,,,720.00 
2015-07-06,,,720.00 
2015-07-07,,,720.00 
2015-07-08,,,720.00 
2015-07-09,,,720.00 
2015-07-10,,,720.00 
2015-07-13,,,720.00 
2015-07-14,,,720.00 
2015-07-15,3612.00 ,2525.00 ,720.00 
2015-07-16,,,720.00 
2015-07-17,,,720.00 
2015-07-20,,,720.00 
2015-07-21,,,720.00 
2015-07-22,,,720.00 
2015-07-23,,,720.00 
2015-07-24,,,720.00 
2015-07-27,,,720.00 
2015-07-28,,,720.00 
2015-07-29,,,720.00 
2015-07-30,,,720.00 
2015-07-31,,,720.00 
2015-08-01,3605.00 ,2534.00 ,
2015-08-03,,,720.00 
2015-08-04,,,720.00 
2015-08-05,,,720.00 
2015-08-06,,,720.00 
2015-08-07,,,720.00 
2015-08-10,,,720.00 
2015-08-11,,,720.00 
2015-08-12,,,720.00 
2015-08-13,,,720.00 
2015-08-14,,,720.00 
2015-08-15,3550.00 ,2486.00 ,
2015-08-17,,,720.00 
2015-08-18,,,720.00 
2015-08-19,,,690.00 
2015-08-20,,,690.00 
2015-08-21,,,690.00 
2015-08-24,,,690.00 
2015-08-25,,,690.00 
2015-08-26,,,690.00 
2015-08-27,,,690.00 
2015-08-28,,,690.00 
2015-08-31,,,690.00 
2015-09-01,3503.00 ,2447.00 ,690.00 
2015-09-02,,,690.00 
2015-09-06,,,690.00 
2015-09-07,,,690.00 
2015-09-08,,,690.00 
2015-09-09,,,690.00 
2015-09-10,,,690.00 
2015-09-11,,,690.00 
2015-09-14,,,690.00 
2015-09-15,3452.00 ,2407.00 ,690.00 
2015-09-16,,,690.00 
2015-09-17,,,690.00 
2015-09-18,,,690.00 
2015-09-21,,,690.00 
2015-09-22,,,690.00 
2015-09-23,,,690.00 
2015-09-24,,,690.00 
2015-09-25,,,690.00 
2015-09-28,,,690.00 
2015-09-29,,,690.00 
2015-09-30,,,690.00 
2015-10-01,3395.00 ,2369.00 ,
2015-10-08,,,690.00 
2015-10-09,,,690.00 
2015-10-10,,,690.00 
2015-10-12,,,610.00 
2015-10-13,,,610.00 
2015-10-14,,,610.00 
2015-10-15,3322.00 ,2313.00 ,610.00 
2015-10-16,,,650.00 
2015-10-19,,,650.00 
2015-10-20,,,650.00 
2015-10-21,,,650.00 
2015-10-22,,,650.00 
2015-10-23,,,650.00 
2015-10-26,,,650.00 
2015-10-27,,,650.00 
2015-10-28,,,650.00 
2015-10-29,,,650.00 
2015-10-30,,,650.00 
2015-11-01,3251.00 ,2281.00 ,
2015-11-02,,,630.00 
2015-11-03,,,630.00 
2015-11-04,,,630.00 
2015-11-05,,,630.00 
2015-11-06,,,630.00 
2015-11-09,,,630.00 
2015-11-10,,,630.00 
2015-11-11,,,630.00 
2015-11-12,,,630.00 
2015-11-13,,,630.00 
2015-11-15,3201.00 ,2240.00 ,
2015-11-16,,,630.00 
2015-11-17,,,630.00 
2015-11-18,,,630.00 
2015-11-19,,,630.00 
2015-11-20,,,630.00 
2015-11-23,,,630.00 
2015-11-24,,,630.00 
2015-11-25,,,630.00 
2015-11-26,,,630.00 
2015-11-27,,,630.00 
2015-11-30,,,630.00 
2015-12-01,3153.00 ,2209.00 ,630.00 
2015-12-02,,,630.00 
2015-12-03,,,630.00 
2015-12-04,,,630.00 
2015-12-07,,,630.00 
2015-12-08,,,630.00 
2015-12-09,,,630.00 
2015-12-10,,,610.00 
2015-12-11,,,610.00 
2015-12-14,,,610.00 
2015-12-15,3153.00 ,2238.00 ,610.00 
2015-12-16,,,610.00 
2015-12-17,,,610.00 
2015-12-18,,,610.00 
2015-12-21,,,610.00 
2015-12-22,,,610.00 
2015-12-23,,,610.00 
2015-12-24,,,610.00 
2015-12-25,,,610.00 
2015-12-28,,,610.00 
2015-12-29,,,610.00 
2015-12-30,,,610.00 
2015-12-31,,,610.00 
2016-01-01,3158.00 ,2258.00 ,
2016-01-04,,,610.00 
2016-01-05,,,610.00 
2016-01-06,,,610.00 
2016-01-07,,,610.00 
2016-01-08,3178.00 ,2288.00 ,610.00 
2016-01-11,,,610.00 
2016-01-12,,,610.00 
2016-01-13,,,610.00 
2016-01-14,,,610.00 
2016-01-15,3183.00 ,2265.00 ,610.00 
2016-01-18,,,610.00 
2016-01-19,,,610.00 
2016-01-20,,,610.00 
2016-01-21,,,610.00 
2016-01-22,3180.00 ,2270.00 ,610.00 
2016-01-25,,,610.00 
2016-01-26,,,610.00 
2016-01-27,,,590.00 
2016-01-28,,,590.00 
2016-01-29,3177.00 ,2271.00 ,590.00 
2016-02-01,,,590.00 
2016-02-02,,,590.00 
2016-02-03,,,590.00 
2016-02-04,,,590.00 
2016-02-05,3188.00 ,2272.00 ,590.00 
2016-02-12,3194.00 ,2282.00 ,
2016-02-14,,,590.00 
2016-02-15,,,590.00 
2016-02-16,,,590.00 
2016-02-17,,,590.00 
2016-02-18,,,590.00 
2016-02-19,3199.00 ,2286.00 ,590.00 
2016-02-22,,,590.00 
2016-02-23,,,590.00 
2016-02-24,,,590.00 
2016-02-25,,,590.00 
2016-02-26,3225.00 ,2325.00 ,590.00 
2016-02-29,,,590.00 
2016-03-01,,,590.00 
2016-03-02,,,590.00 
2016-03-03,,,590.00 
2016-03-04,3245.00 ,2363.00 ,590.00 
2016-03-07,,,590.00 
2016-03-08,,,590.00 
2016-03-09,,,590.00 
2016-03-10,,,590.00 
2016-03-11,3504.00 ,2568.00 ,590.00 
2016-03-14,,,590.00 
2016-03-15,,,590.00 
2016-03-16,,,590.00 
2016-03-17,,,590.00 
2016-03-18,3521.00 ,2554.00 ,590.00 
2016-03-21,,,590.00 
2016-03-22,,,590.00 
2016-03-23,,,590.00 
2016-03-24,,,590.00 
2016-03-25,3564.00 ,2603.00 ,590.00 
2016-03-28,,,590.00 
2016-03-29,,,590.00 
2016-03-30,,,590.00 
2016-03-31,,,590.00 
2016-04-01,3629.00 ,2631.00 ,590.00 
2016-04-05,,,590.00 
2016-04-06,,,590.00 
2016-04-07,,,590.00 
2016-04-08,3677.00 ,2684.00 ,590.00 
2016-04-11,,,590.00 
2016-04-12,,,590.00 
2016-04-13,,,590.00 
2016-04-14,,,590.00 
2016-04-15,3803.00 ,2816.00 ,590.00 
2016-04-18,,,590.00 
2016-04-19,,,590.00 
2016-04-20,,,600.00 
2016-04-21,,,600.00 
2016-04-22,4007.00 ,3019.00 ,600.00 
2016-04-25,,,600.00 
2016-04-26,,,600.00 
2016-04-27,,,600.00 
2016-04-28,,,600.00 
2016-04-29,4040.00 ,3055.00 ,600.00 
2016-05-03,,,650.00 
2016-05-04,,,650.00 
2016-05-05,,,650.00 
2016-05-06,4037.00 ,3038.00 ,650.00 
2016-05-09,,,650.00 
2016-05-10,,,650.00 
2016-05-11,,,650.00 
2016-05-12,,,650.00 
2016-05-13,3950.00 ,2897.00 ,650.00 
2016-05-16,,,650.00 
2016-05-17,,,700.00 
2016-05-18,,,700.00 
2016-05-19,,,700.00 
2016-05-20,3900.00 ,2838.00 ,700.00 
2016-05-23,,,700.00 
2016-05-24,,,700.00 
2016-05-25,,,700.00 
2016-05-26,,,700.00 
2016-05-27,3837.00 ,2774.00 ,700.00 
2016-05-30,,,700.00 
2016-05-31,,,700.00 
2016-06-01,,,740.00 
2016-06-02,,,740.00 
2016-06-03,3772.00 ,2735.00 ,740.00 
2016-06-06,,,740.00 
2016-06-07,,,740.00 
2016-06-08,,,740.00 
2016-06-10,3755.00 ,2743.00 ,
2016-06-12,,,740.00 
2016-06-13,,,740.00 
2016-06-14,,,740.00 
2016-06-15,,,740.00 
2016-06-16,,,740.00 
2016-06-17,3726.00 ,2738.00 ,740.00 
2016-06-20,,,740.00 
2016-06-21,,,740.00 
2016-06-22,,,740.00 
2016-06-23,,,740.00 
2016-06-24,3712.00 ,2724.00 ,740.00 
2016-06-27,,,740.00 
2016-06-28,,,740.00 
2016-06-29,,,740.00 
2016-06-30,,,740.00 
2016-07-01,3725.00 ,2731.00 ,740.00 
2016-07-04,,,740.00 
2016-07-05,,,740.00 
2016-07-06,,,740.00 
2016-07-07,,,740.00 
2016-07-08,3734.00 ,2747.00 ,740.00 
2016-07-11,,,740.00 
2016-07-12,,,740.00 
2016-07-13,,,740.00 
2016-07-14,,,740.00 
2016-07-15,3745.00 ,2788.00 ,720.00 
2016-07-18,,,720.00 
2016-07-19,,,720.00 
2016-07-20,,,720.00 
2016-07-21,,,720.00 
2016-07-22,3738.00 ,2778.00 ,720.00 
2016-07-25,,,720.00 
2016-07-26,,,720.00 
2016-07-27,,,720.00 
2016-07-28,,,720.00 
2016-07-29,3746.00 ,2793.00 ,720.00 
2016-08-01,,,720.00 
2016-08-02,,,720.00 
2016-08-03,,,720.00 
2016-08-04,,,740.00 
2016-08-05,3765.00 ,2818.00 ,740.00 
2016-08-08,,,740.00 
2016-08-09,,,740.00 
2016-08-10,,,740.00 
2016-08-11,,,740.00 
2016-08-12,3790.00 ,2844.00 ,740.00 
2016-08-15,,,740.00 
2016-08-16,,,740.00 
2016-08-17,,,740.00 
2016-08-18,,,740.00 
2016-08-19,3861.00 ,2887.00 ,740.00 
2016-08-22,,,760.00 
2016-08-23,,,760.00 
2016-08-24,,,760.00 
2016-08-25,,,760.00 
2016-08-26,3899.00 ,2936.00 ,760.00 
2016-08-29,,,760.00 
2016-08-30,,,760.00 
2016-08-31,,,760.00 
2016-09-01,,,810.00 
2016-09-02,3914.00 ,2936.00 ,810.00 
2016-09-05,,,800.00 
2016-09-06,,,800.00 
2016-09-07,,,800.00 
2016-09-08,,,800.00 
2016-09-09,3915.00 ,2931.00 ,800.00 
2016-09-12,,,840.00 
2016-09-13,,,840.00 
2016-09-14,,,840.00 
2016-09-16,3906.00 ,2908.00 ,
2016-09-18,,,840.00 
2016-09-19,,,840.00 
2016-09-20,,,840.00 
2016-09-21,,,920.00 
2016-09-22,,,920.00 
2016-09-23,3905.00 ,2903.00 ,920.00 
2016-09-26,,,920.00 
2016-09-27,,,920.00 
2016-09-28,,,920.00 
2016-09-29,,,920.00 
2016-09-30,3916.00 ,2920.00 ,920.00 
2016-10-07,3931.00 ,2926.00 ,
2016-10-08,,,1020.00 
2016-10-09,,,1020.00 
2016-10-10,,,1020.00 
2016-10-11,,,1020.00 
2016-10-12,,,1020.00 
2016-10-13,,,1020.00 
2016-10-14,3955.00 ,2956.00 ,1020.00 
2016-10-17,,,1090.00 
2016-10-18,,,1090.00 
2016-10-19,,,1090.00 
2016-10-20,,,1090.00 
2016-10-21,3993.00 ,3020.00 ,1090.00 
2016-10-24,,,1090.00 
2016-10-25,,,1090.00 
2016-10-26,,,1160.00 
2016-10-27,,,1160.00 
2016-10-28,4020.00 ,3051.00 ,1160.00 
2016-10-31,,,1160.00 
2016-11-01,,,1160.00 
2016-11-02,,,1160.00 
2016-11-03,,,1160.00 
2016-11-04,4087.00 ,3137.00 ,1260.00 
2016-11-07,,,1260.00 
2016-11-08,,,1260.00 
2016-11-09,,,1260.00 
2016-11-10,,,1260.00 
2016-11-11,4192.00 ,3281.00 ,1260.00 
2016-11-14,,,1260.00 
2016-11-15,,,1260.00 
2016-11-16,,,1380.00 
2016-11-17,,,1380.00 
2016-11-18,4236.00 ,3308.00 ,1380.00 
2016-11-21,,,1380.00 
2016-11-22,,,1380.00 
2016-11-23,,,1380.00 
2016-11-24,,,1380.00 
2016-11-25,4316.00 ,3372.00 ,1380.00 
2016-11-28,,,1380.00 
2016-11-29,,,1380.00 
2016-11-30,,,1380.00 
2016-12-01,,,1380.00 
2016-12-02,4404.00 ,3466.00 ,1380.00 
2016-12-05,,,1380.00 
2016-12-06,,,1380.00 
2016-12-07,,,1380.00 
2016-12-08,,,1380.00 
2016-12-09,4497.00 ,3566.00 ,1380.00 
2016-12-12,,,1380.00 
2016-12-13,,,1380.00 
2016-12-14,,,1380.00 
2016-12-15,,,1380.00 
2016-12-16,4590.00 ,3687.00 ,1380.00 
2016-12-19,,,1380.00 
2016-12-20,,,1380.00 
2016-12-21,,,1380.00 
2016-12-22,,,1380.00 
2016-12-23,4620.00 ,3685.00 ,1380.00 
2016-12-26,,,1380.00 
2016-12-27,,,1380.00 
2016-12-28,,,1380.00 
2016-12-29,,,1380.00 
2016-12-30,4606.00 ,3677.00 ,1380.00 
2017-01-03,,,1380.00 
2017-01-04,,,1380.00 
2017-01-05,,,1380.00 
2017-01-06,4592.00 ,3665.00 ,1380.00 
2017-01-09,,,1380.00 
2017-01-10,,,1380.00 
2017-01-11,,,1380.00 
2017-01-12,,,1380.00 
2017-01-13,4607.00 ,3680.00 ,1380.00 
2017-01-16,,,1380.00 
2017-01-17,,,1380.00 
2017-01-18,,,1380.00 
2017-01-19,,,1380.00 
2017-01-20,4637.00 ,3681.00 ,1380.00 
2017-01-22,,,1380.00 
2017-01-23,,,1380.00 
2017-01-24,,,1380.00 
2017-01-25,,,1380.00 
2017-01-27,4650.00 ,3691.00 ,
2017-02-03,4655.00 ,3696.00 ,1380.00 
2017-02-04,,,1380.00 
2017-02-06,,,1380.00 
2017-02-07,,,1380.00 
2017-02-08,,,1380.00 
2017-02-09,,,1380.00 
2017-02-10,4692.00 ,3711.00 ,1380.00 
2017-02-13,,,1380.00 
2017-02-14,,,1380.00 
2017-02-15,,,1380.00 
2017-02-16,,,1380.00 
2017-02-17,4768.00 ,3794.00 ,1380.00 
2017-02-20,,,1380.00 
2017-02-21,,,1380.00 
2017-02-22,,,1380.00 
2017-02-23,,,1380.00 
2017-02-24,4808.00 ,3832.00 ,1380.00 
2017-02-27,,,1380.00 
2017-02-28,,,1380.00 
2017-03-01,,,1380.00 
2017-03-02,,,1380.00 
2017-03-03,4869.00 ,3861.00 ,1380.00 
2017-03-06,,,1380.00 
2017-03-07,,,1380.00 
2017-03-08,,,1380.00 
2017-03-09,,,1380.00 
2017-03-10,4856.00 ,3822.00 ,1380.00 
2017-03-13,,,1380.00 
2017-03-14,,,1380.00 
2017-03-15,,,1380.00 
2017-03-16,,,1380.00 
2017-03-17,4857.00 ,3820.00 ,1380.00 
2017-03-20,,,1380.00 
2017-03-21,,,1380.00 
2017-03-22,,,1380.00 
2017-03-23,,,1380.00 
2017-03-24,4835.00 ,3769.00 ,1380.00 
2017-03-27,,,1380.00 
2017-03-28,,,1380.00 
2017-03-29,,,1380.00 
2017-03-30,,,1380.00 
2017-03-31,4769.00 ,3703.00 ,1380.00 
2017-04-01,,,1380.00 
2017-04-05,,,1380.00 
2017-04-06,,,1380.00 
2017-04-07,4692.00 ,3648.00 ,1380.00 
2017-04-10,,,1380.00 
2017-04-11,,,1380.00 
2017-04-12,,,1380.00 
2017-04-13,,,1380.00 
2017-04-14,4607.00 ,3555.00 ,1380.00 
2017-04-17,,,1380.00 
2017-04-18,,,1380.00 
2017-04-19,,,1380.00 
2017-04-20,,,1380.00 
2017-04-21,4544.00 ,3420.00 ,1380.00 
2017-04-24,,,1380.00 
2017-04-25,,,1380.00 
2017-04-26,,,1380.00 
2017-04-27,,,1380.00 
2017-04-28,4539.00 ,3411.00 ,1380.00 
2017-05-02,,,1380.00 
2017-05-03,,,1380.00 
2017-05-04,,,1380.00 
2017-05-05,4544.00 ,3420.00 ,1380.00 
2017-05-08,,,1380.00 
2017-05-09,,,1380.00 
2017-05-10,,,1380.00 
2017-05-11,,,1380.00 
2017-05-12,4532.00 ,3408.00 ,1380.00 
2017-05-15,,,1380.00 
2017-05-16,,,1380.00 
2017-05-17,,,1380.00 
2017-05-18,,,1380.00 
2017-05-19,4541.00 ,3450.00 ,1380.00 
2017-05-22,,,1380.00 
2017-05-23,,,1330.00 
2017-05-24,,,1330.00 
2017-05-25,,,1330.00 
2017-05-26,4539.00 ,3499.00 ,1330.00 
2017-05-27,,,1330.00 
2017-05-31,,,1330.00 
2017-06-01,,,1330.00 
2017-06-02,4527.00 ,3513.00 ,1330.00 
2017-06-05,,,1330.00 
2017-06-06,,,1330.00 
2017-06-07,,,1330.00 
2017-06-08,,,1280.00 
2017-06-09,4482.00 ,3481.00 ,1280.00 
2017-06-12,,,1230.00 
2017-06-13,,,1230.00 
2017-06-14,,,1230.00 
2017-06-15,,,1230.00 
2017-06-16,4513.00 ,3533.00 ,1230.00 
2017-06-19,,,1230.00 
2017-06-20,,,1230.00 
2017-06-21,,,1230.00 
2017-06-22,,,1230.00 
2017-06-23,4527.00 ,3577.00 ,1230.00 
2017-06-26,,,1230.00 
2017-06-27,,,1230.00 
2017-06-28,,,1230.00 
2017-06-29,,,1230.00 
2017-06-30,4536.00 ,3654.00 ,1230.00 
2017-07-03,,,1230.00 
2017-07-04,,,1230.00 
2017-07-05,,,1230.00 
2017-07-06,,,1230.00 
2017-07-07,4591.00 ,3723.00 ,1230.00 
2017-07-10,,,1230.00 
2017-07-11,,,1230.00 
2017-07-12,,,1230.00 
2017-07-13,,,1230.00 
2017-07-14,4627.00 ,3789.00 ,1230.00 
2017-07-17,,,1230.00 
2017-07-18,,,1230.00 
2017-07-19,,,1230.00 
2017-07-20,,,1230.00 
2017-07-21,4659.00 ,3815.00 ,1230.00 
2017-07-24,,,1230.00 
2017-07-25,,,1260.00 
2017-07-26,,,1260.00 
2017-07-27,,,1260.00 
2017-07-28,4696.00 ,3858.00 ,1260.00 
2017-07-31,,,1260.00 
2017-08-01,,,1260.00 
2017-08-02,,,1280.00 
2017-08-03,,,1280.00 
2017-08-04,4753.00 ,3921.00 ,1280.00 
2017-08-07,,,1280.00 
2017-08-08,,,1280.00 
2017-08-09,,,1280.00 
2017-08-10,,,1280.00 
2017-08-11,4820.00 ,4071.00 ,1280.00 
2017-08-14,,,1280.00 
2017-08-15,,,1280.00 
2017-08-16,,,1280.00 
2017-08-17,,,1280.00 
2017-08-18,,,1280.00 
2017-08-21,,,1310.00 
2017-08-22,,,1310.00 
