指标名称,36大中城市日用工业消费品平均价格:白酒:500ml左右52度高档,36大中城市日用工业消费品平均价格:白酒:500ml左右52度中低档,白酒(折65度):销量:累计值,产量:白酒:当月值,价格:白酒:30年青花汾酒(53度):500ml:京东,价格:白酒:飞天茅台(53度):500ml:京东,价格:白酒:剑南春(52度):500ml:京东,价格:白酒:水井坊(52度):500ml:京东,价格:白酒:五粮液(52度):500ml:京东,价格:白酒:习酒窖藏1988(52度):500ml:京东,价格:白酒:洋河梦之蓝(M3)(52度):500ml:京东,价格:白酒:泸州老窖(52度):500ml:京东,申万行业指数:白酒
2010-01-04,,,,,,,,,,,,,9007.35 
2010-01-05,,,,,,,,,,,,,9023.49 
2010-01-06,,,,,,,,,,,,,8853.13 
2010-01-07,,,,,,,,,,,,,8633.63 
2010-01-08,,,,,,,,,,,,,8614.02 
2010-01-11,,,,,,,,,,,,,8549.82 
2010-01-12,,,,,,,,,,,,,8771.82 
2010-01-13,,,,,,,,,,,,,8644.38 
2010-01-14,,,,,,,,,,,,,9016.66 
2010-01-15,,,,,,,,,,,,,9047.01 
2010-01-18,,,,,,,,,,,,,9141.04 
2010-01-19,,,,,,,,,,,,,9058.97 
2010-01-20,,,,,,,,,,,,,8779.90 
2010-01-21,,,,,,,,,,,,,8800.17 
2010-01-22,,,,,,,,,,,,,8615.00 
2010-01-25,,,,,,,,,,,,,8692.47 
2010-01-26,,,,,,,,,,,,,8622.50 
2010-01-27,,,,,,,,,,,,,8422.04 
2010-01-28,,,,,,,,,,,,,8588.37 
2010-01-29,,,,,,,,,,,,,8646.08 
2010-01-31,,,,74.57 ,,,,,,,,,
2010-02-01,,,,,,,,,,,,,8720.86 
2010-02-02,,,,,,,,,,,,,8574.47 
2010-02-03,,,,,,,,,,,,,8565.77 
2010-02-04,,,,,,,,,,,,,8644.96 
2010-02-05,,,,,,,,,,,,,8628.42 
2010-02-08,,,,,,,,,,,,,8637.10 
2010-02-09,,,,,,,,,,,,,8628.06 
2010-02-10,,,,,,,,,,,,,8689.55 
2010-02-11,,,,,,,,,,,,,8778.79 
2010-02-12,,,,,,,,,,,,,8778.81 
2010-02-22,,,,,,,,,,,,,8597.76 
2010-02-23,,,,,,,,,,,,,8463.15 
2010-02-24,,,,,,,,,,,,,8557.43 
2010-02-25,,,,,,,,,,,,,8599.59 
2010-02-26,,,,,,,,,,,,,8502.45 
2010-02-28,,,,64.78 ,,,,,,,,,
2010-03-01,,,,,,,,,,,,,8526.94 
2010-03-02,,,,,,,,,,,,,8510.80 
2010-03-03,,,,,,,,,,,,,8518.15 
2010-03-04,,,,,,,,,,,,,8433.19 
2010-03-05,,,,,,,,,,,,,8427.33 
2010-03-08,,,,,,,,,,,,,8399.37 
2010-03-09,,,,,,,,,,,,,8390.09 
2010-03-10,,,,,,,,,,,,,8351.89 
2010-03-11,,,,,,,,,,,,,8315.46 
2010-03-12,,,,,,,,,,,,,8214.45 
2010-03-15,,,,,,,,,,,,,8040.82 
2010-03-16,,,,,,,,,,,,,8067.51 
2010-03-17,,,,,,,,,,,,,8217.80 
2010-03-18,,,,,,,,,,,,,8167.71 
2010-03-19,,,,,,,,,,,,,8244.57 
2010-03-22,,,,,,,,,,,,,8225.30 
2010-03-23,,,,,,,,,,,,,8211.40 
2010-03-24,,,,,,,,,,,,,8330.49 
2010-03-25,,,,,,,,,,,,,8272.65 
2010-03-26,,,,,,,,,,,,,8330.79 
2010-03-29,,,,,,,,,,,,,8447.26 
2010-03-30,,,,,,,,,,,,,8379.16 
2010-03-31,,,207.90 ,68.83 ,,,,,,,,,8296.96 
2010-04-01,,,,,,,,,,,,,8402.69 
2010-04-02,,,,,,,,,,,,,8203.85 
2010-04-06,,,,,,,,,,,,,8168.91 
2010-04-07,,,,,,,,,,,,,8219.23 
2010-04-08,,,,,,,,,,,,,8127.97 
2010-04-09,,,,,,,,,,,,,8188.43 
2010-04-12,,,,,,,,,,,,,8151.44 
2010-04-13,,,,,,,,,,,,,8237.95 
2010-04-14,,,,,,,,,,,,,8386.01 
2010-04-15,,,,,,,,,,,,,8325.03 
2010-04-16,,,,,,,,,,,,,8368.47 
2010-04-19,,,,,,,,,,,,,8161.19 
2010-04-20,,,,,,,,,,,,,8192.43 
2010-04-21,,,,,,,,,,,,,8466.59 
2010-04-22,,,,,,,,,,,,,8477.98 
2010-04-23,,,,,,,,,,,,,8311.37 
2010-04-26,,,,,,,,,,,,,8014.75 
2010-04-27,,,,,,,,,,,,,7800.14 
2010-04-28,,,,,,,,,,,,,7726.84 
2010-04-29,,,,,,,,,,,,,7711.89 
2010-04-30,,,,61.90 ,,,,,,,,,7537.36 
2010-05-04,,,,,,,,,,,,,7530.21 
2010-05-05,,,,,,,,,,,,,7715.24 
2010-05-06,,,,,,,,,,,,,7501.51 
2010-05-07,,,,,,,,,,,,,7500.22 
2010-05-10,,,,,,,,,,,,,7570.33 
2010-05-11,,,,,,,,,,,,,7473.97 
2010-05-12,,,,,,,,,,,,,7332.57 
2010-05-13,,,,,,,,,,,,,7512.58 
2010-05-14,,,,,,,,,,,,,7528.04 
2010-05-17,,,,,,,,,,,,,7176.65 
2010-05-18,,,,,,,,,,,,,7218.24 
2010-05-19,,,,,,,,,,,,,7221.35 
2010-05-20,,,,,,,,,,,,,7230.32 
2010-05-21,,,,,,,,,,,,,7423.43 
2010-05-24,,,,,,,,,,,,,7595.52 
2010-05-25,,,,,,,,,,,,,7391.97 
2010-05-26,,,,,,,,,,,,,7385.01 
2010-05-27,,,,,,,,,,,,,7478.06 
2010-05-28,,,,,,,,,,,,,7515.48 
2010-05-31,,,,67.14 ,,,,,,,,,7424.38 
2010-06-01,,,,,,,,,,,,,7411.91 
2010-06-02,,,,,,,,,,,,,7417.50 
2010-06-03,,,,,,,,,,,,,7422.81 
2010-06-04,,,,,,,,,,,,,7551.02 
2010-06-07,,,,,,,,,,,,,7693.26 
2010-06-08,,,,,,,,,,,,,7718.76 
2010-06-09,,,,,,,,,,,,,7903.82 
2010-06-10,,,,,,,,,,,,,7943.59 
2010-06-11,,,,,,,,,,,,,7831.76 
2010-06-17,,,,,,,,,,,,,7675.25 
2010-06-18,,,,,,,,,,,,,7455.07 
2010-06-21,,,,,,,,,,,,,7664.31 
2010-06-22,,,,,,,,,,,,,7596.61 
2010-06-23,,,,,,,,,,,,,7620.20 
2010-06-24,,,,,,,,,,,,,7560.16 
2010-06-25,,,,,,,,,,,,,7555.89 
2010-06-28,,,,,,,,,,,,,7400.97 
2010-06-29,,,,,,,,,,,,,7176.98 
2010-06-30,,,408.40 ,73.70 ,,,,,,,,,7208.77 
2010-07-01,,,,,,,,,,,,,7181.00 
2010-07-02,,,,,,,,,,,,,7127.48 
2010-07-05,,,,,,,,,,,,,7108.77 
2010-07-06,,,,,,,,,,,,,7229.14 
2010-07-07,,,,,,,,,,,,,7262.77 
2010-07-08,,,,,,,,,,,,,7269.36 
2010-07-09,,,,,,,,,,,,,7544.34 
2010-07-12,,,,,,,,,,,,,7517.62 
2010-07-13,,,,,,,,,,,,,7518.55 
2010-07-14,,,,,,,,,,,,,7505.68 
2010-07-15,,,,,,,,,,,,,7527.47 
2010-07-16,,,,,,,,,,,,,7668.03 
2010-07-19,,,,,,,,,,,,,7805.87 
2010-07-20,,,,,,,,,,,,,7875.82 
2010-07-21,,,,,,,,,,,,,7908.89 
2010-07-22,,,,,,,,,,,,,7978.35 
2010-07-23,,,,,,,,,,,,,8082.38 
2010-07-26,,,,,,,,,,,,,8216.24 
2010-07-27,,,,,,,,,,,,,8336.93 
2010-07-28,,,,,,,,,,,,,8394.98 
2010-07-29,,,,,,,,,,,,,8268.65 
2010-07-30,,,,,,,,,,,,,8222.04 
2010-07-31,,,,56.29 ,,,,,,,,,
2010-08-02,,,,,,,,,,,,,8556.31 
2010-08-03,,,,,,,,,,,,,8462.07 
2010-08-04,,,,,,,,,,,,,8622.46 
2010-08-05,,,,,,,,,,,,,8791.28 
2010-08-06,,,,,,,,,,,,,8821.55 
2010-08-09,,,,,,,,,,,,,8945.60 
2010-08-10,,,,,,,,,,,,,8616.24 
2010-08-11,,,,,,,,,,,,,8733.77 
2010-08-12,,,,,,,,,,,,,8795.08 
2010-08-13,,,,,,,,,,,,,8889.57 
2010-08-16,,,,,,,,,,,,,9068.75 
2010-08-17,,,,,,,,,,,,,9132.52 
2010-08-18,,,,,,,,,,,,,9019.93 
2010-08-19,,,,,,,,,,,,,8935.51 
2010-08-20,,,,,,,,,,,,,8740.30 
2010-08-23,,,,,,,,,,,,,8824.26 
2010-08-24,,,,,,,,,,,,,8899.86 
2010-08-25,,,,,,,,,,,,,8846.49 
2010-08-26,,,,,,,,,,,,,8876.27 
2010-08-27,,,,,,,,,,,,,8919.44 
2010-08-30,,,,,,,,,,,,,9397.14 
2010-08-31,,,,61.55 ,,,,,,,,,9393.09 
2010-09-01,,,,,,,,,,,,,9252.15 
2010-09-02,,,,,,,,,,,,,9404.92 
2010-09-03,,,,,,,,,,,,,9525.72 
2010-09-06,,,,,,,,,,,,,9642.78 
2010-09-07,,,,,,,,,,,,,9565.42 
2010-09-08,,,,,,,,,,,,,9655.20 
2010-09-09,,,,,,,,,,,,,9608.82 
2010-09-10,,,,,,,,,,,,,9892.40 
2010-09-13,,,,,,,,,,,,,9907.39 
2010-09-14,,,,,,,,,,,,,9855.12 
2010-09-15,,,,,,,,,,,,,9622.54 
2010-09-16,,,,,,,,,,,,,9430.25 
2010-09-17,,,,,,,,,,,,,9626.89 
2010-09-20,,,,,,,,,,,,,9690.10 
2010-09-21,,,,,,,,,,,,,9723.04 
2010-09-27,,,,,,,,,,,,,9898.16 
2010-09-28,,,,,,,,,,,,,10118.22 
2010-09-29,,,,,,,,,,,,,9933.32 
2010-09-30,,,597.90 ,78.82 ,,,,,,,,,10021.65 
2010-10-08,,,,,,,,,,,,,10415.24 
2010-10-11,,,,,,,,,,,,,10074.50 
2010-10-12,,,,,,,,,,,,,9959.37 
2010-10-13,,,,,,,,,,,,,9646.51 
2010-10-14,,,,,,,,,,,,,9377.57 
2010-10-15,,,,,,,,,,,,,9499.46 
2010-10-18,,,,,,,,,,,,,9653.40 
2010-10-19,,,,,,,,,,,,,9849.53 
2010-10-20,,,,,,,,,,,,,10142.38 
2010-10-21,,,,,,,,,,,,,10107.33 
2010-10-22,,,,,,,,,,,,,10173.09 
2010-10-25,,,,,,,,,,,,,10604.81 
2010-10-26,,,,,,,,,,,,,10388.34 
2010-10-27,,,,,,,,,,,,,10196.11 
2010-10-28,,,,,,,,,,,,,10220.85 
2010-10-29,,,,,,,,,,,,,10234.15 
2010-10-31,,,,82.27 ,,,,,,,,,
2010-11-01,,,,,,,,,,,,,10405.93 
2010-11-02,,,,,,,,,,,,,10322.78 
2010-11-03,,,,,,,,,,,,,10384.77 
2010-11-04,,,,,,,,,,,,,10582.42 
2010-11-05,,,,,,,,,,,,,10521.92 
2010-11-08,,,,,,,,,,,,,10485.03 
2010-11-09,,,,,,,,,,,,,10622.20 
2010-11-10,,,,,,,,,,,,,11220.08 
2010-11-11,,,,,,,,,,,,,11073.06 
2010-11-12,,,,,,,,,,,,,10834.59 
2010-11-15,,,,,,,,,,,,,11331.92 
2010-11-16,,,,,,,,,,,,,10989.40 
2010-11-17,,,,,,,,,,,,,10322.91 
2010-11-18,,,,,,,,,,,,,10474.53 
2010-11-19,,,,,,,,,,,,,10848.76 
2010-11-22,,,,,,,,,,,,,11052.24 
2010-11-23,,,,,,,,,,,,,11338.35 
2010-11-24,,,,,,,,,,,,,11835.41 
2010-11-25,,,,,,,,,,,,,11878.24 
2010-11-26,,,,,,,,,,,,,12188.63 
2010-11-29,,,,,,,,,,,,,12484.61 
2010-11-30,,,,96.61 ,,,,,,,,,11901.00 
2010-12-01,,,,,,,,,,,,,11770.47 
2010-12-02,,,,,,,,,,,,,11571.25 
2010-12-03,,,,,,,,,,,,,11581.12 
2010-12-06,,,,,,,,,,,,,11234.51 
2010-12-07,,,,,,,,,,,,,11478.51 
2010-12-08,,,,,,,,,,,,,11411.06 
2010-12-09,,,,,,,,,,,,,11258.14 
2010-12-10,,,,,,,,,,,,,11349.77 
2010-12-13,,,,,,,,,,,,,11475.31 
2010-12-14,,,,,,,,,,,,,11485.87 
2010-12-15,,,,,,,,,,,,,11573.94 
2010-12-16,,,,,,,,,,,,,11780.23 
2010-12-17,,,,,,,,,,,,,11596.65 
2010-12-20,,,,,,,,,,,,,11208.36 
2010-12-21,,,,,,,,,,,,,11086.39 
2010-12-22,,,,,,,,,,,,,10931.52 
2010-12-23,,,,,,,,,,,,,10893.14 
2010-12-24,,,,,,,,,,,,,10682.19 
2010-12-27,,,,,,,,,,,,,10383.90 
2010-12-28,,,,,,,,,,,,,10498.91 
2010-12-29,,,,,,,,,,,,,10661.27 
2010-12-30,,,,,,,,,,,,,10495.24 
2010-12-31,,,873.30 ,100.77 ,,,,,,,,,10682.46 
2011-01-04,,,,,,,,,,,,,10702.33 
2011-01-05,,,,,,,,,,,,,10455.75 
2011-01-06,,,,,,,,,,,,,10346.39 
2011-01-07,,,,,,,,,,,,,10336.92 
2011-01-10,,,,,,,,,,,,,9995.64 
2011-01-11,,,,,,,,,,,,,10041.23 
2011-01-12,,,,,,,,,,,,,10011.28 
2011-01-13,,,,,,,,,,,,,10297.23 
2011-01-14,,,,,,,,,,,,,10317.54 
2011-01-17,,,,,,,,,,,,,10009.87 
2011-01-18,,,,,,,,,,,,,10297.74 
2011-01-19,,,,,,,,,,,,,10461.58 
2011-01-20,,,,,,,,,,,,,10176.02 
2011-01-21,,,,,,,,,,,,,10023.48 
2011-01-24,,,,,,,,,,,,,9801.46 
2011-01-25,,,,,,,,,,,,,9714.21 
2011-01-26,,,,,,,,,,,,,9796.00 
2011-01-27,,,,,,,,,,,,,9899.60 
2011-01-28,,,,,,,,,,,,,9968.47 
2011-01-31,,,,82.55 ,,,,,,,,,10077.43 
2011-02-01,,,,,,,,,,,,,10092.62 
2011-02-09,,,,,,,,,,,,,9947.05 
2011-02-10,,,,,,,,,,,,,10374.68 
2011-02-11,,,,,,,,,,,,,10435.82 
2011-02-14,,,,,,,,,,,,,10596.89 
2011-02-15,,,,,,,,,,,,,10517.78 
2011-02-16,,,,,,,,,,,,,10491.86 
2011-02-17,,,,,,,,,,,,,10373.63 
2011-02-18,,,,,,,,,,,,,10611.53 
2011-02-21,,,,,,,,,,,,,10709.65 
2011-02-22,,,,,,,,,,,,,10440.69 
2011-02-23,,,,,,,,,,,,,10419.01 
2011-02-24,,,,,,,,,,,,,10396.71 
2011-02-25,,,,,,,,,,,,,10364.33 
2011-02-28,,,,67.09 ,,,,,,,,,10332.95 
2011-03-01,,,,,,,,,,,,,10418.69 
2011-03-02,,,,,,,,,,,,,10366.86 
2011-03-03,,,,,,,,,,,,,10165.33 
2011-03-04,,,,,,,,,,,,,10210.74 
2011-03-07,,,,,,,,,,,,,10284.86 
2011-03-08,,,,,,,,,,,,,10357.21 
2011-03-09,,,,,,,,,,,,,10364.85 
2011-03-10,,,,,,,,,,,,,10578.06 
2011-03-11,,,,,,,,,,,,,10467.61 
2011-03-14,,,,,,,,,,,,,10611.22 
2011-03-15,,,,,,,,,,,,,10433.50 
2011-03-16,,,,,,,,,,,,,10633.91 
2011-03-17,,,,,,,,,,,,,10715.44 
2011-03-18,,,,,,,,,,,,,10762.14 
2011-03-21,,,,,,,,,,,,,10582.13 
2011-03-22,,,,,,,,,,,,,10509.85 
2011-03-23,,,,,,,,,,,,,10543.67 
2011-03-24,,,,,,,,,,,,,10448.40 
2011-03-25,,,,,,,,,,,,,10463.48 
2011-03-28,,,,,,,,,,,,,10256.04 
2011-03-29,,,,,,,,,,,,,10140.18 
2011-03-30,,,,,,,,,,,,,10150.69 
2011-03-31,,,237.30 ,83.74 ,,,,,,,,,10286.01 
2011-04-01,,,,,,,,,,,,,10236.43 
2011-04-06,,,,,,,,,,,,,10012.84 
2011-04-07,,,,,,,,,,,,,9925.68 
2011-04-08,,,,,,,,,,,,,9997.38 
2011-04-11,,,,,,,,,,,,,10062.62 
2011-04-12,,,,,,,,,,,,,10120.64 
2011-04-13,,,,,,,,,,,,,10255.01 
2011-04-14,,,,,,,,,,,,,10212.03 
2011-04-15,,,,,,,,,,,,,10086.61 
2011-04-18,,,,,,,,,,,,,10073.45 
2011-04-19,,,,,,,,,,,,,10180.85 
2011-04-20,,,,,,,,,,,,,10331.19 
2011-04-21,,,,,,,,,,,,,10298.15 
2011-04-22,,,,,,,,,,,,,10326.00 
2011-04-25,,,,,,,,,,,,,10605.24 
2011-04-26,,,,,,,,,,,,,10447.19 
2011-04-27,,,,,,,,,,,,,10479.78 
2011-04-28,,,,,,,,,,,,,10274.93 
2011-04-29,,,,,,,,,,,,,10497.68 
2011-04-30,,,,73.08 ,,,,,,,,,
2011-05-03,,,,,,,,,,,,,10692.10 
2011-05-04,,,,,,,,,,,,,10579.26 
2011-05-05,,,,,,,,,,,,,10708.41 
2011-05-06,,,,,,,,,,,,,10715.44 
2011-05-09,,,,,,,,,,,,,10598.03 
2011-05-10,,,,,,,,,,,,,10525.92 
2011-05-11,,,,,,,,,,,,,10617.19 
2011-05-12,,,,,,,,,,,,,10734.69 
2011-05-13,,,,,,,,,,,,,10676.37 
2011-05-16,,,,,,,,,,,,,10717.66 
2011-05-17,,,,,,,,,,,,,10656.16 
2011-05-18,,,,,,,,,,,,,10922.35 
2011-05-19,,,,,,,,,,,,,11140.35 
2011-05-20,,,,,,,,,,,,,11159.11 
2011-05-23,,,,,,,,,,,,,10827.00 
2011-05-24,,,,,,,,,,,,,10720.97 
2011-05-25,,,,,,,,,,,,,10702.52 
2011-05-26,,,,,,,,,,,,,10718.78 
2011-05-27,,,,,,,,,,,,,10472.44 
2011-05-30,,,,,,,,,,,,,10722.37 
2011-05-31,,,,80.62 ,,,,,,,,,10742.81 
2011-06-01,,,,,,,,,,,,,11013.59 
2011-06-02,,,,,,,,,,,,,10899.98 
2011-06-03,,,,,,,,,,,,,11129.48 
2011-06-07,,,,,,,,,,,,,11060.97 
2011-06-08,,,,,,,,,,,,,11084.02 
2011-06-09,,,,,,,,,,,,,10770.32 
2011-06-10,,,,,,,,,,,,,10884.36 
2011-06-13,,,,,,,,,,,,,10839.45 
2011-06-14,,,,,,,,,,,,,10903.95 
2011-06-15,,,,,,,,,,,,,10846.69 
2011-06-16,,,,,,,,,,,,,10764.69 
2011-06-17,,,,,,,,,,,,,10828.23 
2011-06-20,,,,,,,,,,,,,10692.40 
2011-06-21,,,,,,,,,,,,,10768.13 
2011-06-22,,,,,,,,,,,,,10934.23 
2011-06-23,,,,,,,,,,,,,11105.24 
2011-06-24,,,,,,,,,,,,,11103.06 
2011-06-27,,,,,,,,,,,,,11198.44 
2011-06-28,,,,,,,,,,,,,11351.19 
2011-06-29,,,,,,,,,,,,,11276.49 
2011-06-30,,,471.90 ,91.76 ,,,,,,,,,11364.85 
2011-07-01,,,,,,,,,,,,,11350.12 
2011-07-04,,,,,,,,,,,,,11489.76 
2011-07-05,,,,,,,,,,,,,11422.12 
2011-07-06,,,,,,,,,,,,,11555.18 
2011-07-07,,,,,,,,,,,,,11741.56 
2011-07-08,,,,,,,,,,,,,11691.73 
2011-07-11,,,,,,,,,,,,,11968.37 
2011-07-12,,,,,,,,,,,,,11901.27 
2011-07-13,,,,,,,,,,,,,11984.49 
2011-07-14,,,,,,,,,,,,,11845.66 
2011-07-15,,,,,,,,,,,,,11884.98 
2011-07-18,,,,,,,,,,,,,12064.48 
2011-07-19,,,,,,,,,,,,,11996.82 
2011-07-20,,,,,,,,,,,,,12131.37 
2011-07-21,,,,,,,,,,,,,12290.54 
2011-07-22,,,,,,,,,,,,,12390.19 
2011-07-25,,,,,,,,,,,,,12108.84 
2011-07-26,,,,,,,,,,,,,12065.67 
2011-07-27,,,,,,,,,,,,,12205.81 
2011-07-28,,,,,,,,,,,,,12305.63 
2011-07-29,,,,,,,,,,,,,12193.73 
2011-07-31,,,,69.66 ,,,,,,,,,
2011-08-01,,,,,,,,,,,,,12018.94 
2011-08-02,,,,,,,,,,,,,11958.79 
2011-08-03,,,,,,,,,,,,,12103.41 
2011-08-04,,,,,,,,,,,,,12247.84 
2011-08-05,,,,,,,,,,,,,12139.50 
2011-08-08,,,,,,,,,,,,,11939.57 
2011-08-09,,,,,,,,,,,,,11975.97 
2011-08-10,,,,,,,,,,,,,12327.73 
2011-08-11,,,,,,,,,,,,,12772.69 
2011-08-12,,,,,,,,,,,,,12871.45 
2011-08-15,,,,,,,,,,,,,12744.52 
2011-08-16,,,,,,,,,,,,,12686.31 
2011-08-17,,,,,,,,,,,,,12671.97 
2011-08-18,,,,,,,,,,,,,12523.09 
2011-08-19,,,,,,,,,,,,,12645.85 
2011-08-22,,,,,,,,,,,,,12241.85 
2011-08-23,,,,,,,,,,,,,12298.70 
2011-08-24,,,,,,,,,,,,,12393.16 
2011-08-25,,,,,,,,,,,,,12533.61 
2011-08-26,,,,,,,,,,,,,12660.83 
2011-08-29,,,,,,,,,,,,,12849.97 
2011-08-30,,,,,,,,,,,,,12733.51 
2011-08-31,,,,71.37 ,,,,,,,,,12817.16 
2011-09-01,,,,,,,,,,,,,12576.59 
2011-09-02,,,,,,,,,,,,,12490.70 
2011-09-05,,,,,,,,,,,,,12323.35 
2011-09-06,,,,,,,,,,,,,12070.25 
2011-09-07,,,,,,,,,,,,,12372.64 
2011-09-08,,,,,,,,,,,,,12244.90 
2011-09-09,,,,,,,,,,,,,12154.63 
2011-09-13,,,,,,,,,,,,,11911.77 
2011-09-14,,,,,,,,,,,,,11787.30 
2011-09-15,,,,,,,,,,,,,11839.99 
2011-09-16,,,,,,,,,,,,,11983.07 
2011-09-19,,,,,,,,,,,,,11904.27 
2011-09-20,,,,,,,,,,,,,11828.08 
2011-09-21,,,,,,,,,,,,,12066.00 
2011-09-22,,,,,,,,,,,,,11723.52 
2011-09-23,,,,,,,,,,,,,11483.83 
2011-09-26,,,,,,,,,,,,,11184.59 
2011-09-27,,,,,,,,,,,,,11262.87 
2011-09-28,,,,,,,,,,,,,11167.16 
2011-09-29,,,,,,,,,,,,,11131.54 
2011-09-30,,,689.00 ,94.66 ,,,,,,,,,11244.57 
2011-10-10,,,,,,,,,,,,,11050.32 
2011-10-11,,,,,,,,,,,,,10890.91 
2011-10-12,,,,,,,,,,,,,11211.33 
2011-10-13,,,,,,,,,,,,,11287.34 
2011-10-14,,,,,,,,,,,,,11229.02 
2011-10-17,,,,,,,,,,,,,11528.27 
2011-10-18,,,,,,,,,,,,,11435.81 
2011-10-19,,,,,,,,,,,,,11451.29 
2011-10-20,,,,,,,,,,,,,11090.64 
2011-10-21,,,,,,,,,,,,,11133.00 
2011-10-24,,,,,,,,,,,,,11471.60 
2011-10-25,,,,,,,,,,,,,11601.72 
2011-10-26,,,,,,,,,,,,,11650.06 
2011-10-27,,,,,,,,,,,,,11640.69 
2011-10-28,,,,,,,,,,,,,11841.53 
2011-10-31,,,,100.18 ,,,,,,,,,11726.33 
2011-11-01,,,,,,,,,,,,,11811.60 
2011-11-02,,,,,,,,,,,,,11928.27 
2011-11-03,,,,,,,,,,,,,11908.93 
2011-11-04,,,,,,,,,,,,,11923.73 
2011-11-07,,,,,,,,,,,,,11840.46 
2011-11-08,,,,,,,,,,,,,11790.99 
2011-11-09,,,,,,,,,,,,,11901.73 
2011-11-10,,,,,,,,,,,,,11850.99 
2011-11-11,,,,,,,,,,,,,11741.28 
2011-11-14,,,,,,,,,,,,,11916.18 
2011-11-15,,,,,,,,,,,,,11767.37 
2011-11-16,,,,,,,,,,,,,11639.56 
2011-11-17,,,,,,,,,,,,,11641.24 
2011-11-18,,,,,,,,,,,,,11490.83 
2011-11-21,,,,,,,,,,,,,11580.14 
2011-11-22,,,,,,,,,,,,,11825.92 
2011-11-23,,,,,,,,,,,,,12002.08 
2011-11-24,,,,,,,,,,,,,11975.88 
2011-11-25,,,,,,,,,,,,,12145.51 
2011-11-28,,,,,,,,,,,,,12290.92 
2011-11-29,,,,,,,,,,,,,12213.68 
2011-11-30,,,,105.62 ,,,,,,,,,12053.19 
2011-12-01,,,,,,,,,,,,,12144.28 
2011-12-02,,,,,,,,,,,,,12120.54 
2011-12-05,,,,,,,,,,,,,11751.19 
2011-12-06,,,,,,,,,,,,,11641.18 
2011-12-07,,,,,,,,,,,,,11699.32 
2011-12-08,,,,,,,,,,,,,11615.81 
2011-12-09,,,,,,,,,,,,,11381.02 
2011-12-12,,,,,,,,,,,,,11285.37 
2011-12-13,,,,,,,,,,,,,11111.60 
2011-12-14,,,,,,,,,,,,,11080.15 
2011-12-15,,,,,,,,,,,,,11045.19 
2011-12-16,,,,,,,,,,,,,11314.63 
2011-12-19,,,,,,,,,,,,,11233.26 
2011-12-20,,,,,,,,,,,,,11203.00 
2011-12-21,,,,,,,,,,,,,10990.28 
2011-12-22,,,,,,,,,,,,,11054.74 
2011-12-23,,,,,,,,,,,,,11092.85 
2011-12-26,,,,,,,,,,,,,10776.18 
2011-12-27,,,,,,,,,,,,,10404.72 
2011-12-28,,,,,,,,,,,,,10403.68 
2011-12-29,,,,,,,,,,,,,10506.52 
2011-12-30,,,,,,,,,,,,,10653.64 
2011-12-31,,,1021.80 ,121.34 ,,,,,,,,,
2012-01-04,,,,,,,,,,,,,10187.12 
2012-01-05,,,,,,,,,,,,,10070.53 
2012-01-06,,,,,,,,,,,,,10174.85 
2012-01-09,,,,,,,,,,,,,10273.28 
2012-01-10,,,,,,,,,,,,,10683.18 
2012-01-11,,,,,,,,,,,,,10566.76 
2012-01-12,,,,,,,,,,,,,10566.57 
2012-01-13,,,,,,,,,,,,,10427.74 
2012-01-16,,,,,,,,,,,,,9861.69 
2012-01-17,,,,,,,,,,,,,10170.68 
2012-01-18,,,,,,,,,,,,,9853.12 
2012-01-19,,,,,,,,,,,,,10013.26 
2012-01-20,,,,,,,,,,,,,10339.64 
2012-01-30,,,,,,,,,,,,,10211.86 
2012-01-31,,,,94.80 ,,,,,,,,,10418.50 
2012-02-01,,,,,,,,,,,,,10429.60 
2012-02-02,,,,,,,,,,,,,10477.57 
2012-02-03,,,,,,,,,,,,,10497.17 
2012-02-06,,,,,,,,,,,,,10668.43 
2012-02-07,,,,,,,,,,,,,10499.64 
2012-02-08,,,,,,,,,,,,,10714.82 
2012-02-09,,,,,,,,,,,,,10814.03 
2012-02-10,,,,,,,,,,,,,10807.02 
2012-02-13,,,,,,,,,,,,,10957.05 
2012-02-14,,,,,,,,,,,,,10972.07 
2012-02-15,,,,,,,,,,,,,11061.44 
2012-02-16,,,,,,,,,,,,,10935.14 
2012-02-17,,,,,,,,,,,,,10927.55 
2012-02-20,,,,,,,,,,,,,10907.06 
2012-02-21,,,,,,,,,,,,,11026.63 
2012-02-22,,,,,,,,,,,,,11082.80 
2012-02-23,,,,,,,,,,,,,11199.90 
2012-02-24,,,,,,,,,,,,,11408.66 
2012-02-27,,,,,,,,,,,,,11365.31 
2012-02-28,,,,,,,,,,,,,11516.15 
2012-02-29,,,,105.48 ,,,,,,,,,11660.47 
2012-03-01,,,,,,,,,,,,,11651.34 
2012-03-02,,,,,,,,,,,,,11642.12 
2012-03-05,,,,,,,,,,,,,11655.92 
2012-03-06,,,,,,,,,,,,,11546.48 
2012-03-07,,,,,,,,,,,,,11363.11 
2012-03-08,,,,,,,,,,,,,11459.15 
2012-03-09,,,,,,,,,,,,,11924.21 
2012-03-12,,,,,,,,,,,,,11999.07 
2012-03-13,,,,,,,,,,,,,12160.29 
2012-03-14,,,,,,,,,,,,,11866.29 
2012-03-15,,,,,,,,,,,,,12010.24 
2012-03-16,,,,,,,,,,,,,12499.15 
2012-03-19,,,,,,,,,,,,,12389.17 
2012-03-20,,,,,,,,,,,,,12210.43 
2012-03-21,,,,,,,,,,,,,12049.46 
2012-03-22,,,,,,,,,,,,,12099.40 
2012-03-23,,,,,,,,,,,,,12176.07 
2012-03-26,,,,,,,,,,,,,12470.04 
2012-03-27,,,,,,,,,,,,,11732.72 
2012-03-28,,,,,,,,,,,,,11552.03 
2012-03-29,,,,,,,,,,,,,11540.42 
2012-03-30,,,,,,,,,,,,,11271.43 
2012-03-31,,,286.20 ,91.96 ,,,,,,,,,
2012-04-05,,,,,,,,,,,,,11834.35 
2012-04-06,,,,,,,,,,,,,12063.85 
2012-04-09,,,,,,,,,,,,,12030.95 
2012-04-10,,,,,,,,,,,,,12004.11 
2012-04-11,,,,,,,,,,,,,11989.91 
2012-04-12,,,,,,,,,,,,,12171.55 
2012-04-13,,,,,,,,,,,,,12124.45 
2012-04-16,,,,,,,,,,,,,12092.15 
2012-04-17,,,,,,,,,,,,,11930.09 
2012-04-18,,,,,,,,,,,,,12083.30 
2012-04-19,,,,,,,,,,,,,11895.80 
2012-04-20,,,,,,,,,,,,,12026.67 
2012-04-23,,,,,,,,,,,,,11986.05 
2012-04-24,,,,,,,,,,,,,11979.45 
2012-04-25,,,,,,,,,,,,,12016.17 
2012-04-26,,,,,,,,,,,,,12257.82 
2012-04-27,,,,,,,,,,,,,12597.11 
2012-04-30,,,,80.74 ,,,,,,,,,
2012-05-02,,,,,,,,,,,,,12673.19 
2012-05-03,,,,,,,,,,,,,12830.00 
2012-05-04,,,,,,,,,,,,,13162.61 
2012-05-07,,,,,,,,,,,,,13224.36 
2012-05-08,,,,,,,,,,,,,13043.62 
2012-05-09,,,,,,,,,,,,,12873.41 
2012-05-10,,,,,,,,,,,,,12807.06 
2012-05-11,,,,,,,,,,,,,12805.69 
2012-05-14,,,,,,,,,,,,,12472.84 
2012-05-15,,,,,,,,,,,,,12558.23 
2012-05-16,,,,,,,,,,,,,12329.42 
2012-05-17,,,,,,,,,,,,,12377.63 
2012-05-18,,,,,,,,,,,,,12217.35 
2012-05-21,,,,,,,,,,,,,12542.50 
2012-05-22,,,,,,,,,,,,,12837.04 
2012-05-23,,,,,,,,,,,,,12912.86 
2012-05-24,,,,,,,,,,,,,12350.23 
2012-05-25,,,,,,,,,,,,,12168.75 
2012-05-28,,,,,,,,,,,,,12446.74 
2012-05-29,,,,,,,,,,,,,12440.23 
2012-05-30,,,,,,,,,,,,,12461.50 
2012-05-31,,,,85.02 ,,,,,,,,,12636.86 
2012-06-01,,,,,,,,,,,,,12838.97 
2012-06-04,,,,,,,,,,,,,12605.67 
2012-06-05,,,,,,,,,,,,,12661.40 
2012-06-06,,,,,,,,,,,,,12522.63 
2012-06-07,,,,,,,,,,,,,12568.55 
2012-06-08,,,,,,,,,,,,,12560.83 
2012-06-11,,,,,,,,,,,,,12451.46 
2012-06-12,,,,,,,,,,,,,12352.12 
2012-06-13,,,,,,,,,,,,,12647.06 
2012-06-14,,,,,,,,,,,,,12900.61 
2012-06-15,,,,,,,,,,,,,12852.42 
2012-06-18,,,,,,,,,,,,,13059.78 
2012-06-19,,,,,,,,,,,,,12881.37 
2012-06-20,,,,,,,,,,,,,12858.25 
2012-06-21,,,,,,,,,,,,,12649.50 
2012-06-25,,,,,,,,,,,,,12534.67 
2012-06-26,,,,,,,,,,,,,12446.22 
2012-06-27,,,,,,,,,,,,,12645.53 
2012-06-28,,,,,,,,,,,,,12589.10 
2012-06-29,,,,,,,,,,,,,12887.80 
2012-06-30,,,528.10 ,101.64 ,,,,,,,,,
2012-07-02,,,,,,,,,,,,,13125.41 
2012-07-03,,,,,,,,,,,,,13517.52 
2012-07-04,,,,,,,,,,,,,13563.45 
2012-07-05,,,,,,,,,,,,,13338.27 
2012-07-06,,,,,,,,,,,,,13999.16 
2012-07-09,,,,,,,,,,,,,13862.82 
2012-07-10,,,,,,,,,,,,,13626.79 
2012-07-11,,,,,,,,,,,,,14092.24 
2012-07-12,,,,,,,,,,,,,14136.99 
2012-07-13,,,,,,,,,,,,,14339.92 
2012-07-16,,,,,,,,,,,,,14261.16 
2012-07-17,,,,,,,,,,,,,13829.03 
2012-07-18,,,,,,,,,,,,,13550.03 
2012-07-19,,,,,,,,,,,,,13546.30 
2012-07-20,,,,,,,,,,,,,13360.14 
2012-07-23,,,,,,,,,,,,,13190.64 
2012-07-24,,,,,,,,,,,,,13468.56 
2012-07-25,,,,,,,,,,,,,13512.99 
2012-07-26,,,,,,,,,,,,,13334.10 
2012-07-27,,,,,,,,,,,,,13281.35 
2012-07-30,,,,,,,,,,,,,13270.67 
2012-07-31,,,,82.43 ,,,,,,,,,12996.83 
2012-08-01,,,,,,,,,,,,,13013.75 
2012-08-02,,,,,,,,,,,,,12921.53 
2012-08-03,,,,,,,,,,,,,13232.13 
2012-08-06,,,,,,,,,,,,,13418.96 
2012-08-07,,,,,,,,,,,,,13487.39 
2012-08-08,,,,,,,,,,,,,13389.09 
2012-08-09,,,,,,,,,,,,,13974.12 
2012-08-10,,,,,,,,,,,,,13565.79 
2012-08-13,,,,,,,,,,,,,13461.64 
2012-08-14,,,,,,,,,,,,,13515.13 
2012-08-15,,,,,,,,,,,,,13363.31 
2012-08-16,,,,,,,,,,,,,13053.27 
2012-08-17,,,,,,,,,,,,,12586.31 
2012-08-20,,,,,,,,,,,,,12738.76 
2012-08-21,,,,,,,,,,,,,12923.88 
2012-08-22,,,,,,,,,,,,,12692.07 
2012-08-23,,,,,,,,,,,,,12484.61 
2012-08-24,,,,,,,,,,,,,12534.84 
2012-08-27,,,,,,,,,,,,,12404.40 
2012-08-28,,,,,,,,,,,,,12259.51 
2012-08-29,,,,,,,,,,,,,11989.62 
2012-08-30,,,,,,,,,,,,,11735.33 
2012-08-31,,,,82.37 ,,,,,,,,,11867.64 
2012-09-03,,,,,,,,,,,,,12198.21 
2012-09-04,,,,,,,,,,,,,12320.63 
2012-09-05,,,,,,,,,,,,,12256.13 
2012-09-06,,,,,,,,,,,,,12219.42 
2012-09-07,,,,,,,,,,,,,12721.71 
2012-09-10,,,,,,,,,,,,,12700.19 
2012-09-11,,,,,,,,,,,,,12641.77 
2012-09-12,,,,,,,,,,,,,12701.69 
2012-09-13,,,,,,,,,,,,,12634.55 
2012-09-14,,,,,,,,,,,,,12758.61 
2012-09-17,,,,,,,,,,,,,12486.90 
2012-09-18,,,,,,,,,,,,,12383.59 
2012-09-19,,,,,,,,,,,,,12101.78 
2012-09-20,,,,,,,,,,,,,11876.49 
2012-09-21,,,,,,,,,,,,,11950.05 
2012-09-24,,,,,,,,,,,,,12062.98 
2012-09-25,,,,,,,,,,,,,12294.51 
2012-09-26,,,,,,,,,,,,,12142.24 
2012-09-27,,,,,,,,,,,,,12433.43 
2012-09-28,,,,,,,,,,,,,12728.70 
2012-09-30,,,794.50 ,111.05 ,,,,,,,,,
2012-10-08,,,,,,,,,,,,,12443.76 
2012-10-09,,,,,,,,,,,,,12685.96 
2012-10-10,,,,,,,,,,,,,12709.50 
2012-10-11,,,,,,,,,,,,,12593.01 
2012-10-12,,,,,,,,,,,,,12620.30 
2012-10-15,,,,,,,,,,,,,12886.95 
2012-10-16,,,,,,,,,,,,,13155.76 
2012-10-17,,,,,,,,,,,,,13139.39 
2012-10-18,,,,,,,,,,,,,13301.12 
2012-10-19,,,,,,,,,,,,,13321.25 
2012-10-22,,,,,,,,,,,,,13247.11 
2012-10-23,,,,,,,,,,,,,12858.98 
2012-10-24,,,,,,,,,,,,,12859.94 
2012-10-25,,,,,,,,,,,,,12863.86 
2012-10-26,,,,,,,,,,,,,12667.22 
2012-10-29,,,,,,,,,,,,,12708.32 
2012-10-30,,,,,,,,,,,,,12787.93 
2012-10-31,,,,106.20 ,,,,,,,,,12780.70 
2012-11-01,,,,,,,,,,,,,12992.83 
2012-11-02,,,,,,,,,,,,,13003.80 
2012-11-05,,,,,,,,,,,,,12737.59 
2012-11-06,,,,,,,,,,,,,12419.81 
2012-11-07,,,,,,,,,,,,,12411.86 
2012-11-08,,,,,,,,,,,,,12291.74 
2012-11-09,,,,,,,,,,,,,12250.76 
2012-11-12,,,,,,,,,,,,,12028.56 
2012-11-13,,,,,,,,,,,,,11848.55 
2012-11-14,,,,,,,,,,,,,12028.41 
2012-11-15,,,,,,,,,,,,,11836.27 
2012-11-16,,,,,,,,,,,,,11580.35 
2012-11-19,,,,,,,,,,,,,10973.03 
2012-11-20,,,,,,,,,,,,,11028.69 
2012-11-21,,,,,,,,,,,,,11042.96 
2012-11-22,,,,,,,,,,,,,10784.56 
2012-11-23,,,,,,,,,,,,,10938.87 
2012-11-26,,,,,,,,,,,,,10634.99 
2012-11-27,,,,,,,,,,,,,10660.99 
2012-11-28,,,,,,,,,,,,,10570.24 
2012-11-29,,,,,,,,,,,,,10585.99 
2012-11-30,,,,115.09 ,,,,,,,,,10499.82 
2012-12-03,,,,,,,,,,,,,9625.96 
2012-12-04,,,,,,,,,,,,,9700.63 
2012-12-05,,,,,,,,,,,,,9755.79 
2012-12-06,,,,,,,,,,,,,9649.35 
2012-12-07,,,,,,,,,,,,,9851.32 
2012-12-10,,,,,,,,,,,,,9952.38 
2012-12-11,,,,,,,,,,,,,10037.13 
2012-12-12,,,,,,,,,,,,,10231.20 
2012-12-13,,,,,,,,,,,,,9957.34 
2012-12-14,,,,,,,,,,,,,10106.89 
2012-12-17,,,,,,,,,,,,,10447.64 
2012-12-18,,,,,,,,,,,,,10618.62 
2012-12-19,,,,,,,,,,,,,10850.48 
2012-12-20,,,,,,,,,,,,,10750.98 
2012-12-21,,,,,,,,,,,,,10684.21 
2012-12-24,,,,,,,,,,,,,10257.48 
2012-12-25,,,,,,,,,,,,,10357.41 
2012-12-26,,,,,,,,,,,,,10476.04 
2012-12-27,,,,,,,,,,,,,10688.29 
2012-12-28,,,,,,,,,,,,,10880.61 
2012-12-31,,,1126.70 ,128.37 ,,,,,,,,,10862.10 
2013-01-04,,,,,748.00 ,1519.00 ,438.00 ,788.00 ,1109.00 ,748.00 ,628.00 ,228.00 ,10776.69 
2013-01-07,,,,,,,,,,,,,10643.61 
2013-01-08,,,,,,,,,,,,,10986.60 
2013-01-09,,,,,,,,,,,,,11328.14 
2013-01-10,,,,,,,,,,,,,11261.41 
2013-01-11,,,,,598.00 ,1519.00 ,498.00 ,788.00 ,1109.00 ,748.00 ,628.00 ,188.00 ,11116.02 
2013-01-14,,,,,,,,,,,,,11127.95 
2013-01-15,,,,,,,,,,,,,11118.79 
2013-01-16,,,,,,,,,,,,,10889.81 
2013-01-17,,,,,,,,,,,,,10891.38 
2013-01-18,,,,,748.00 ,1400.00 ,498.00 ,788.00 ,1109.00 ,748.00 ,658.00 ,208.00 ,10795.83 
2013-01-21,,,,,,,,,,,,,10473.55 
2013-01-22,,,,,,,,,,,,,10380.71 
2013-01-23,,,,,,,,,,,,,10410.40 
2013-01-24,,,,,,,,,,,,,10206.98 
2013-01-25,,,,,718.00 ,1459.00 ,428.00 ,788.00 ,1109.00 ,748.00 ,658.00 ,228.00 ,9840.32 
2013-01-28,,,,,,,,,,,,,9390.81 
2013-01-29,,,,,,,,,,,,,9510.17 
2013-01-30,,,,,,,,,,,,,9670.91 
2013-01-31,1113.00 ,144.00 ,,,,,,,,,,,9548.90 
2013-02-01,,,,,718.00 ,1459.00 ,428.00 ,728.00 ,1109.00 ,748.00 ,568.00 ,228.00 ,9572.94 
2013-02-04,,,,,,,,,,,,,9384.41 
2013-02-05,,,,,,,,,,,,,9864.68 
2013-02-06,,,,,,,,,,,,,9779.15 
2013-02-07,,,,,,,,,,,,,9792.54 
2013-02-08,,,,,718.00 ,1459.00 ,428.00 ,788.00 ,1109.00 ,748.00 ,568.00 ,228.00 ,9850.73 
2013-02-15,,,,,718.00 ,1459.00 ,428.00 ,728.00 ,1109.00 ,748.00 ,568.00 ,228.00 ,
2013-02-18,,,,,,,,,,,,,9488.32 
2013-02-19,,,,,,,,,,,,,9430.17 
2013-02-20,,,,,,,,,,,,,9455.08 
2013-02-21,,,,,,,,,,,,,9640.85 
2013-02-22,,,,,598.00 ,1459.00 ,428.00 ,728.00 ,1109.00 ,748.00 ,568.00 ,228.00 ,10067.95 
2013-02-25,,,,,,,,,,,,,9846.77 
2013-02-26,,,,,,,,,,,,,9650.82 
2013-02-27,,,,,,,,,,,,,9587.74 
2013-02-28,1089.00 ,143.00 ,,,,,,,,,,,9522.76 
2013-03-01,,,,,598.00 ,1380.00 ,428.00 ,788.00 ,1109.00 ,748.00 ,568.00 ,228.00 ,9524.83 
2013-03-04,,,,,,,,,,,,,9455.19 
2013-03-05,,,,,,,,,,,,,9523.98 
2013-03-06,,,,,,,,,,,,,9729.69 
2013-03-07,,,,,,,,,,,,,9944.47 
2013-03-08,,,,,598.00 ,1299.00 ,428.00 ,788.00 ,1109.00 ,748.00 ,738.00 ,228.00 ,9858.98 
2013-03-11,,,,,,,,,,,,,9749.08 
2013-03-12,,,,,,,,,,,,,9628.68 
2013-03-13,,,,,,,,,,,,,9712.23 
2013-03-14,,,,,,,,,,,,,9471.46 
2013-03-15,,,,,598.00 ,1399.00 ,428.00 ,788.00 ,1109.00 ,748.00 ,738.00 ,228.00 ,9300.33 
2013-03-18,,,,,,,,,,,,,8858.99 
2013-03-19,,,,,,,,,,,,,8696.09 
2013-03-20,,,,,,,,,,,,,8910.59 
2013-03-21,,,,,,,,,,,,,8819.92 
2013-03-22,,,,,538.00 ,1259.00 ,498.00 ,788.00 ,1109.00 ,748.00 ,738.00 ,228.00 ,8881.06 
2013-03-25,,,,,,,,,,,,,8835.38 
2013-03-26,,,,,,,,,,,,,8828.12 
2013-03-27,,,,,,,,,,,,,8506.96 
2013-03-28,,,,,,,,,,,,,8398.69 
2013-03-29,,,,,538.00 ,1259.00 ,498.00 ,788.00 ,1109.00 ,748.00 ,738.00 ,228.00 ,8421.07 
2013-03-31,1090.00 ,144.00 ,285.10 ,103.98 ,,,,,,,,,
2013-04-01,,,,,,,,,,,,,8189.18 
2013-04-02,,,,,,,,,,,,,8219.49 
2013-04-03,,,,,,,,,,,,,8222.13 
2013-04-05,,,,,538.00 ,1259.00 ,498.00 ,788.00 ,1109.00 ,748.00 ,738.00 ,228.00 ,
2013-04-08,,,,,,,,,,,,,8210.03 
2013-04-09,,,,,,,,,,,,,8200.18 
2013-04-10,,,,,,,,,,,,,8577.49 
2013-04-11,,,,,,,,,,,,,8438.09 
2013-04-12,,,,,538.00 ,1259.00 ,498.00 ,788.00 ,1109.00 ,748.00 ,738.00 ,228.00 ,8561.49 
2013-04-15,,,,,,,,,,,,,8459.17 
2013-04-16,,,,,,,,,,,,,8401.68 
2013-04-17,,,,,,,,,,,,,8588.34 
2013-04-18,,,,,,,,,,,,,8536.80 
2013-04-19,,,,,538.00 ,1259.00 ,498.00 ,788.00 ,1109.00 ,748.00 ,738.00 ,228.00 ,8618.41 
2013-04-22,,,,,,,,,,,,,8348.42 
2013-04-23,,,,,,,,,,,,,8301.44 
2013-04-24,,,,,,,,,,,,,8327.52 
2013-04-25,,,,,,,,,,,,,8292.59 
2013-04-26,,,,,538.00 ,1099.00 ,399.00 ,788.00 ,1109.00 ,748.00 ,738.00 ,228.00 ,8173.14 
2013-04-30,,,,93.60 ,,,,,,,,,
2013-05-02,,,,,,,,,,,,,7949.75 
2013-05-03,,,,,538.00 ,1099.00 ,399.00 ,788.00 ,666.00 ,748.00 ,569.00 ,188.00 ,8015.49 
2013-05-06,,,,,,,,,,,,,8269.94 
2013-05-07,,,,,,,,,,,,,8632.76 
2013-05-08,,,,,,,,,,,,,8608.98 
2013-05-09,,,,,,,,,,,,,8853.60 
2013-05-10,,,,,568.00 ,1099.00 ,399.00 ,698.00 ,666.00 ,748.00 ,558.00 ,175.00 ,8857.22 
2013-05-13,,,,,,,,,,,,,8885.80 
2013-05-14,,,,,,,,,,,,,8600.48 
2013-05-15,,,,,,,,,,,,,8692.48 
2013-05-16,,,,,,,,,,,,,8732.02 
2013-05-17,,,,,568.00 ,1099.00 ,388.00 ,599.00 ,658.00 ,748.00 ,558.00 ,175.00 ,8862.42 
2013-05-20,,,,,,,,,,,,,8905.19 
2013-05-21,,,,,,,,,,,,,8917.81 
2013-05-22,,,,,,,,,,,,,9155.21 
2013-05-23,,,,,,,,,,,,,9162.32 
2013-05-24,,,,,568.00 ,1099.00 ,388.00 ,599.00 ,658.00 ,748.00 ,558.00 ,175.00 ,9160.07 
2013-05-27,,,,,,,,,,,,,9139.31 
2013-05-28,,,,,,,,,,,,,9246.02 
2013-05-29,,,,,,,,,,,,,9240.40 
2013-05-30,,,,,,,,,,,,,9135.73 
2013-05-31,,,,95.38 ,568.00 ,1099.00 ,399.00 ,599.00 ,658.00 ,748.00 ,598.00 ,175.00 ,9022.84 
2013-06-03,,,,,,,,,,,,,9099.61 
2013-06-04,,,,,,,,,,,,,8984.04 
2013-06-05,,,,,,,,,,,,,9036.50 
2013-06-06,,,,,,,,,,,,,8986.44 
2013-06-07,,,,,748.00 ,1099.00 ,375.00 ,788.00 ,658.00 ,748.00 ,558.00 ,168.00 ,8667.18 
2013-06-13,,,,,,,,,,,,,8513.99 
2013-06-14,,,,,748.00 ,1099.00 ,375.00 ,788.00 ,658.00 ,748.00 ,558.00 ,168.00 ,8512.48 
2013-06-17,,,,,,,,,,,,,8326.71 
2013-06-18,,,,,,,,,,,,,8404.07 
2013-06-19,,,,,,,,,,,,,8622.67 
2013-06-20,,,,,,,,,,,,,8433.22 
2013-06-21,,,,,568.00 ,999.00 ,375.00 ,788.00 ,618.00 ,748.00 ,518.00 ,158.00 ,8456.08 
2013-06-24,,,,,,,,,,,,,8137.67 
2013-06-25,,,,,,,,,,,,,8148.61 
2013-06-26,,,,,,,,,,,,,8094.26 
2013-06-27,,,,,,,,,,,,,7986.20 
2013-06-28,,,,,568.00 ,999.00 ,399.00 ,788.00 ,1109.00 ,748.00 ,558.00 ,158.00 ,8085.02 
2013-06-30,1038.00 ,147.00 ,569.20 ,107.96 ,,,,,,,,,
2013-07-01,,,,,,,,,,,,,8074.93 
2013-07-02,,,,,,,,,,,,,8283.69 
2013-07-03,,,,,,,,,,,,,8228.36 
2013-07-04,,,,,,,,,,,,,8210.58 
2013-07-05,,,,,568.00 ,999.00 ,399.00 ,788.00 ,1109.00 ,748.00 ,558.00 ,158.00 ,8235.88 
2013-07-08,,,,,,,,,,,,,8077.49 
2013-07-09,,,,,,,,,,,,,7980.80 
2013-07-10,,,,,,,,,,,,,8118.97 
2013-07-11,,,,,,,,,,,,,8336.70 
2013-07-12,,,,,568.00 ,999.00 ,399.00 ,788.00 ,1109.00 ,748.00 ,568.00 ,158.00 ,8086.17 
2013-07-15,,,,,,,,,,,,,8074.46 
2013-07-16,,,,,,,,,,,,,8234.28 
2013-07-17,,,,,,,,,,,,,8053.92 
2013-07-18,,,,,,,,,,,,,7959.74 
2013-07-19,,,,,568.00 ,1099.00 ,399.00 ,788.00 ,1109.00 ,748.00 ,568.00 ,148.00 ,7669.53 
2013-07-22,,,,,,,,,,,,,7652.37 
2013-07-23,,,,,,,,,,,,,7820.46 
2013-07-24,,,,,,,,,,,,,7710.69 
2013-07-25,,,,,,,,,,,,,7895.03 
2013-07-26,,,,,568.00 ,1159.00 ,399.00 ,788.00 ,658.00 ,748.00 ,568.00 ,148.00 ,7761.34 
2013-07-29,,,,,,,,,,,,,7598.33 
2013-07-30,,,,,,,,,,,,,7571.33 
2013-07-31,,,,84.44 ,,,,,,,,,7444.76 
2013-08-01,,,,,,,,,,,,,7563.44 
2013-08-02,,,,,568.00 ,1159.00 ,399.00 ,788.00 ,1109.00 ,748.00 ,535.00 ,158.00 ,7644.16 
2013-08-05,,,,,,,,,,,,,7669.31 
2013-08-06,,,,,,,,,,,,,7706.26 
2013-08-07,,,,,,,,,,,,,7715.28 
2013-08-08,,,,,,,,,,,,,7655.60 
2013-08-09,,,,,568.00 ,1159.00 ,399.00 ,788.00 ,1109.00 ,748.00 ,555.00 ,158.00 ,7567.19 
2013-08-12,,,,,,,,,,,,,7815.21 
2013-08-13,,,,,,,,,,,,,7874.17 
2013-08-14,,,,,,,,,,,,,7821.39 
2013-08-15,,,,,,,,,,,,,7853.22 
2013-08-16,,,,,568.00 ,1159.00 ,399.00 ,649.00 ,1109.00 ,748.00 ,535.00 ,158.00 ,7765.03 
2013-08-19,,,,,,,,,,,,,7758.23 
2013-08-20,,,,,,,,,,,,,7675.99 
2013-08-21,,,,,,,,,,,,,7715.10 
2013-08-22,,,,,,,,,,,,,7698.10 
2013-08-23,,,,,499.00 ,1159.00 ,399.00 ,649.00 ,1109.00 ,748.00 ,535.00 ,158.00 ,7602.52 
2013-08-26,,,,,,,,,,,,,7682.28 
2013-08-27,,,,,,,,,,,,,7748.21 
2013-08-28,,,,,,,,,,,,,7619.01 
2013-08-29,,,,,,,,,,,,,7593.01 
2013-08-30,,,,,568.00 ,1159.00 ,399.00 ,649.00 ,1109.00 ,748.00 ,535.00 ,158.00 ,7526.72 
2013-08-31,1032.00 ,148.00 ,,87.14 ,,,,,,,,,
2013-09-02,,,,,,,,,,,,,6984.32 
2013-09-03,,,,,,,,,,,,,7062.03 
2013-09-04,,,,,,,,,,,,,7063.44 
2013-09-05,,,,,,,,,,,,,7025.10 
2013-09-06,,,,,568.00 ,,398.00 ,649.00 ,1109.00 ,748.00 ,535.00 ,158.00 ,7028.87 
2013-09-09,,,,,,,,,,,,,7085.23 
2013-09-10,,,,,,,,,,,,,7127.70 
2013-09-11,,,,,,,,,,,,,7228.75 
2013-09-12,,,,,,,,,,,,,7183.97 
2013-09-13,,,,,568.00 ,,398.00 ,599.00 ,665.00 ,748.00 ,535.00 ,158.00 ,7273.15 
2013-09-16,,,,,,,,,,,,,7158.22 
2013-09-17,,,,,,,,,,,,,6849.98 
2013-09-18,,,,,,,,,,,,,6838.56 
2013-09-20,,,,,568.00 ,,398.00 ,599.00 ,665.00 ,748.00 ,528.00 ,158.00 ,
2013-09-23,,,,,,,,,,,,,6830.31 
2013-09-24,,,,,,,,,,,,,6730.00 
2013-09-25,,,,,,,,,,,,,6629.98 
2013-09-26,,,,,,,,,,,,,6593.02 
2013-09-27,,,,,568.00 ,,398.00 ,599.00 ,665.00 ,748.00 ,528.00 ,158.00 ,6500.47 
2013-09-30,,,833.60 ,111.17 ,,,,,,,,,6545.36 
2013-10-04,,,,,559.00 ,,398.00 ,649.00 ,658.00 ,748.00 ,528.00 ,158.00 ,
2013-10-08,,,,,,,,,,,,,6575.59 
2013-10-09,,,,,,,,,,,,,6582.61 
2013-10-10,,,,,,,,,,,,,6517.49 
2013-10-11,,,,,559.00 ,,369.00 ,649.00 ,659.00 ,728.00 ,528.00 ,158.00 ,6526.38 
2013-10-14,,,,,,,,,,,,,6670.22 
2013-10-15,,,,,,,,,,,,,6755.59 
2013-10-16,,,,,,,,,,,,,6698.90 
2013-10-17,,,,,,,,,,,,,6713.80 
2013-10-18,,,,,559.00 ,1159.00 ,398.00 ,649.00 ,659.00 ,728.00 ,528.00 ,158.00 ,6660.22 
2013-10-21,,,,,,,,,,,,,6736.51 
2013-10-22,,,,,,,,,,,,,6700.51 
2013-10-23,,,,,,,,,,,,,6693.16 
2013-10-24,,,,,,,,,,,,,6662.60 
2013-10-25,,,,,559.00 ,1159.00 ,375.00 ,649.00 ,659.00 ,658.00 ,528.00 ,158.00 ,6413.46 
2013-10-28,,,,,,,,,,,,,6149.75 
2013-10-29,,,,,,,,,,,,,6107.87 
2013-10-30,,,,,,,,,,,,,6114.47 
2013-10-31,1009.00 ,148.00 ,,114.28 ,,,,,,,,,6236.80 
2013-11-01,,,,,559.00 ,1159.00 ,498.00 ,788.00 ,659.00 ,658.00 ,528.00 ,158.00 ,6189.43 
2013-11-04,,,,,,,,,,,,,6229.46 
2013-11-05,,,,,,,,,,,,,6255.48 
2013-11-06,,,,,,,,,,,,,6334.78 
2013-11-07,,,,,,,,,,,,,6312.45 
2013-11-08,,,,,499.00 ,1159.00 ,359.00 ,508.00 ,618.00 ,658.00 ,528.00 ,158.00 ,6231.85 
2013-11-11,,,,,,,,,,,,,6409.81 
2013-11-12,,,,,,,,,,,,,6681.57 
2013-11-13,,,,,,,,,,,,,6618.15 
2013-11-14,,,,,,,,,,,,,6573.97 
2013-11-15,,,,,559.00 ,1159.00 ,375.00 ,508.00 ,659.00 ,649.00 ,528.00 ,158.00 ,6571.27 
2013-11-18,,,,,,,,,,,,,6617.98 
2013-11-19,,,,,,,,,,,,,6612.69 
2013-11-20,,,,,,,,,,,,,6592.81 
2013-11-21,,,,,,,,,,,,,6443.29 
2013-11-22,,,,,559.00 ,1159.00 ,375.00 ,508.00 ,659.00 ,599.00 ,528.00 ,158.00 ,6419.84 
2013-11-25,,,,,,,,,,,,,6501.70 
2013-11-26,,,,,,,,,,,,,6461.21 
2013-11-27,,,,,,,,,,,,,6470.41 
2013-11-28,,,,,,,,,,,,,6553.88 
2013-11-29,,,,,559.00 ,1159.00 ,375.00 ,659.00 ,659.00 ,599.00 ,528.00 ,158.00 ,6523.31 
2013-11-30,1000.00 ,149.00 ,,127.25 ,,,,,,,,,
2013-12-02,,,,,,,,,,,,,6294.47 
2013-12-03,,,,,,,,,,,,,6383.09 
2013-12-04,,,,,,,,,,,,,6437.04 
2013-12-05,,,,,,,,,,,,,6405.20 
2013-12-06,,,,,559.00 ,1159.00 ,375.00 ,518.00 ,659.00 ,658.00 ,528.00 ,148.00 ,6513.00 
2013-12-09,,,,,,,,,,,,,6535.20 
2013-12-10,,,,,,,,,,,,,6494.44 
2013-12-11,,,,,,,,,,,,,6473.30 
2013-12-12,,,,,,,,,,,,,6438.18 
2013-12-13,,,,,559.00 ,1159.00 ,375.00 ,518.00 ,659.00 ,599.00 ,528.00 ,148.00 ,6407.60 
2013-12-16,,,,,,,,,,,,,6243.45 
2013-12-17,,,,,,,,,,,,,6256.92 
2013-12-18,,,,,,,,,,,,,6221.47 
2013-12-19,,,,,,,,,,,,,6192.39 
2013-12-20,,,,,559.00 ,1159.00 ,375.00 ,499.00 ,659.00 ,599.00 ,528.00 ,148.00 ,5992.27 
2013-12-23,,,,,,,,,,,,,5968.53 
2013-12-24,,,,,,,,,,,,,5976.60 
2013-12-25,,,,,,,,,,,,,5970.95 
2013-12-26,,,,,,,,,,,,,5850.15 
2013-12-27,,,,,559.00 ,1159.00 ,375.00 ,569.00 ,659.00 ,658.00 ,528.00 ,148.00 ,5934.07 
2013-12-30,,,,,,,,,,,,,5863.99 
2013-12-31,991.00 ,149.00 ,1166.20 ,134.10 ,,,,,,,,,6127.15 
2014-01-02,,,,,,,,,,,,,6039.63 
2014-01-03,,,,,559.00 ,1159.00 ,375.00 ,569.00 ,618.00 ,658.00 ,499.00 ,148.00 ,5946.34 
2014-01-06,,,,,,,,,,,,,5757.82 
2014-01-07,,,,,,,,,,,,,5768.26 
2014-01-08,,,,,,,,,,,,,5671.68 
2014-01-09,,,,,,,,,,,,,5703.80 
2014-01-10,,,,,559.00 ,1159.00 ,375.00 ,569.00 ,618.00 ,639.00 ,499.00 ,148.00 ,5678.90 
2014-01-13,,,,,,,,,,,,,5746.84 
2014-01-14,,,,,,,,,,,,,5835.57 
2014-01-15,,,,,,,,,,,,,5722.86 
2014-01-16,,,,,,,,,,,,,5811.89 
2014-01-17,,,,,559.00 ,1159.00 ,375.00 ,788.00 ,618.00 ,699.00 ,499.00 ,148.00 ,5693.09 
2014-01-20,,,,,,,,,,,,,5852.10 
2014-01-21,,,,,,,,,,,,,5822.31 
2014-01-22,,,,,,,,,,,,,6050.44 
2014-01-23,,,,,,,,,,,,,6009.52 
2014-01-24,,,,,559.00 ,1159.00 ,389.00 ,788.00 ,618.00 ,699.00 ,598.00 ,148.00 ,6029.07 
2014-01-27,,,,,,,,,,,,,6156.86 
2014-01-28,,,,,,,,,,,,,6095.37 
2014-01-29,,,,,,,,,,,,,5958.50 
2014-01-30,,,,,,,,,,,,,5776.18 
2014-01-31,940.00 ,145.00 ,,,559.00 ,1159.00 ,389.00 ,788.00 ,618.00 ,699.00 ,598.00 ,148.00 ,
2014-02-07,,,,,559.00 ,1159.00 ,389.00 ,788.00 ,618.00 ,699.00 ,598.00 ,148.00 ,5827.46 
2014-02-10,,,,,,,,,,,,,5849.79 
2014-02-11,,,,,,,,,,,,,5913.88 
2014-02-12,,,,,,,,,,,,,5916.90 
2014-02-13,,,,,,,,,,,,,5965.52 
2014-02-14,,,,,559.00 ,1159.00 ,389.00 ,558.00 ,639.00 ,699.00 ,598.00 ,158.00 ,6246.13 
2014-02-17,,,,,,,,,,,,,6510.50 
2014-02-18,,,,,,,,,,,,,6392.00 
2014-02-19,,,,,,,,,,,,,6475.79 
2014-02-20,,,,,,,,,,,,,6392.27 
2014-02-21,,,,,559.00 ,1159.00 ,389.00 ,558.00 ,639.00 ,699.00 ,598.00 ,158.00 ,6358.44 
2014-02-24,,,,,,,,,,,,,6320.31 
2014-02-25,,,,,,,,,,,,,6069.08 
2014-02-26,,,,,,,,,,,,,6075.89 
2014-02-27,,,,,,,,,,,,,6092.50 
2014-02-28,921.00 ,143.00 ,,,559.00 ,1159.00 ,389.00 ,558.00 ,639.00 ,699.00 ,598.00 ,158.00 ,6239.99 
2014-03-03,,,,,,,,,,,,,6365.24 
2014-03-04,,,,,,,,,,,,,6329.94 
2014-03-05,,,,,,,,,,,,,6562.20 
2014-03-06,,,,,,,,,,,,,6600.04 
2014-03-07,,,,,559.00 ,1159.00 ,389.00 ,558.00 ,639.00 ,619.00 ,598.00 ,228.00 ,6669.98 
2014-03-10,,,,,,,,,,,,,6358.32 
2014-03-11,,,,,,,,,,,,,6619.60 
2014-03-12,,,,,,,,,,,,,6541.40 
2014-03-13,,,,,,,,,,,,,6942.45 
2014-03-14,,,,,559.00 ,1159.00 ,389.00 ,558.00 ,618.00 ,619.00 ,598.00 ,228.00 ,6887.85 
2014-03-17,,,,,,,,,,,,,6957.76 
2014-03-18,,,,,,,,,,,,,7062.08 
2014-03-19,,,,,,,,,,,,,7086.19 
2014-03-20,,,,,,,,,,,,,6869.72 
2014-03-21,,,,,559.00 ,1159.00 ,389.00 ,558.00 ,729.00 ,619.00 ,598.00 ,228.00 ,6967.90 
2014-03-24,,,,,,,,,,,,,7016.60 
2014-03-25,,,,,,,,,,,,,6809.92 
2014-03-26,,,,,,,,,,,,,6626.11 
2014-03-27,,,,,,,,,,,,,6590.04 
2014-03-28,,,,,559.00 ,1159.00 ,389.00 ,558.00 ,729.00 ,619.00 ,598.00 ,228.00 ,6381.10 
2014-03-31,1090.00 ,144.00 ,297.50 ,106.24 ,,,,,,,,,6428.35 
2014-04-01,,,,,,,,,,,,,6676.22 
2014-04-02,,,,,,,,,,,,,6774.06 
2014-04-03,,,,,,,,,,,,,6740.28 
2014-04-04,,,,,559.00 ,1159.00 ,389.00 ,558.00 ,729.00 ,619.00 ,598.00 ,178.00 ,6715.13 
2014-04-08,,,,,,,,,,,,,6758.06 
2014-04-09,,,,,,,,,,,,,6758.61 
2014-04-10,,,,,,,,,,,,,6890.71 
2014-04-11,,,,,559.00 ,1159.00 ,389.00 ,558.00 ,729.00 ,619.00 ,598.00 ,178.00 ,7090.20 
2014-04-14,,,,,,,,,,,,,7042.05 
2014-04-15,,,,,,,,,,,,,6975.64 
2014-04-16,,,,,,,,,,,,,6919.37 
2014-04-17,,,,,,,,,,,,,7018.71 
2014-04-18,,,,,559.00 ,1159.00 ,389.00 ,558.00 ,729.00 ,619.00 ,598.00 ,178.00 ,7021.31 
2014-04-21,,,,,,,,,,,,,6846.18 
2014-04-22,,,,,,,,,,,,,6843.52 
2014-04-23,,,,,,,,,,,,,7048.97 
2014-04-24,,,,,,,,,,,,,7036.84 
2014-04-25,,,,,559.00 ,1159.00 ,389.00 ,558.00 ,729.00 ,738.00 ,598.00 ,178.00 ,6690.15 
2014-04-28,,,,,,,,,,,,,6627.30 
2014-04-29,,,,,,,,,,,,,6679.66 
2014-04-30,889.00 ,143.00 ,,96.31 ,,,,,,,,,6695.07 
2014-05-02,,,,,559.00 ,1159.00 ,389.00 ,558.00 ,729.00 ,738.00 ,598.00 ,178.00 ,
2014-05-05,,,,,,,,,,,,,6576.79 
2014-05-06,,,,,,,,,,,,,6576.33 
2014-05-07,,,,,,,,,,,,,6538.54 
2014-05-08,,,,,,,,,,,,,6534.06 
2014-05-09,,,,,559.00 ,1159.00 ,389.00 ,558.00 ,729.00 ,738.00 ,598.00 ,178.00 ,6546.07 
2014-05-12,,,,,,,,,,,,,6626.58 
2014-05-13,,,,,,,,,,,,,6667.97 
2014-05-14,,,,,,,,,,,,,6502.27 
2014-05-15,,,,,,,,,,,,,6453.95 
2014-05-16,,,,,559.00 ,1159.00 ,389.00 ,558.00 ,729.00 ,738.00 ,598.00 ,178.00 ,6452.38 
2014-05-19,,,,,,,,,,,,,6234.09 
2014-05-20,,,,,,,,,,,,,6150.22 
2014-05-21,,,,,,,,,,,,,6296.79 
2014-05-22,,,,,,,,,,,,,6254.88 
2014-05-23,,,,,559.00 ,1159.00 ,389.00 ,558.00 ,729.00 ,738.00 ,598.00 ,178.00 ,6313.40 
2014-05-26,,,,,,,,,,,,,6367.30 
2014-05-27,,,,,,,,,,,,,6357.27 
2014-05-28,,,,,,,,,,,,,6405.84 
2014-05-29,,,,,,,,,,,,,6400.04 
2014-05-30,,,,,559.00 ,1159.00 ,389.00 ,558.00 ,729.00 ,738.00 ,598.00 ,178.00 ,6372.78 
2014-05-31,889.00 ,143.00 ,,97.72 ,,,,,,,,,
2014-06-03,,,,,,,,,,,,,6351.94 
2014-06-04,,,,,,,,,,,,,6270.96 
2014-06-05,,,,,,,,,,,,,6388.15 
2014-06-06,,,,,559.00 ,1159.00 ,389.00 ,558.00 ,729.00 ,738.00 ,598.00 ,158.00 ,6358.76 
2014-06-09,,,,,,,,,,,,,6341.12 
2014-06-10,,,,,,,,,,,,,6425.19 
2014-06-11,,,,,,,,,,,,,6443.31 
2014-06-12,,,,,,,,,,,,,6407.66 
2014-06-13,,,,,559.00 ,1159.00 ,389.00 ,558.00 ,729.00 ,738.00 ,598.00 ,158.00 ,6440.99 
2014-06-16,,,,,,,,,,,,,6460.42 
2014-06-17,,,,,,,,,,,,,6382.42 
2014-06-18,,,,,,,,,,,,,6340.04 
2014-06-19,,,,,,,,,,,,,6286.78 
2014-06-20,,,,,559.00 ,1159.00 ,359.00 ,558.00 ,729.00 ,738.00 ,598.00 ,158.00 ,6286.97 
2014-06-23,,,,,,,,,,,,,6361.84 
2014-06-24,,,,,,,,,,,,,6587.00 
2014-06-25,,,,,,,,,,,,,6419.94 
2014-06-26,,,,,,,,,,,,,6438.91 
2014-06-27,,,,,559.00 ,1159.00 ,389.00 ,558.00 ,729.00 ,738.00 ,598.00 ,218.00 ,6429.49 
2014-06-30,888.00 ,137.00 ,591.00 ,111.07 ,,,,,,,,,6478.10 
2014-07-01,,,,,,,,,,,,,6395.91 
2014-07-02,,,,,,,,,,,,,6430.18 
2014-07-03,,,,,,,,,,,,,6481.96 
2014-07-04,,,,,559.00 ,1159.00 ,389.00 ,558.00 ,659.00 ,738.00 ,598.00 ,158.00 ,6464.28 
2014-07-07,,,,,,,,,,,,,6489.40 
2014-07-08,,,,,,,,,,,,,6460.67 
2014-07-09,,,,,,,,,,,,,6381.78 
2014-07-10,,,,,,,,,,,,,6410.27 
2014-07-11,,,,,559.00 ,1159.00 ,389.00 ,558.00 ,659.00 ,738.00 ,598.00 ,168.00 ,6449.16 
2014-07-14,,,,,,,,,,,,,6781.59 
2014-07-15,,,,,,,,,,,,,6978.79 
2014-07-16,,,,,,,,,,,,,6964.95 
2014-07-17,,,,,,,,,,,,,6878.76 
2014-07-18,,,,,559.00 ,1159.00 ,389.00 ,558.00 ,659.00 ,738.00 ,598.00 ,168.00 ,7169.32 
2014-07-21,,,,,,,,,,,,,7133.97 
2014-07-22,,,,,,,,,,,,,7239.32 
2014-07-23,,,,,,,,,,,,,7228.11 
2014-07-24,,,,,,,,,,,,,7236.06 
2014-07-25,,,,,559.00 ,1159.00 ,389.00 ,558.00 ,659.00 ,738.00 ,598.00 ,168.00 ,7297.35 
2014-07-28,,,,,,,,,,,,,7400.41 
2014-07-29,,,,,,,,,,,,,7272.68 
2014-07-30,,,,,,,,,,,,,7186.02 
2014-07-31,883.00 ,122.00 ,,90.50 ,,,,,,,,,7289.40 
2014-08-01,,,,,559.00 ,1159.00 ,389.00 ,558.00 ,659.00 ,738.00 ,598.00 ,168.00 ,7304.14 
2014-08-04,,,,,,,,,,,,,7413.62 
2014-08-05,,,,,,,,,,,,,7437.79 
2014-08-06,,,,,,,,,,,,,7355.75 
2014-08-07,,,,,,,,,,,,,7230.34 
2014-08-08,,,,,559.00 ,1159.00 ,389.00 ,558.00 ,659.00 ,738.00 ,598.00 ,168.00 ,7269.65 
2014-08-11,,,,,,,,,,,,,7323.04 
2014-08-12,,,,,,,,,,,,,7311.37 
2014-08-13,,,,,,,,,,,,,7421.28 
2014-08-14,,,,,,,,,,,,,7372.72 
2014-08-15,,,,,559.00 ,1159.00 ,389.00 ,558.00 ,659.00 ,738.00 ,598.00 ,178.00 ,7424.92 
2014-08-18,,,,,,,,,,,,,7432.88 
2014-08-19,,,,,,,,,,,,,7411.88 
2014-08-20,,,,,,,,,,,,,7513.99 
2014-08-21,,,,,,,,,,,,,7411.75 
2014-08-22,,,,,559.00 ,1159.00 ,389.00 ,499.00 ,659.00 ,738.00 ,499.00 ,178.00 ,7411.34 
2014-08-25,,,,,,,,,,,,,7326.77 
2014-08-26,,,,,,,,,,,,,7228.02 
2014-08-27,,,,,,,,,,,,,7202.07 
2014-08-28,,,,,,,,,,,,,7156.46 
2014-08-29,,,,,559.00 ,1159.00 ,389.00 ,499.00 ,659.00 ,738.00 ,499.00 ,178.00 ,7295.61 
2014-08-31,881.00 ,132.00 ,,89.10 ,,,,,,,,,
2014-09-01,,,,,,,,,,,,,7355.08 
2014-09-02,,,,,,,,,,,,,7559.06 
2014-09-03,,,,,,,,,,,,,7624.49 
2014-09-04,,,,,,,,,,,,,7636.61 
2014-09-05,,,,,559.00 ,1159.00 ,389.00 ,499.00 ,659.00 ,548.00 ,499.00 ,178.00 ,7675.58 
2014-09-09,,,,,,,,,,,,,7552.13 
2014-09-10,,,,,,,,,,,,,7564.61 
2014-09-11,,,,,,,,,,,,,7492.16 
2014-09-12,,,,,559.00 ,1159.00 ,389.00 ,499.00 ,659.00 ,548.00 ,499.00 ,178.00 ,7501.10 
2014-09-15,,,,,,,,,,,,,7418.34 
2014-09-16,,,,,,,,,,,,,7274.12 
2014-09-17,,,,,,,,,,,,,7295.42 
2014-09-18,,,,,,,,,,,,,7309.97 
2014-09-19,,,,,559.00 ,1159.00 ,389.00 ,499.00 ,659.00 ,518.00 ,499.00 ,178.00 ,7379.98 
2014-09-22,,,,,,,,,,,,,7173.73 
2014-09-23,,,,,,,,,,,,,7216.66 
2014-09-24,,,,,,,,,,,,,7336.79 
2014-09-25,,,,,,,,,,,,,7376.69 
2014-09-26,,,,,559.00 ,1159.00 ,389.00 ,499.00 ,659.00 ,518.00 ,499.00 ,178.00 ,7368.43 
2014-09-29,,,,,,,,,,,,,7399.48 
2014-09-30,869.00 ,144.00 ,855.50 ,109.84 ,,,,,,,,,7398.37 
2014-10-03,,,,,559.00 ,1159.00 ,389.00 ,499.00 ,659.00 ,518.00 ,499.00 ,178.00 ,
2014-10-08,,,,,,,,,,,,,7348.70 
2014-10-09,,,,,,,,,,,,,7372.64 
2014-10-10,,,,,559.00 ,1159.00 ,389.00 ,499.00 ,659.00 ,518.00 ,499.00 ,178.00 ,7307.47 
2014-10-13,,,,,,,,,,,,,7172.92 
2014-10-14,,,,,,,,,,,,,7140.62 
2014-10-15,,,,,,,,,,,,,7183.88 
2014-10-16,,,,,,,,,,,,,7160.94 
2014-10-17,,,,,559.00 ,1159.00 ,389.00 ,499.00 ,659.00 ,518.00 ,499.00 ,178.00 ,7248.12 
2014-10-20,,,,,,,,,,,,,7204.46 
2014-10-21,,,,,,,,,,,,,7213.70 
2014-10-22,,,,,,,,,,,,,7182.52 
2014-10-23,,,,,,,,,,,,,7089.52 
2014-10-24,,,,,559.00 ,1159.00 ,389.00 ,499.00 ,659.00 ,518.00 ,499.00 ,178.00 ,7015.65 
2014-10-27,,,,,,,,,,,,,7030.74 
2014-10-28,,,,,,,,,,,,,7090.60 
2014-10-29,,,,,,,,,,,,,7105.56 
2014-10-30,,,,,,,,,,,,,7041.40 
2014-10-31,862.00 ,156.00 ,,111.39 ,559.00 ,1159.00 ,389.00 ,499.00 ,659.00 ,518.00 ,499.00 ,159.00 ,7133.57 
2014-11-03,,,,,,,,,,,,,7098.66 
2014-11-04,,,,,,,,,,,,,6963.77 
2014-11-05,,,,,,,,,,,,,6833.67 
2014-11-06,,,,,,,,,,,,,6879.84 
2014-11-07,,,,,559.00 ,1159.00 ,389.00 ,499.00 ,659.00 ,518.00 ,499.00 ,159.00 ,6867.70 
2014-11-10,,,,,,,,,,,,,7184.19 
2014-11-11,,,,,,,,,,,,,7159.81 
2014-11-12,,,,,,,,,,,,,7170.00 
2014-11-13,,,,,,,,,,,,,7096.42 
2014-11-14,,,,,559.00 ,1159.00 ,389.00 ,499.00 ,659.00 ,488.00 ,499.00 ,178.00 ,7306.63 
2014-11-17,,,,,,,,,,,,,7303.69 
2014-11-18,,,,,,,,,,,,,7163.34 
2014-11-19,,,,,,,,,,,,,7094.32 
2014-11-20,,,,,,,,,,,,,7032.79 
2014-11-21,,,,,559.00 ,1159.00 ,389.00 ,499.00 ,659.00 ,518.00 ,499.00 ,159.00 ,7110.37 
2014-11-24,,,,,,,,,,,,,7159.27 
2014-11-25,,,,,,,,,,,,,7213.51 
2014-11-26,,,,,,,,,,,,,7315.08 
2014-11-27,,,,,,,,,,,,,7307.08 
2014-11-28,,,,,559.00 ,1159.00 ,389.00 ,499.00 ,659.00 ,518.00 ,499.00 ,159.00 ,7273.66 
2014-11-30,856.00 ,161.00 ,,121.34 ,,,,,,,,,
2014-12-01,,,,,,,,,,,,,7603.35 
2014-12-02,,,,,,,,,,,,,7669.94 
2014-12-03,,,,,,,,,,,,,7852.03 
2014-12-04,,,,,,,,,,,,,8176.12 
2014-12-05,,,,,559.00 ,1159.00 ,359.00 ,499.00 ,659.00 ,518.00 ,499.00 ,159.00 ,8046.57 
2014-12-08,,,,,,,,,,,,,8157.98 
2014-12-09,,,,,,,,,,,,,7986.18 
2014-12-10,,,,,,,,,,,,,8301.06 
2014-12-11,,,,,,,,,,,,,8201.45 
2014-12-12,,,,,559.00 ,1159.00 ,359.00 ,499.00 ,659.00 ,518.00 ,499.00 ,149.00 ,8276.60 
2014-12-15,,,,,,,,,,,,,8505.20 
2014-12-16,,,,,,,,,,,,,8382.05 
2014-12-17,,,,,,,,,,,,,8251.16 
2014-12-18,,,,,,,,,,,,,8242.64 
2014-12-19,,,,,559.00 ,1159.00 ,359.00 ,499.00 ,659.00 ,518.00 ,499.00 ,149.00 ,8313.04 
2014-12-22,,,,,,,,,,,,,8510.88 
2014-12-23,,,,,,,,,,,,,8775.27 
2014-12-24,,,,,,,,,,,,,8637.21 
2014-12-25,,,,,,,,,,,,,8739.46 
2014-12-26,,,,,559.00 ,1009.00 ,359.00 ,469.00 ,609.00 ,518.00 ,499.00 ,149.00 ,8797.47 
2014-12-29,,,,,,,,,,,,,8770.04 
2014-12-30,,,,,,,,,,,,,8753.17 
2014-12-31,852.00 ,160.00 ,1202.60 ,131.71 ,,,,,,,,,8821.62 
2015-01-02,,,,,559.00 ,949.00 ,359.00 ,469.00 ,609.00 ,518.00 ,499.00 ,149.00 ,
2015-01-05,,,,,,,,,,,,,9484.62 
2015-01-06,,,,,,,,,,,,,9371.10 
2015-01-07,,,,,,,,,,,,,9208.12 
2015-01-08,,,,,,,,,,,,,9247.03 
2015-01-09,,,,,499.00 ,949.00 ,359.00 ,469.00 ,609.00 ,518.00 ,499.00 ,149.00 ,9157.48 
2015-01-12,,,,,,,,,,,,,8934.68 
2015-01-13,,,,,,,,,,,,,8857.55 
2015-01-14,,,,,,,,,,,,,8691.38 
2015-01-15,,,,,,,,,,,,,8822.69 
2015-01-16,,,,,499.00 ,949.00 ,359.00 ,469.00 ,609.00 ,518.00 ,499.00 ,149.00 ,8876.43 
2015-01-19,,,,,,,,,,,,,8311.53 
2015-01-20,,,,,,,,,,,,,8472.48 
2015-01-21,,,,,,,,,,,,,8706.65 
2015-01-22,,,,,,,,,,,,,8703.18 
2015-01-23,,,,,499.00 ,949.00 ,359.00 ,469.00 ,609.00 ,518.00 ,499.00 ,149.00 ,8600.88 
2015-01-26,,,,,,,,,,,,,8718.57 
2015-01-27,,,,,,,,,,,,,8678.57 
2015-01-28,,,,,,,,,,,,,8567.28 
2015-01-29,,,,,,,,,,,,,8471.24 
2015-01-30,,,,,499.00 ,888.00 ,359.00 ,469.00 ,599.00 ,518.00 ,499.00 ,149.00 ,8512.93 
2015-01-31,842.00 ,158.00 ,,,,,,,,,,,
2015-02-02,,,,,,,,,,,,,8328.28 
2015-02-03,,,,,,,,,,,,,8448.42 
2015-02-04,,,,,,,,,,,,,8438.87 
2015-02-05,,,,,,,,,,,,,8329.42 
2015-02-06,,,,,499.00 ,888.00 ,359.00 ,469.00 ,599.00 ,488.00 ,499.00 ,149.00 ,8170.13 
2015-02-09,,,,,,,,,,,,,8491.84 
2015-02-10,,,,,,,,,,,,,8539.37 
2015-02-11,,,,,,,,,,,,,8563.23 
2015-02-12,,,,,,,,,,,,,8573.64 
2015-02-13,,,,,499.00 ,888.00 ,359.00 ,469.00 ,599.00 ,488.00 ,499.00 ,149.00 ,8567.34 
2015-02-16,,,,,,,,,,,,,8584.75 
2015-02-17,,,,,,,,,,,,,8523.05 
2015-02-20,,,,,499.00 ,888.00 ,359.00 ,788.00 ,609.00 ,488.00 ,598.00 ,149.00 ,
2015-02-25,,,,,,,,,,,,,8453.28 
2015-02-26,,,,,,,,,,,,,8608.86 
2015-02-27,,,,,499.00 ,888.00 ,359.00 ,788.00 ,609.00 ,488.00 ,598.00 ,149.00 ,8754.80 
2015-02-28,827.00 ,156.00 ,,,,,,,,,,,
2015-03-02,,,,,,,,,,,,,8719.22 
2015-03-03,,,,,,,,,,,,,8537.04 
2015-03-04,,,,,,,,,,,,,8623.57 
2015-03-05,,,,,,,,,,,,,8550.86 
2015-03-06,,,,,499.00 ,888.00 ,369.00 ,499.00 ,609.00 ,488.00 ,499.00 ,149.00 ,8526.87 
2015-03-09,,,,,,,,,,,,,8733.05 
2015-03-10,,,,,,,,,,,,,8648.13 
2015-03-11,,,,,,,,,,,,,8757.48 
2015-03-12,,,,,,,,,,,,,8817.77 
2015-03-13,,,,,499.00 ,888.00 ,369.00 ,499.00 ,609.00 ,499.00 ,499.00 ,159.00 ,8754.28 
2015-03-16,,,,,,,,,,,,,8940.35 
2015-03-17,,,,,,,,,,,,,9097.70 
2015-03-18,,,,,,,,,,,,,9219.83 
2015-03-19,,,,,,,,,,,,,9073.48 
2015-03-20,,,,,499.00 ,888.00 ,369.00 ,499.00 ,609.00 ,499.00 ,499.00 ,159.00 ,9062.16 
2015-03-23,,,,,,,,,,,,,9158.18 
2015-03-24,,,,,,,,,,,,,9232.66 
2015-03-25,,,,,,,,,,,,,9111.46 
2015-03-26,,,,,,,,,,,,,9423.07 
2015-03-27,,,,,499.00 ,949.00 ,369.00 ,499.00 ,609.00 ,499.00 ,499.00 ,159.00 ,9297.79 
2015-03-30,,,,,,,,,,,,,9421.50 
2015-03-31,811.00 ,153.00 ,318.70 ,107.91 ,,,,,,,,,9319.61 
2015-04-01,,,,,,,,,,,,,9326.05 
2015-04-02,,,,,,,,,,,,,9333.87 
2015-04-03,,,,,499.00 ,949.00 ,498.00 ,499.00 ,609.00 ,499.00 ,499.00 ,159.00 ,9398.35 
2015-04-07,,,,,,,,,,,,,9610.75 
2015-04-08,,,,,,,,,,,,,9752.61 
2015-04-09,,,,,,,,,,,,,9516.72 
2015-04-10,,,,,499.00 ,949.00 ,389.00 ,499.00 ,609.00 ,499.00 ,499.00 ,170.00 ,9664.13 
2015-04-13,,,,,,,,,,,,,9841.23 
2015-04-14,,,,,,,,,,,,,9958.74 
2015-04-15,,,,,,,,,,,,,9811.92 
2015-04-16,,,,,,,,,,,,,10681.55 
2015-04-17,,,,,499.00 ,949.00 ,389.00 ,499.00 ,609.00 ,499.00 ,499.00 ,170.00 ,10732.62 
2015-04-20,,,,,,,,,,,,,10589.58 
2015-04-21,,,,,,,,,,,,,11469.78 
2015-04-22,,,,,,,,,,,,,11660.48 
2015-04-23,,,,,,,,,,,,,11427.47 
2015-04-24,,,,,499.00 ,949.00 ,389.00 ,499.00 ,609.00 ,499.00 ,499.00 ,170.00 ,11361.04 
2015-04-27,,,,,,,,,,,,,11329.00 
2015-04-28,,,,,,,,,,,,,10929.60 
2015-04-29,,,,,,,,,,,,,11000.59 
2015-04-30,803.00 ,150.00 ,,99.12 ,,,,,,,,,11029.93 
2015-05-01,,,,,499.00 ,949.00 ,389.00 ,499.00 ,609.00 ,499.00 ,499.00 ,170.00 ,
2015-05-04,,,,,,,,,,,,,11179.41 
2015-05-05,,,,,,,,,,,,,10609.21 
2015-05-06,,,,,,,,,,,,,10530.16 
2015-05-07,,,,,,,,,,,,,10560.87 
2015-05-08,,,,,499.00 ,949.00 ,339.00 ,499.00 ,609.00 ,499.00 ,499.00 ,159.00 ,10896.35 
2015-05-11,,,,,,,,,,,,,11078.34 
2015-05-12,,,,,,,,,,,,,10996.91 
2015-05-13,,,,,,,,,,,,,11065.00 
2015-05-14,,,,,,,,,,,,,10879.30 
2015-05-15,,,,,499.00 ,949.00 ,389.00 ,499.00 ,609.00 ,499.00 ,499.00 ,159.00 ,10647.91 
2015-05-18,,,,,,,,,,,,,10545.05 
2015-05-19,,,,,,,,,,,,,10859.19 
2015-05-20,,,,,,,,,,,,,10953.36 
2015-05-21,,,,,,,,,,,,,11229.56 
2015-05-22,,,,,499.00 ,949.00 ,389.00 ,499.00 ,609.00 ,499.00 ,499.00 ,159.00 ,11699.51 
2015-05-25,,,,,,,,,,,,,12036.01 
2015-05-26,,,,,,,,,,,,,12146.63 
2015-05-27,,,,,,,,,,,,,11988.86 
2015-05-28,,,,,,,,,,,,,11411.20 
2015-05-29,,,,,499.00 ,949.00 ,369.00 ,499.00 ,609.00 ,499.00 ,499.00 ,159.00 ,11467.81 
2015-05-31,,,,101.24 ,,,,,,,,,
2015-06-01,,,,,,,,,,,,,11931.18 
2015-06-02,,,,,,,,,,,,,11892.09 
2015-06-03,,,,,,,,,,,,,11747.99 
2015-06-04,,,,,,,,,,,,,11589.40 
2015-06-05,,,,,489.00 ,949.00 ,369.00 ,499.00 ,609.00 ,499.00 ,499.00 ,149.00 ,11649.17 
2015-06-08,,,,,,,,,,,,,12069.57 
2015-06-09,,,,,,,,,,,,,11904.09 
2015-06-10,,,,,,,,,,,,,12165.85 
2015-06-11,,,,,,,,,,,,,12191.20 
2015-06-12,,,,,489.00 ,888.00 ,369.00 ,499.00 ,618.00 ,499.00 ,499.00 ,149.00 ,12612.56 
2015-06-15,,,,,,,,,,,,,12655.02 
2015-06-16,,,,,,,,,,,,,12255.37 
2015-06-17,,,,,,,,,,,,,12421.54 
2015-06-18,,,,,,,,,,,,,11841.24 
2015-06-19,,,,,489.00 ,888.00 ,369.00 ,488.00 ,618.00 ,489.00 ,499.00 ,149.00 ,11193.12 
2015-06-23,,,,,,,,,,,,,11938.98 
2015-06-24,,,,,,,,,,,,,12565.06 
2015-06-25,,,,,,,,,,,,,12211.19 
2015-06-26,,,,,499.00 ,888.00 ,369.00 ,499.00 ,618.00 ,499.00 ,499.00 ,208.00 ,11547.85 
2015-06-29,,,,,,,,,,,,,11796.97 
2015-06-30,791.00 ,147.00 ,611.50 ,113.74 ,,,,,,,,,12215.42 
2015-07-01,,,,,,,,,,,,,11928.89 
2015-07-02,,,,,,,,,,,,,11398.47 
2015-07-03,,,,,499.00 ,888.00 ,389.00 ,499.00 ,618.00 ,499.00 ,499.00 ,208.00 ,10756.42 
2015-07-06,,,,,,,,,,,,,10804.97 
2015-07-07,,,,,,,,,,,,,10301.95 
2015-07-08,,,,,,,,,,,,,9813.79 
2015-07-09,,,,,,,,,,,,,10647.65 
2015-07-10,,,,,499.00 ,949.00 ,369.00 ,499.00 ,618.00 ,499.00 ,499.00 ,168.00 ,11263.41 
2015-07-13,,,,,,,,,,,,,11486.42 
2015-07-14,,,,,,,,,,,,,11020.72 
2015-07-15,,,,,,,,,,,,,10656.29 
2015-07-16,,,,,,,,,,,,,10792.77 
2015-07-17,,,,,499.00 ,949.00 ,369.00 ,499.00 ,609.00 ,499.00 ,499.00 ,168.00 ,11060.20 
2015-07-20,,,,,,,,,,,,,10896.13 
2015-07-21,,,,,,,,,,,,,10905.06 
2015-07-22,,,,,,,,,,,,,10862.76 
2015-07-23,,,,,,,,,,,,,11058.40 
2015-07-24,,,,,499.00 ,949.00 ,369.00 ,499.00 ,609.00 ,499.00 ,499.00 ,198.00 ,10965.73 
2015-07-27,,,,,,,,,,,,,10041.51 
2015-07-28,,,,,,,,,,,,,10219.35 
2015-07-29,,,,,,,,,,,,,10429.43 
2015-07-30,,,,,,,,,,,,,10313.95 
2015-07-31,791.00 ,145.00 ,,95.08 ,499.00 ,949.00 ,369.00 ,499.00 ,609.00 ,499.00 ,499.00 ,198.00 ,10408.50 
2015-08-03,,,,,,,,,,,,,10486.26 
2015-08-04,,,,,,,,,,,,,10685.95 
2015-08-05,,,,,,,,,,,,,10500.71 
2015-08-06,,,,,,,,,,,,,10374.41 
2015-08-07,,,,,499.00 ,949.00 ,359.00 ,479.00 ,609.00 ,499.00 ,499.00 ,198.00 ,10492.37 
2015-08-10,,,,,,,,,,,,,10764.81 
2015-08-11,,,,,,,,,,,,,10733.11 
2015-08-12,,,,,,,,,,,,,10623.49 
2015-08-13,,,,,,,,,,,,,10663.98 
2015-08-14,,,,,499.00 ,949.00 ,359.00 ,499.00 ,699.00 ,499.00 ,499.00 ,198.00 ,10695.24 
2015-08-17,,,,,,,,,,,,,10636.09 
2015-08-18,,,,,,,,,,,,,10227.27 
2015-08-19,,,,,,,,,,,,,10336.02 
2015-08-20,,,,,,,,,,,,,10080.66 
2015-08-21,,,,,499.00 ,949.00 ,359.00 ,499.00 ,699.00 ,499.00 ,499.00 ,198.00 ,9620.70 
2015-08-24,,,,,,,,,,,,,8929.80 
2015-08-25,,,,,,,,,,,,,8881.07 
2015-08-26,,,,,,,,,,,,,9068.08 
2015-08-27,,,,,,,,,,,,,9481.39 
2015-08-28,,,,,469.00 ,888.00 ,355.00 ,499.00 ,699.00 ,499.00 ,499.00 ,198.00 ,9550.06 
2015-08-31,800.00 ,143.00 ,,93.53 ,,,,,,,,,9524.78 
2015-09-01,,,,,,,,,,,,,9403.21 
2015-09-02,,,,,,,,,,,,,9460.44 
2015-09-04,,,,,469.00 ,888.00 ,349.00 ,499.00 ,699.00 ,499.00 ,499.00 ,198.00 ,
2015-09-07,,,,,,,,,,,,,9263.60 
2015-09-08,,,,,,,,,,,,,9394.64 
2015-09-09,,,,,,,,,,,,,9542.72 
2015-09-10,,,,,,,,,,,,,9508.68 
2015-09-11,,,,,469.00 ,888.00 ,349.90 ,499.00 ,699.00 ,499.00 ,499.00 ,149.00 ,9486.15 
2015-09-14,,,,,,,,,,,,,9482.53 
2015-09-15,,,,,,,,,,,,,9381.85 
2015-09-16,,,,,,,,,,,,,9637.22 
2015-09-17,,,,,,,,,,,,,9392.37 
2015-09-18,,,,,469.00 ,888.00 ,349.90 ,499.00 ,699.00 ,469.00 ,499.00 ,198.00 ,9423.27 
2015-09-21,,,,,,,,,,,,,9515.71 
2015-09-22,,,,,,,,,,,,,9558.05 
2015-09-23,,,,,,,,,,,,,9379.48 
2015-09-24,,,,,,,,,,,,,9414.81 
2015-09-25,,,,,469.00 ,888.00 ,349.90 ,499.00 ,699.00 ,469.00 ,499.00 ,145.80 ,9341.09 
2015-09-28,,,,,,,,,,,,,9302.13 
2015-09-29,,,,,,,,,,,,,9249.69 
2015-09-30,793.00 ,139.00 ,914.40 ,122.11 ,,,,,,,,,9284.22 
2015-10-02,,,,,499.00 ,949.00 ,359.00 ,499.00 ,699.00 ,469.00 ,499.00 ,198.00 ,
2015-10-08,,,,,,,,,,,,,9545.07 
2015-10-09,,,,,499.00 ,888.00 ,359.00 ,499.00 ,699.00 ,469.00 ,499.00 ,198.00 ,9574.83 
2015-10-12,,,,,,,,,,,,,9736.57 
2015-10-13,,,,,,,,,,,,,9752.61 
2015-10-14,,,,,,,,,,,,,9685.33 
2015-10-15,,,,,,,,,,,,,9807.45 
2015-10-16,,,,,499.00 ,888.00 ,359.00 ,499.00 ,699.00 ,499.00 ,499.00 ,198.00 ,9836.58 
2015-10-19,,,,,,,,,,,,,9866.52 
2015-10-20,,,,,,,,,,,,,9885.34 
2015-10-21,,,,,,,,,,,,,9666.92 
2015-10-22,,,,,,,,,,,,,9772.22 
2015-10-23,,,,,499.00 ,888.00 ,359.00 ,499.00 ,699.00 ,469.00 ,499.00 ,198.00 ,10051.93 
2015-10-26,,,,,,,,,,,,,10201.69 
2015-10-27,,,,,,,,,,,,,10126.36 
2015-10-28,,,,,,,,,,,,,10040.86 
2015-10-29,,,,,,,,,,,,,10120.79 
2015-10-30,,,,,499.00 ,888.00 ,349.00 ,499.00 ,699.00 ,469.00 ,499.00 ,158.00 ,10156.76 
2015-10-31,796.00 ,143.00 ,,116.70 ,,,,,,,,,
2015-11-02,,,,,,,,,,,,,10061.87 
2015-11-03,,,,,,,,,,,,,10012.88 
2015-11-04,,,,,,,,,,,,,10405.46 
2015-11-05,,,,,,,,,,,,,10492.98 
2015-11-06,,,,,499.00 ,888.00 ,349.00 ,499.00 ,699.00 ,469.00 ,499.00 ,149.00 ,10575.08 
2015-11-09,,,,,,,,,,,,,10695.65 
2015-11-10,,,,,,,,,,,,,10677.97 
2015-11-11,,,,,,,,,,,,,10644.35 
2015-11-12,,,,,,,,,,,,,10611.80 
2015-11-13,,,,,499.00 ,888.00 ,348.00 ,499.00 ,659.00 ,499.00 ,499.00 ,168.00 ,10394.85 
2015-11-16,,,,,,,,,,,,,10417.17 
2015-11-17,,,,,,,,,,,,,10468.32 
2015-11-18,,,,,,,,,,,,,10430.58 
2015-11-19,,,,,,,,,,,,,10502.45 
2015-11-20,,,,,499.00 ,888.00 ,359.00 ,499.00 ,699.00 ,499.00 ,499.00 ,159.00 ,10466.33 
2015-11-23,,,,,,,,,,,,,10395.49 
2015-11-24,,,,,,,,,,,,,10371.37 
2015-11-25,,,,,,,,,,,,,10444.17 
2015-11-26,,,,,,,,,,,,,10383.44 
2015-11-27,,,,,499.00 ,888.00 ,359.00 ,499.00 ,699.00 ,499.00 ,499.00 ,198.00 ,9993.18 
2015-11-30,792.00 ,147.00 ,,128.48 ,,,,,,,,,10128.85 
2015-12-01,,,,,,,,,,,,,10250.23 
2015-12-02,,,,,,,,,,,,,10574.23 
2015-12-03,,,,,,,,,,,,,10581.80 
2015-12-04,,,,,499.00 ,888.00 ,359.00 ,499.00 ,699.00 ,499.00 ,499.00 ,159.00 ,10438.51 
2015-12-07,,,,,,,,,,,,,10447.04 
2015-12-08,,,,,,,,,,,,,10210.03 
2015-12-09,,,,,,,,,,,,,10269.92 
2015-12-10,,,,,,,,,,,,,10179.91 
2015-12-11,,,,,499.00 ,888.00 ,359.00 ,499.00 ,699.00 ,499.00 ,499.00 ,159.00 ,10160.34 
2015-12-14,,,,,,,,,,,,,10340.41 
2015-12-15,,,,,,,,,,,,,10385.69 
2015-12-16,,,,,,,,,,,,,10329.81 
2015-12-17,,,,,,,,,,,,,10497.06 
2015-12-18,,,,,499.00 ,888.00 ,359.00 ,499.00 ,699.00 ,499.00 ,499.00 ,152.00 ,10624.60 
2015-12-21,,,,,,,,,,,,,11229.08 
2015-12-22,,,,,,,,,,,,,11143.30 
2015-12-23,,,,,,,,,,,,,11018.53 
2015-12-24,,,,,,,,,,,,,11079.04 
2015-12-25,,,,,469.00 ,888.00 ,359.00 ,499.00 ,699.00 ,499.00 ,499.00 ,179.00 ,11000.04 
2015-12-28,,,,,,,,,,,,,10744.03 
2015-12-29,,,,,,,,,,,,,10903.33 
2015-12-30,,,,,,,,,,,,,10920.60 
2015-12-31,790.00 ,152.00 ,1278.80 ,137.93 ,,,,,,,,,10900.61 
2016-01-01,,,,,469.00 ,888.00 ,349.00 ,499.00 ,699.00 ,538.00 ,598.00 ,198.00 ,
2016-01-04,,,,,,,,,,,,,10268.45 
2016-01-05,,,,,,,,,,,,,10393.23 
2016-01-06,,,,,,,,,,,,,10513.78 
2016-01-07,,,,,,,,,,,,,9876.88 
2016-01-08,,,,,469.00 ,888.00 ,345.00 ,489.00 ,699.00 ,538.00 ,499.00 ,169.00 ,10026.36 
2016-01-11,,,,,,,,,,,,,9561.46 
2016-01-12,,,,,,,,,,,,,9482.59 
2016-01-13,,,,,,,,,,,,,9488.63 
2016-01-14,,,,,,,,,,,,,9708.81 
2016-01-15,,,,,469.00 ,888.00 ,349.00 ,489.00 ,659.00 ,538.00 ,499.00 ,169.00 ,9426.33 
2016-01-18,,,,,,,,,,,,,9481.38 
2016-01-19,,,,,,,,,,,,,9894.95 
2016-01-20,,,,,,,,,,,,,9638.19 
2016-01-21,,,,,,,,,,,,,9454.87 
2016-01-22,,,,,469.00 ,888.00 ,349.00 ,488.00 ,659.00 ,538.00 ,499.00 ,169.00 ,9526.46 
2016-01-25,,,,,,,,,,,,,9639.91 
2016-01-26,,,,,,,,,,,,,9356.49 
2016-01-27,,,,,,,,,,,,,9304.86 
2016-01-28,,,,,,,,,,,,,9085.36 
2016-01-29,,,,,469.00 ,888.00 ,329.00 ,488.00 ,659.00 ,538.00 ,499.00 ,169.00 ,9360.44 
2016-01-31,785.00 ,152.00 ,,,,,,,,,,,
2016-02-01,,,,,,,,,,,,,9403.56 
2016-02-02,,,,,,,,,,,,,9564.17 
2016-02-03,,,,,,,,,,,,,9546.83 
2016-02-04,,,,,,,,,,,,,9612.25 
2016-02-05,,,,,469.00 ,888.00 ,349.00 ,469.00 ,659.00 ,538.00 ,499.00 ,169.00 ,9486.45 
2016-02-12,,,,,469.00 ,888.00 ,359.00 ,488.00 ,659.00 ,538.00 ,499.00 ,169.00 ,
2016-02-15,,,,,,,,,,,,,9316.92 
2016-02-16,,,,,,,,,,,,,9551.83 
2016-02-17,,,,,,,,,,,,,9519.63 
2016-02-18,,,,,,,,,,,,,9455.61 
2016-02-19,,,,,469.00 ,909.00 ,339.00 ,469.00 ,659.00 ,538.00 ,499.00 ,169.00 ,9466.99 
2016-02-22,,,,,,,,,,,,,9686.60 
2016-02-23,,,,,,,,,,,,,9876.62 
2016-02-24,,,,,,,,,,,,,9988.89 
2016-02-25,,,,,,,,,,,,,9541.85 
2016-02-26,,,,,469.00 ,909.00 ,359.00 ,489.00 ,659.00 ,538.00 ,499.00 ,169.00 ,9688.04 
2016-02-29,782.00 ,152.00 ,,108.20 ,,,,,,,,,9447.29 
2016-03-01,,,,,,,,,,,,,9623.31 
2016-03-02,,,,,,,,,,,,,9985.43 
2016-03-03,,,,,,,,,,,,,10140.43 
2016-03-04,,,,,748.00 ,909.00 ,359.00 ,489.00 ,659.00 ,538.00 ,499.00 ,169.00 ,10475.84 
2016-03-07,,,,,,,,,,,,,10429.31 
2016-03-08,,,,,,,,,,,,,10283.35 
2016-03-09,,,,,,,,,,,,,10167.95 
2016-03-10,,,,,,,,,,,,,10249.07 
2016-03-11,,,,,748.00 ,909.00 ,359.00 ,489.00 ,659.00 ,538.00 ,499.00 ,169.00 ,10234.67 
2016-03-14,,,,,,,,,,,,,10206.29 
2016-03-15,,,,,,,,,,,,,10333.06 
2016-03-16,,,,,,,,,,,,,10229.51 
2016-03-17,,,,,,,,,,,,,10346.39 
2016-03-18,,,,,489.00 ,909.00 ,359.00 ,489.00 ,659.00 ,538.00 ,499.00 ,169.00 ,10384.23 
2016-03-21,,,,,,,,,,,,,10590.17 
2016-03-22,,,,,,,,,,,,,10655.80 
2016-03-23,,,,,,,,,,,,,10652.17 
2016-03-24,,,,,,,,,,,,,10874.68 
2016-03-25,,,,,489.00 ,919.00 ,359.00 ,489.00 ,669.00 ,538.00 ,499.00 ,169.00 ,11017.04 
2016-03-28,,,,,,,,,,,,,11266.78 
2016-03-29,,,,,,,,,,,,,11136.35 
2016-03-30,,,,,,,,,,,,,11244.26 
2016-03-31,780.00 ,155.00 ,336.98 ,119.04 ,,,,,,,,,11234.64 
2016-04-01,,,,,489.00 ,919.00 ,359.00 ,459.00 ,669.00 ,538.00 ,499.00 ,169.00 ,11136.66 
2016-04-05,,,,,,,,,,,,,11194.69 
2016-04-06,,,,,,,,,,,,,11561.42 
2016-04-07,,,,,,,,,,,,,11316.20 
2016-04-08,,,,,489.00 ,919.00 ,369.00 ,419.00 ,729.00 ,538.00 ,499.00 ,169.00 ,11121.65 
2016-04-11,,,,,,,,,,,,,11045.20 
2016-04-12,,,,,,,,,,,,,11036.01 
2016-04-13,,,,,,,,,,,,,11021.89 
2016-04-14,,,,,,,,,,,,,11099.35 
2016-04-15,,,,,489.00 ,919.00 ,369.00 ,419.00 ,729.00 ,538.00 ,499.00 ,169.00 ,11123.15 
2016-04-18,,,,,,,,,,,,,10960.02 
2016-04-19,,,,,,,,,,,,,10942.38 
2016-04-20,,,,,,,,,,,,,10704.38 
2016-04-21,,,,,,,,,,,,,10758.05 
2016-04-22,,,,,489.00 ,919.00 ,369.00 ,419.00 ,729.00 ,558.00 ,499.00 ,169.00 ,11005.44 
2016-04-25,,,,,,,,,,,,,11020.17 
2016-04-26,,,,,,,,,,,,,11059.31 
2016-04-27,,,,,,,,,,,,,11114.91 
2016-04-28,,,,,,,,,,,,,11127.95 
2016-04-29,,,,,489.00 ,919.00 ,341.00 ,419.00 ,729.00 ,558.00 ,499.00 ,169.00 ,11376.14 
2016-04-30,783.00 ,155.00 ,,101.80 ,,,,,,,,,
2016-05-03,,,,,,,,,,,,,12014.29 
2016-05-04,,,,,,,,,,,,,11907.40 
2016-05-05,,,,,,,,,,,,,11974.92 
2016-05-06,,,,,489.00 ,919.00 ,369.00 ,419.00 ,729.00 ,558.00 ,469.00 ,169.00 ,11606.03 
2016-05-09,,,,,,,,,,,,,11531.29 
2016-05-10,,,,,,,,,,,,,11622.14 
2016-05-11,,,,,,,,,,,,,11824.98 
2016-05-12,,,,,,,,,,,,,11760.53 
2016-05-13,,,,,489.00 ,929.00 ,369.00 ,419.00 ,729.00 ,558.00 ,499.00 ,169.00 ,11631.86 
2016-05-16,,,,,,,,,,,,,11716.26 
2016-05-17,,,,,,,,,,,,,11587.81 
2016-05-18,,,,,,,,,,,,,11381.11 
2016-05-19,,,,,,,,,,,,,11359.50 
2016-05-20,,,,,489.00 ,929.00 ,369.00 ,419.00 ,729.00 ,558.00 ,499.00 ,169.00 ,11548.86 
2016-05-23,,,,,,,,,,,,,11708.33 
2016-05-24,,,,,,,,,,,,,11515.64 
2016-05-25,,,,,,,,,,,,,11436.29 
2016-05-26,,,,,,,,,,,,,11422.89 
2016-05-27,,,,,489.00 ,929.00 ,365.00 ,399.00 ,729.00 ,558.00 ,479.00 ,169.00 ,11443.04 
2016-05-30,,,,,,,,,,,,,11496.62 
2016-05-31,785.00 ,154.00 ,,105.50 ,,,,,,,,,11897.11 
2016-06-01,,,,,,,,,,,,,11904.28 
2016-06-02,,,,,,,,,,,,,12068.10 
2016-06-03,,,,,489.00 ,929.00 ,369.00 ,419.00 ,729.00 ,558.00 ,479.00 ,169.00 ,12671.10 
2016-06-06,,,,,,,,,,,,,12519.53 
2016-06-07,,,,,,,,,,,,,12643.65 
2016-06-08,,,,,,,,,,,,,12433.73 
2016-06-10,,,,,489.00 ,929.00 ,498.00 ,399.00 ,729.00 ,558.00 ,479.00 ,169.00 ,
2016-06-13,,,,,,,,,,,,,12060.11 
2016-06-14,,,,,,,,,,,,,12353.05 
2016-06-15,,,,,,,,,,,,,12629.76 
2016-06-16,,,,,,,,,,,,,12649.64 
2016-06-17,,,,,489.00 ,889.00 ,358.00 ,419.00 ,729.00 ,558.00 ,479.00 ,179.00 ,12919.48 
2016-06-20,,,,,,,,,,,,,12796.11 
2016-06-21,,,,,,,,,,,,,12626.42 
2016-06-22,,,,,,,,,,,,,12785.12 
2016-06-23,,,,,,,,,,,,,12692.79 
2016-06-24,,,,,489.00 ,919.00 ,365.00 ,419.00 ,729.00 ,558.00 ,479.00 ,169.00 ,12541.45 
2016-06-27,,,,,,,,,,,,,13033.92 
2016-06-28,,,,,,,,,,,,,13024.81 
2016-06-29,,,,,,,,,,,,,12980.71 
2016-06-30,790.00 ,154.00 ,643.57 ,115.97 ,,,,,,,,,13149.04 
2016-07-01,,,,,489.00 ,929.00 ,369.00 ,419.00 ,729.00 ,558.00 ,499.00 ,169.00 ,12981.95 
2016-07-04,,,,,,,,,,,,,13195.98 
2016-07-05,,,,,,,,,,,,,13432.93 
2016-07-06,,,,,,,,,,,,,14311.75 
2016-07-07,,,,,,,,,,,,,14149.90 
2016-07-08,,,,,489.00 ,929.00 ,369.00 ,419.00 ,729.00 ,558.00 ,499.00 ,169.00 ,14096.31 
2016-07-11,,,,,,,,,,,,,14464.46 
2016-07-12,,,,,,,,,,,,,14722.27 
2016-07-13,,,,,,,,,,,,,14397.89 
2016-07-14,,,,,,,,,,,,,14333.65 
2016-07-15,,,,,489.00 ,999.00 ,369.00 ,419.00 ,729.00 ,558.00 ,499.00 ,179.00 ,14361.09 
2016-07-18,,,,,,,,,,,,,14232.72 
2016-07-19,,,,,,,,,,,,,13819.68 
2016-07-20,,,,,,,,,,,,,13803.96 
2016-07-21,,,,,,,,,,,,,13984.16 
2016-07-22,,,,,489.00 ,999.00 ,369.00 ,419.00 ,729.00 ,558.00 ,499.00 ,179.00 ,13660.05 
2016-07-25,,,,,,,,,,,,,13738.96 
2016-07-26,,,,,,,,,,,,,14106.90 
2016-07-27,,,,,,,,,,,,,13779.65 
2016-07-28,,,,,,,,,,,,,13913.45 
2016-07-29,,,,,489.00 ,1059.00 ,369.00 ,419.00 ,729.00 ,558.00 ,499.00 ,188.00 ,13884.34 
2016-07-31,791.00 ,154.00 ,,96.47 ,,,,,,,,,
2016-08-01,,,,,,,,,,,,,13463.27 
2016-08-02,,,,,,,,,,,,,13460.55 
2016-08-03,,,,,,,,,,,,,13491.63 
2016-08-04,,,,,,,,,,,,,13493.17 
2016-08-05,,,,,489.00 ,1059.00 ,369.00 ,419.00 ,729.00 ,558.00 ,499.00 ,188.00 ,13415.69 
2016-08-08,,,,,,,,,,,,,13562.67 
2016-08-09,,,,,,,,,,,,,13856.31 
2016-08-10,,,,,,,,,,,,,13768.15 
2016-08-11,,,,,,,,,,,,,13841.81 
2016-08-12,,,,,489.00 ,1059.00 ,369.00 ,439.00 ,729.00 ,558.00 ,499.00 ,188.00 ,13850.36 
2016-08-15,,,,,,,,,,,,,14071.13 
2016-08-16,,,,,,,,,,,,,13791.30 
2016-08-17,,,,,,,,,,,,,13793.77 
2016-08-18,,,,,,,,,,,,,13687.87 
2016-08-19,,,,,489.00 ,999.00 ,369.00 ,439.00 ,729.00 ,558.00 ,499.00 ,188.00 ,13632.48 
2016-08-22,,,,,,,,,,,,,13628.76 
2016-08-23,,,,,,,,,,,,,13584.78 
2016-08-24,,,,,,,,,,,,,13514.42 
2016-08-25,,,,,,,,,,,,,13433.82 
2016-08-26,,,,,489.00 ,1039.00 ,369.00 ,439.00 ,729.00 ,558.00 ,499.00 ,178.00 ,13379.70 
2016-08-29,,,,,,,,,,,,,13456.94 
2016-08-30,,,,,,,,,,,,,13458.86 
2016-08-31,791.00 ,147.00 ,,97.40 ,,,,,,,,,13626.07 
2016-09-01,,,,,,,,,,,,,13480.60 
2016-09-02,,,,,489.00 ,1039.00 ,369.00 ,439.00 ,729.00 ,558.00 ,499.00 ,188.00 ,13335.98 
2016-09-05,,,,,,,,,,,,,13401.68 
2016-09-06,,,,,,,,,,,,,13495.47 
2016-09-07,,,,,,,,,,,,,13357.22 
2016-09-08,,,,,,,,,,,,,13327.39 
2016-09-09,,,,,489.00 ,999.00 ,369.00 ,439.00 ,829.00 ,558.00 ,488.00 ,188.00 ,13231.82 
2016-09-12,,,,,,,,,,,,,12835.60 
2016-09-13,,,,,,,,,,,,,12933.50 
2016-09-14,,,,,,,,,,,,,12865.18 
2016-09-19,,,,,,,,,,,,,12946.07 
2016-09-20,,,,,,,,,,,,,12816.35 
2016-09-21,,,,,,,,,,,,,12813.66 
2016-09-22,,,,,,,,,,,,,13004.99 
2016-09-23,,,,,489.00 ,1039.00 ,369.00 ,439.00 ,829.00 ,558.00 ,488.00 ,188.00 ,12988.75 
2016-09-26,,,,,,,,,,,,,12622.13 
2016-09-27,,,,,,,,,,,,,12726.34 
2016-09-28,,,,,,,,,,,,,12633.68 
2016-09-29,,,,,,,,,,,,,12734.75 
2016-09-30,796.00 ,148.00 ,939.01 ,123.58 ,489.00 ,999.00 ,369.00 ,439.00 ,829.00 ,558.00 ,488.00 ,188.00 ,12996.30 
2016-10-10,,,,,,,,,,,,,13201.25 
2016-10-11,,,,,,,,,,,,,13316.10 
2016-10-12,,,,,,,,,,,,,13254.18 
2016-10-13,,,,,,,,,,,,,13161.84 
2016-10-14,,,,,489.00 ,1039.00 ,369.00 ,439.00 ,829.00 ,558.00 ,488.00 ,188.00 ,13203.79 
2016-10-17,,,,,,,,,,,,,13146.70 
2016-10-18,,,,,,,,,,,,,13402.16 
2016-10-19,,,,,,,,,,,,,13385.22 
2016-10-20,,,,,,,,,,,,,13327.21 
2016-10-21,,,,,489.00 ,1039.00 ,369.00 ,439.00 ,829.00 ,558.00 ,488.00 ,188.00 ,13275.34 
2016-10-24,,,,,,,,,,,,,13363.17 
2016-10-25,,,,,,,,,,,,,13653.13 
2016-10-26,,,,,,,,,,,,,13847.05 
2016-10-27,,,,,,,,,,,,,13865.43 
2016-10-28,,,,,489.00 ,1099.00 ,369.00 ,439.00 ,829.00 ,558.00 ,488.00 ,188.00 ,13893.24 
2016-10-31,795.00 ,150.00 ,,117.77 ,,,,,,,,,13866.08 
2016-11-01,,,,,,,,,,,,,13937.47 
2016-11-02,,,,,,,,,,,,,13769.45 
2016-11-03,,,,,,,,,,,,,13806.36 
2016-11-04,,,,,489.00 ,1099.00 ,359.00 ,439.00 ,829.00 ,558.00 ,488.00 ,188.00 ,13686.77 
2016-11-07,,,,,,,,,,,,,13688.96 
2016-11-08,,,,,,,,,,,,,13892.74 
2016-11-09,,,,,,,,,,,,,13764.21 
2016-11-10,,,,,,,,,,,,,13884.70 
2016-11-11,,,,,459.00 ,999.00 ,339.00 ,399.00 ,799.00 ,558.00 ,396.00 ,169.00 ,13771.10 
2016-11-14,,,,,,,,,,,,,13642.38 
2016-11-15,,,,,,,,,,,,,13810.28 
2016-11-16,,,,,,,,,,,,,13718.35 
2016-11-17,,,,,,,,,,,,,13649.28 
2016-11-18,,,,,489.00 ,1099.00 ,359.00 ,439.00 ,829.00 ,558.00 ,488.00 ,169.00 ,13588.87 
2016-11-21,,,,,,,,,,,,,13582.70 
2016-11-22,,,,,,,,,,,,,13585.48 
2016-11-23,,,,,,,,,,,,,13768.25 
2016-11-24,,,,,,,,,,,,,13850.71 
2016-11-25,,,,,489.00 ,1099.00 ,349.00 ,439.00 ,829.00 ,558.00 ,488.00 ,208.00 ,13835.70 
2016-11-28,,,,,,,,,,,,,13905.78 
2016-11-29,,,,,,,,,,,,,14151.17 
2016-11-30,801.00 ,151.00 ,,135.20 ,,,,,,,,,13898.02 
2016-12-01,,,,,,,,,,,,,13945.48 
2016-12-02,,,,,489.00 ,1099.00 ,359.00 ,439.00 ,829.00 ,558.00 ,468.00 ,208.00 ,13862.59 
2016-12-05,,,,,,,,,,,,,13728.11 
2016-12-06,,,,,,,,,,,,,14040.50 
2016-12-07,,,,,,,,,,,,,14066.81 
2016-12-08,,,,,,,,,,,,,14378.14 
2016-12-09,,,,,489.00 ,1119.00 ,349.00 ,439.00 ,829.00 ,558.00 ,459.00 ,208.00 ,14406.41 
2016-12-12,,,,,,,,,,,,,13925.01 
2016-12-13,,,,,,,,,,,,,14277.46 
2016-12-14,,,,,,,,,,,,,14183.70 
2016-12-15,,,,,,,,,,,,,14046.88 
2016-12-16,,,,,489.00 ,1099.00 ,359.00 ,439.00 ,829.00 ,558.00 ,459.00 ,208.00 ,14030.66 
2016-12-19,,,,,,,,,,,,,14108.68 
2016-12-20,,,,,,,,,,,,,14015.76 
2016-12-21,,,,,,,,,,,,,14082.27 
2016-12-22,,,,,,,,,,,,,13934.52 
2016-12-23,,,,,489.00 ,1109.00 ,339.00 ,439.00 ,829.00 ,558.00 ,459.00 ,208.00 ,13690.95 
2016-12-26,,,,,,,,,,,,,13781.66 
2016-12-27,,,,,,,,,,,,,13798.67 
2016-12-28,,,,,,,,,,,,,13710.67 
2016-12-29,,,,,,,,,,,,,13785.43 
2016-12-30,,,,,489.00 ,1169.00 ,359.00 ,459.00 ,829.00 ,558.00 ,459.00 ,208.00 ,14069.14 
2016-12-31,813.00 ,153.00 ,1305.71 ,145.10 ,,,,,,,,,
2017-01-03,,,,,,,,,,,,,14110.06 
2017-01-04,,,,,,,,,,,,,14655.27 
2017-01-05,,,,,,,,,,,,,14535.23 
2017-01-06,,,,,489.00 ,1259.00 ,349.00 ,459.00 ,829.00 ,558.00 ,459.00 ,208.00 ,14602.72 
2017-01-09,,,,,,,,,,,,,14573.00 
2017-01-10,,,,,,,,,,,,,14576.14 
2017-01-11,,,,,,,,,,,,,14373.39 
2017-01-12,,,,,,,,,,,,,14330.02 
2017-01-13,,,,,489.00 ,1259.00 ,349.00 ,459.00 ,829.00 ,519.00 ,459.00 ,208.00 ,14254.97 
2017-01-16,,,,,,,,,,,,,14125.03 
2017-01-17,,,,,,,,,,,,,14362.17 
2017-01-18,,,,,,,,,,,,,14635.10 
2017-01-19,,,,,,,,,,,,,14557.96 
2017-01-20,,,,,459.00 ,1259.00 ,345.00 ,439.00 ,818.00 ,519.00 ,459.00 ,218.00 ,14598.16 
2017-01-23,,,,,,,,,,,,,14579.64 
2017-01-24,,,,,,,,,,,,,14572.15 
2017-01-25,,,,,,,,,,,,,14499.38 
2017-01-26,,,,,,,,,,,,,14393.74 
2017-01-31,836.00 ,155.00 ,,,,,,,,,,,
2017-02-03,,,,,,1259.00 ,348.00 ,439.00 ,829.00 ,519.00 ,459.00 ,208.00 ,14364.06 
2017-02-06,,,,,,,,,,,,,14398.97 
2017-02-07,,,,,,,,,,,,,14337.04 
2017-02-08,,,,,,,,,,,,,14416.37 
2017-02-09,,,,,,,,,,,,,14590.46 
2017-02-10,,,,,469.00 ,1259.00 ,349.00 ,439.00 ,829.00 ,558.00 ,459.00 ,198.00 ,14626.54 
2017-02-13,,,,,,,,,,,,,14988.72 
2017-02-14,,,,,,,,,,,,,15054.58 
2017-02-15,,,,,,,,,,,,,14958.63 
2017-02-16,,,,,,,,,,,,,14961.04 
2017-02-17,,,,,489.00 ,1299.00 ,345.00 ,469.00 ,899.00 ,558.00 ,459.00 ,208.00 ,15086.12 
2017-02-20,,,,,,,,,,,,,15671.09 
2017-02-21,,,,,,,,,,,,,15590.72 
2017-02-22,,,,,,,,,,,,,15815.88 
2017-02-23,,,,,,,,,,,,,15692.63 
2017-02-24,,,,,489.00 ,1399.00 ,359.00 ,469.00 ,899.00 ,558.00 ,459.00 ,208.00 ,15685.74 
2017-02-27,,,,,,,,,,,,,15354.19 
2017-02-28,843.00 ,154.00 ,,,,,,,,,,,15349.29 
2017-03-01,,,,,,,,,,,,,15476.59 
2017-03-02,,,,,,,,,,,,,15509.23 
2017-03-03,,,,,489.00 ,1299.00 ,359.00 ,469.00 ,899.00 ,558.00 ,458.00 ,208.00 ,15547.36 
2017-03-06,,,,,,,,,,,,,15656.96 
2017-03-07,,,,,,,,,,,,,16025.77 
2017-03-08,,,,,,,,,,,,,15955.87 
2017-03-09,,,,,,,,,,,,,15917.15 
2017-03-10,,,,,489.00 ,1299.00 ,349.00 ,469.00 ,899.00 ,558.00 ,458.00 ,208.00 ,15942.02 
2017-03-13,,,,,,,,,,,,,16156.16 
2017-03-14,,,,,,,,,,,,,16044.72 
2017-03-15,,,,,,,,,,,,,16159.83 
2017-03-16,,,,,,,,,,,,,16115.10 
2017-03-17,,,,,449.00 ,1299.00 ,345.00 ,469.00 ,899.00 ,558.00 ,499.00 ,208.00 ,16158.93 
2017-03-20,,,,,,,,,,,,,16359.48 
2017-03-21,,,,,,,,,,,,,16905.39 
2017-03-22,,,,,,,,,,,,,16967.33 
2017-03-23,,,,,,,,,,,,,16757.96 
2017-03-24,,,,,469.00 ,1299.00 ,359.00 ,469.00 ,899.00 ,558.00 ,449.00 ,219.00 ,16654.40 
2017-03-27,,,,,,,,,,,,,16330.61 
2017-03-28,,,,,,,,,,,,,16371.56 
2017-03-29,,,,,,,,,,,,,16500.42 
2017-03-30,,,,,,,,,,,,,16434.92 
2017-03-31,847.00 ,154.00 ,355.45 ,121.40 ,449.00 ,1299.00 ,359.00 ,469.00 ,899.00 ,558.00 ,499.00 ,198.00 ,16471.91 
2017-04-05,,,,,,,,,,,,,16603.11 
2017-04-06,,,,,,,,,,,,,16620.62 
2017-04-07,,,,,499.00 ,1299.00 ,359.00 ,469.00 ,899.00 ,538.00 ,499.00 ,219.00 ,16569.69 
2017-04-10,,,,,,,,,,,,,16243.81 
2017-04-11,,,,,,,,,,,,,16126.37 
2017-04-12,,,,,,,,,,,,,16362.23 
2017-04-13,,,,,,,,,,,,,16663.50 
2017-04-14,,,,,499.00 ,1299.00 ,359.00 ,469.00 ,899.00 ,538.00 ,499.00 ,219.00 ,16485.71 
2017-04-17,,,,,,,,,,,,,16572.50 
2017-04-18,,,,,,,,,,,,,16957.53 
2017-04-19,,,,,,,,,,,,,16988.83 
2017-04-20,,,,,,,,,,,,,17490.42 
2017-04-21,,,,,449.00 ,1299.00 ,359.00 ,469.00 ,899.00 ,668.00 ,499.00 ,219.00 ,17087.44 
2017-04-24,,,,,,,,,,,,,16780.72 
2017-04-25,,,,,,,,,,,,,17480.04 
2017-04-26,,,,,,,,,,,,,17366.82 
2017-04-27,,,,,,,,,,,,,17487.15 
2017-04-28,,,,,499.00 ,1299.00 ,359.00 ,469.00 ,879.00 ,668.00 ,478.00 ,219.00 ,17054.95 
2017-04-30,858.00 ,155.00 ,,107.00 ,,,,,,,,,
2017-05-02,,,,,,,,,,,,,16886.61 
2017-05-03,,,,,,,,,,,,,17065.01 
2017-05-04,,,,,,,,,,,,,16978.90 
2017-05-05,,,,,448.00 ,1299.00 ,373.00 ,469.00 ,899.00 ,668.00 ,478.00 ,219.00 ,16919.09 
2017-05-08,,,,,,,,,,,,,16499.88 
2017-05-09,,,,,,,,,,,,,16686.97 
2017-05-10,,,,,,,,,,,,,16674.56 
2017-05-11,,,,,,,,,,,,,16815.85 
2017-05-12,,,,,499.00 ,1299.00 ,358.00 ,469.00 ,899.00 ,668.00 ,478.00 ,219.00 ,16825.78 
2017-05-15,,,,,,,,,,,,,17089.03 
2017-05-16,,,,,,,,,,,,,17616.63 
2017-05-17,,,,,,,,,,,,,17370.45 
2017-05-18,,,,,,,,,,,,,17404.41 
2017-05-19,,,,,499.00 ,1299.00 ,358.00 ,469.00 ,899.00 ,668.00 ,458.00 ,219.00 ,17671.82 
2017-05-22,,,,,,,,,,,,,17665.89 
2017-05-23,,,,,,,,,,,,,18115.53 
2017-05-24,,,,,,,,,,,,,17973.96 
2017-05-25,,,,,,,,,,,,,17969.81 
2017-05-26,,,,,499.00 ,1299.00 ,358.00 ,469.00 ,899.00 ,668.00 ,488.00 ,219.00 ,18002.64 
2017-05-31,871.00 ,156.00 ,,110.20 ,,,,,,,,,17842.97 
2017-06-01,,,,,,,,,,,,,17969.01 
2017-06-02,,,,,499.00 ,1299.00 ,358.00 ,459.00 ,899.00 ,668.00 ,488.00 ,219.00 ,17872.44 
2017-06-05,,,,,,,,,,,,,17697.55 
2017-06-06,,,,,,,,,,,,,17969.11 
2017-06-07,,,,,,,,,,,,,18499.18 
2017-06-08,,,,,,,,,,,,,18682.15 
2017-06-09,,,,,459.00 ,1298.00 ,355.00 ,459.00 ,869.00 ,668.00 ,488.00 ,228.00 ,18812.88 
2017-06-12,,,,,,,,,,,,,19275.02 
2017-06-13,,,,,,,,,,,,,19251.45 
2017-06-14,,,,,,,,,,,,,19160.59 
2017-06-15,,,,,,,,,,,,,18753.51 
2017-06-16,,,,,499.00 ,1299.00 ,341.90 ,459.00 ,899.00 ,668.00 ,488.00 ,228.00 ,18650.32 
2017-06-19,,,,,,,,,,,,,18826.25 
2017-06-20,,,,,,,,,,,,,18713.17 
2017-06-21,,,,,,,,,,,,,19121.42 
2017-06-22,,,,,,,,,,,,,19063.08 
2017-06-23,,,,,499.00 ,1299.00 ,373.00 ,469.00 ,899.00 ,668.00 ,478.00 ,228.00 ,19127.97 
2017-06-26,,,,,,,,,,,,,19658.60 
2017-06-27,,,,,,,,,,,,,19662.71 
2017-06-28,,,,,,,,,,,,,19290.20 
2017-06-29,,,,,,,,,,,,,19228.08 
2017-06-30,872.00 ,157.00 ,685.30 ,127.30 ,499.00 ,1299.00 ,373.00 ,469.00 ,899.00 ,668.00 ,488.00 ,228.00 ,19243.90 
2017-07-03,,,,,,,,,,,,,18812.76 
2017-07-04,,,,,,,,,,,,,18477.21 
2017-07-05,,,,,,,,,,,,,18748.94 
2017-07-06,,,,,,,,,,,,,18619.99 
2017-07-07,,,,,499.00 ,1299.00 ,373.00 ,469.00 ,899.00 ,668.00 ,488.00 ,228.00 ,18307.73 
2017-07-10,,,,,,,,,,,,,18558.91 
2017-07-11,,,,,,,,,,,,,18829.34 
2017-07-12,,,,,,,,,,,,,18549.85 
2017-07-13,,,,,,,,,,,,,18561.78 
2017-07-14,,,,,499.00 ,1299.00 ,373.00 ,469.00 ,899.00 ,668.00 ,488.00 ,218.00 ,18665.20 
2017-07-17,,,,,,,,,,,,,18307.92 
2017-07-18,,,,,,,,,,,,,18460.81 
2017-07-19,,,,,,,,,,,,,18732.34 
2017-07-20,,,,,,,,,,,,,19101.00 
2017-07-21,,,,,499.00 ,1299.00 ,368.00 ,469.00 ,899.00 ,668.00 ,488.00 ,218.00 ,19341.96 
2017-07-24,,,,,,,,,,,,,19604.44 
2017-07-25,,,,,,,,,,,,,19548.34 
2017-07-26,,,,,,,,,,,,,19260.56 
2017-07-27,,,,,,,,,,,,,19361.28 
2017-07-28,,,,,499.00 ,1299.00 ,373.00 ,469.00 ,899.00 ,668.00 ,488.00 ,218.00 ,20032.95 
2017-07-31,882.00 ,157.00 ,,100.40 ,,,,,,,,,20093.37 
2017-08-01,,,,,,,,,,,,,20150.83 
2017-08-02,,,,,,,,,,,,,20022.20 
2017-08-03,,,,,,,,,,,,,19756.31 
2017-08-04,,,,,598.00 ,1299.00 ,373.00 ,469.00 ,899.00 ,668.00 ,518.00 ,218.00 ,19598.95 
2017-08-07,,,,,,,,,,,,,20173.79 
2017-08-08,,,,,,,,,,,,,20138.73 
2017-08-09,,,,,,,,,,,,,20652.16 
2017-08-10,,,,,,,,,,,,,20801.84 
2017-08-11,,,,,598.00 ,1299.00 ,373.00 ,509.00 ,899.00 ,668.00 ,518.00 ,218.00 ,20344.27 
2017-08-14,,,,,,,,,,,,,20810.18 
2017-08-15,,,,,,,,,,,,,20754.62 
2017-08-16,,,,,,,,,,,,,20677.84 
2017-08-17,,,,,,,,,,,,,20446.94 
2017-08-18,,,,,598.00 ,1299.00 ,373.00 ,509.00 ,899.00 ,668.00 ,518.00 ,218.00 ,20352.37 
2017-08-21,,,,,,,,,,,,,20288.16 
2017-08-22,,,,,,,,,,,,,19986.90 
