指标名称,产量:水泥专用设备:当月值,申万行业指数:水泥制造,价格:普通水泥:42.5级袋装:北京,价格:普通水泥:42.5级袋装:上海,价格:普通水泥:42.5级袋装:南京,价格:普通水泥:42.5级袋装:济南,价格:普通水泥:42.5级袋装:武汉
2010-01-01,,,380.00 ,345.00 ,295.00 ,360.00 ,340.00 
2010-01-04,,4702.96 ,,,,,
2010-01-05,,4704.01 ,,,,,
2010-01-06,,4703.23 ,,,,,
2010-01-07,,4566.86 ,,,,,
2010-01-08,,4595.01 ,380.00 ,345.00 ,295.00 ,360.00 ,340.00 
2010-01-11,,4556.15 ,,,,,
2010-01-12,,4640.87 ,,,,,
2010-01-13,,4487.96 ,,,,,
2010-01-14,,4544.80 ,,,,,
2010-01-15,,4568.53 ,380.00 ,345.00 ,295.00 ,360.00 ,340.00 
2010-01-18,,4631.20 ,,,,,
2010-01-19,,4673.27 ,,,,,
2010-01-20,,4453.40 ,,,,,
2010-01-21,,4434.86 ,,,,,
2010-01-22,,4292.18 ,380.00 ,345.00 ,295.00 ,360.00 ,340.00 
2010-01-25,,4280.43 ,,,,,
2010-01-26,,4153.33 ,,,,,
2010-01-27,,4133.22 ,,,,,
2010-01-28,,4168.93 ,,,,,
2010-01-29,,4270.87 ,380.00 ,345.00 ,295.00 ,360.00 ,340.00 
2010-01-31,61637.94 ,,,,,,
2010-02-01,,4283.26 ,,,,,
2010-02-02,,4244.09 ,,,,,
2010-02-03,,4242.53 ,,,,,
2010-02-04,,4337.13 ,,,,,
2010-02-05,,4164.28 ,380.00 ,345.00 ,275.00 ,360.00 ,340.00 
2010-02-08,,4144.24 ,,,,,
2010-02-09,,4144.32 ,,,,,
2010-02-10,,4229.51 ,,,,,
2010-02-11,,4220.13 ,,,,,
2010-02-12,,4266.56 ,380.00 ,345.00 ,275.00 ,360.00 ,340.00 
2010-02-19,,,380.00 ,345.00 ,275.00 ,360.00 ,340.00 
2010-02-22,,4307.16 ,,,,,
2010-02-23,,4348.38 ,,,,,
2010-02-24,,4407.18 ,,,,,
2010-02-25,,4442.61 ,,,,,
2010-02-26,,4436.30 ,380.00 ,345.00 ,275.00 ,360.00 ,340.00 
2010-02-28,73671.10 ,,,,,,
2010-03-01,,4494.55 ,,,,,
2010-03-02,,4475.43 ,,,,,
2010-03-03,,4516.72 ,,,,,
2010-03-04,,4377.36 ,,,,,
2010-03-05,,4418.19 ,380.00 ,345.00 ,275.00 ,360.00 ,340.00 
2010-03-08,,4451.60 ,,,,,
2010-03-09,,4457.89 ,,,,,
2010-03-10,,4430.55 ,,,,,
2010-03-11,,4439.95 ,,,,,
2010-03-12,,4369.09 ,380.00 ,345.00 ,275.00 ,360.00 ,340.00 
2010-03-15,,4305.64 ,,,,,
2010-03-16,,4295.77 ,,,,,
2010-03-17,,4392.08 ,,,,,
2010-03-18,,4414.14 ,,,,,
2010-03-19,,4426.96 ,380.00 ,345.00 ,275.00 ,360.00 ,340.00 
2010-03-22,,4435.48 ,,,,,
2010-03-23,,4432.82 ,,,,,
2010-03-24,,4538.32 ,,,,,
2010-03-25,,4504.52 ,,,,,
2010-03-26,,4555.96 ,380.00 ,345.00 ,275.00 ,360.00 ,340.00 
2010-03-29,,4605.38 ,,,,,
2010-03-30,,4592.57 ,,,,,
2010-03-31,204913.70 ,4562.61 ,,,,,
2010-04-01,,4651.07 ,,,,,
2010-04-02,,4670.44 ,380.00 ,345.00 ,275.00 ,360.00 ,340.00 
2010-04-06,,4635.81 ,,,,,
2010-04-07,,4614.09 ,,,,,
2010-04-08,,4605.37 ,,,,,
2010-04-09,,4641.11 ,380.00 ,345.00 ,285.00 ,360.00 ,340.00 
2010-04-12,,4590.62 ,,,,,
2010-04-13,,4580.69 ,,,,,
2010-04-14,,4630.64 ,,,,,
2010-04-15,,4554.26 ,,,,,
2010-04-16,,4490.23 ,380.00 ,345.00 ,285.00 ,360.00 ,340.00 
2010-04-19,,4241.60 ,,,,,
2010-04-20,,4203.80 ,,,,,
2010-04-21,,4280.81 ,,,,,
2010-04-22,,4274.07 ,,,,,
2010-04-23,,4239.45 ,380.00 ,345.00 ,285.00 ,330.00 ,340.00 
2010-04-26,,4203.62 ,,,,,
2010-04-27,,4077.93 ,,,,,
2010-04-28,,4036.23 ,,,,,
2010-04-29,,3995.47 ,,,,,
2010-04-30,108461.30 ,3921.65 ,410.00 ,345.00 ,285.00 ,330.00 ,340.00 
2010-05-04,,3846.29 ,,,,,
2010-05-05,,3886.69 ,,,,,
2010-05-06,,3766.68 ,,,,,
2010-05-07,,3667.34 ,410.00 ,345.00 ,285.00 ,330.00 ,340.00 
2010-05-10,,3676.61 ,,,,,
2010-05-11,,3586.74 ,,,,,
2010-05-12,,3556.01 ,,,,,
2010-05-13,,3619.44 ,,,,,
2010-05-14,,3631.04 ,410.00 ,345.00 ,285.00 ,330.00 ,340.00 
2010-05-17,,3450.42 ,,,,,
2010-05-18,,3532.51 ,,,,,
2010-05-19,,3567.16 ,,,,,
2010-05-20,,3646.53 ,,,,,
2010-05-21,,3701.77 ,410.00 ,345.00 ,285.00 ,330.00 ,340.00 
2010-05-24,,3787.83 ,,,,,
2010-05-25,,3713.96 ,,,,,
2010-05-26,,3716.17 ,,,,,
2010-05-27,,3761.43 ,,,,,
2010-05-28,,3769.90 ,410.00 ,345.00 ,285.00 ,330.00 ,340.00 
2010-05-31,98269.10 ,3706.22 ,,,,,
2010-06-01,,3622.69 ,,,,,
2010-06-02,,3647.33 ,,,,,
2010-06-03,,3635.34 ,,,,,
2010-06-04,,3648.07 ,410.00 ,345.00 ,285.00 ,330.00 ,340.00 
2010-06-07,,3572.31 ,,,,,
2010-06-08,,3574.26 ,,,,,
2010-06-09,,3645.41 ,,,,,
2010-06-10,,3657.90 ,,,,,
2010-06-11,,3655.88 ,410.00 ,345.00 ,285.00 ,330.00 ,340.00 
2010-06-17,,3684.13 ,,,,,
2010-06-18,,3614.09 ,410.00 ,345.00 ,285.00 ,330.00 ,340.00 
2010-06-21,,3753.40 ,,,,,
2010-06-22,,3813.57 ,,,,,
2010-06-23,,3804.04 ,,,,,
2010-06-24,,3780.97 ,,,,,
2010-06-25,,3718.91 ,410.00 ,345.00 ,285.00 ,330.00 ,340.00 
2010-06-28,,3652.30 ,,,,,
2010-06-29,,3461.04 ,,,,,
2010-06-30,107594.50 ,3423.15 ,,,,,
2010-07-01,,3335.90 ,,,,,
2010-07-02,,3366.93 ,410.00 ,345.00 ,285.00 ,330.00 ,340.00 
2010-07-05,,3365.27 ,,,,,
2010-07-06,,3438.56 ,,,,,
2010-07-07,,3508.93 ,,,,,
2010-07-08,,3509.01 ,,,,,
2010-07-09,,3613.04 ,410.00 ,345.00 ,285.00 ,330.00 ,340.00 
2010-07-12,,3652.33 ,,,,,
2010-07-13,,3572.79 ,,,,,
2010-07-14,,3638.37 ,,,,,
2010-07-15,,3562.63 ,,,,,
2010-07-16,,3569.14 ,410.00 ,345.00 ,285.00 ,330.00 ,340.00 
2010-07-19,,3662.63 ,,,,,
2010-07-20,,3760.17 ,,,,,
2010-07-21,,3787.81 ,,,,,
2010-07-22,,3832.00 ,,,,,
2010-07-23,,3878.93 ,410.00 ,345.00 ,285.00 ,330.00 ,320.00 
2010-07-26,,3889.43 ,,,,,
2010-07-27,,3839.82 ,,,,,
2010-07-28,,4078.37 ,,,,,
2010-07-29,,4176.10 ,,,,,
2010-07-30,,4150.28 ,410.00 ,345.00 ,285.00 ,330.00 ,320.00 
2010-07-31,92140.70 ,,,,,,
2010-08-02,,4200.38 ,,,,,
2010-08-03,,4108.07 ,,,,,
2010-08-04,,4090.75 ,,,,,
2010-08-05,,4089.65 ,,,,,
2010-08-06,,4177.04 ,395.00 ,345.00 ,285.00 ,330.00 ,320.00 
2010-08-09,,4246.31 ,,,,,
2010-08-10,,4108.27 ,,,,,
2010-08-11,,4126.99 ,,,,,
2010-08-12,,4050.52 ,,,,,
2010-08-13,,4120.85 ,395.00 ,345.00 ,285.00 ,330.00 ,320.00 
2010-08-16,,4195.64 ,,,,,
2010-08-17,,4219.39 ,,,,,
2010-08-18,,4292.95 ,,,,,
2010-08-19,,4328.76 ,,,,,
2010-08-20,,4268.05 ,395.00 ,345.00 ,315.00 ,330.00 ,320.00 
2010-08-23,,4353.63 ,,,,,
2010-08-24,,4413.75 ,,,,,
2010-08-25,,4391.48 ,,,,,
2010-08-26,,4416.77 ,,,,,
2010-08-27,,4538.48 ,395.00 ,375.00 ,315.00 ,330.00 ,320.00 
2010-08-30,,4748.08 ,,,,,
2010-08-31,82369.50 ,4793.97 ,,,,,
2010-09-01,,4673.66 ,,,,,
2010-09-02,,4754.56 ,,,,,
2010-09-03,,4647.28 ,395.00 ,375.00 ,350.00 ,330.00 ,320.00 
2010-09-06,,4686.54 ,,,,,
2010-09-07,,4870.11 ,,,,,
2010-09-08,,4915.61 ,,,,,
2010-09-09,,4777.58 ,,,,,
2010-09-10,,4729.51 ,395.00 ,400.00 ,350.00 ,330.00 ,320.00 
2010-09-13,,4757.57 ,,,,,
2010-09-14,,4775.41 ,,,,,
2010-09-15,,4661.95 ,,,,,
2010-09-16,,4511.35 ,,,,,
2010-09-17,,4519.44 ,395.00 ,400.00 ,350.00 ,330.00 ,320.00 
2010-09-20,,4481.19 ,,,,,
2010-09-21,,4515.97 ,,,,,
2010-09-24,,,395.00 ,400.00 ,350.00 ,330.00 ,320.00 
2010-09-27,,4632.85 ,,,,,
2010-09-28,,4667.40 ,,,,,
2010-09-29,,4600.58 ,,,,,
2010-09-30,77561.70 ,4635.41 ,,,,,
2010-10-01,,,395.00 ,400.00 ,350.00 ,330.00 ,320.00 
2010-10-08,,4733.16 ,395.00 ,400.00 ,350.00 ,330.00 ,320.00 
2010-10-11,,4950.03 ,,,,,
2010-10-12,,4913.15 ,,,,,
2010-10-13,,5091.38 ,,,,,
2010-10-14,,4846.64 ,,,,,
2010-10-15,,4816.12 ,425.00 ,400.00 ,350.00 ,335.00 ,320.00 
2010-10-18,,4614.96 ,,,,,
2010-10-19,,4781.20 ,,,,,
2010-10-20,,4836.09 ,,,,,
2010-10-21,,4908.37 ,,,,,
2010-10-22,,5045.59 ,425.00 ,400.00 ,380.00 ,340.00 ,320.00 
2010-10-25,,5196.35 ,,,,,
2010-10-26,,5113.12 ,,,,,
2010-10-27,,4987.23 ,,,,,
2010-10-28,,4926.74 ,,,,,
2010-10-29,,5047.96 ,425.00 ,400.00 ,380.00 ,340.00 ,340.00 
2010-10-31,88609.00 ,,,,,,
2010-11-01,,5141.57 ,,,,,
2010-11-02,,5026.70 ,,,,,
2010-11-03,,4977.27 ,,,,,
2010-11-04,,5024.98 ,,,,,
2010-11-05,,5077.19 ,425.00 ,420.00 ,380.00 ,340.00 ,340.00 
2010-11-08,,5176.00 ,,,,,
2010-11-09,,5301.89 ,,,,,
2010-11-10,,5186.26 ,,,,,
2010-11-11,,5155.94 ,,,,,
2010-11-12,,4768.65 ,425.00 ,475.00 ,380.00 ,420.00 ,390.00 
2010-11-15,,4743.92 ,,,,,
2010-11-16,,4682.28 ,,,,,
2010-11-17,,4433.14 ,,,,,
2010-11-18,,4559.69 ,,,,,
2010-11-19,,4594.46 ,425.00 ,475.00 ,450.00 ,420.00 ,390.00 
2010-11-22,,4673.57 ,,,,,
2010-11-23,,4544.32 ,,,,,
2010-11-24,,4685.30 ,,,,,
2010-11-25,,4926.50 ,,,,,
2010-11-26,,4889.11 ,425.00 ,600.00 ,550.00 ,420.00 ,390.00 
2010-11-29,,4977.87 ,,,,,
2010-11-30,73738.10 ,5151.36 ,,,,,
2010-12-01,,5118.00 ,,,,,
2010-12-02,,5227.52 ,,,,,
2010-12-03,,5164.88 ,445.00 ,620.00 ,550.00 ,420.00 ,390.00 
2010-12-06,,5274.30 ,,,,,
2010-12-07,,5385.48 ,,,,,
2010-12-08,,5310.29 ,,,,,
2010-12-09,,5147.37 ,,,,,
2010-12-10,,5260.12 ,445.00 ,620.00 ,550.00 ,470.00 ,390.00 
2010-12-13,,5492.57 ,,,,,
2010-12-14,,5758.23 ,,,,,
2010-12-15,,5588.38 ,,,,,
2010-12-16,,5586.22 ,,,,,
2010-12-17,,5598.77 ,445.00 ,620.00 ,570.00 ,470.00 ,390.00 
2010-12-20,,5422.70 ,,,,,
2010-12-21,,5557.75 ,,,,,
2010-12-22,,5529.52 ,,,,,
2010-12-23,,5361.87 ,,,,,
2010-12-24,,5305.19 ,445.00 ,620.00 ,570.00 ,470.00 ,470.00 
2010-12-27,,5321.85 ,,,,,
2010-12-28,,5194.80 ,,,,,
2010-12-29,,5204.09 ,,,,,
2010-12-30,,5276.84 ,,,,,
2010-12-31,64276.50 ,5454.94 ,445.00 ,620.00 ,570.00 ,470.00 ,470.00 
2011-01-04,,5624.28 ,,,,,
2011-01-05,,5702.91 ,,,,,
2011-01-06,,5694.05 ,,,,,
2011-01-07,,5609.59 ,445.00 ,620.00 ,520.00 ,470.00 ,470.00 
2011-01-10,,5411.92 ,,,,,
2011-01-11,,5339.38 ,,,,,
2011-01-12,,5375.51 ,,,,,
2011-01-13,,5295.92 ,,,,,
2011-01-14,,5109.86 ,445.00 ,520.00 ,520.00 ,470.00 ,470.00 
2011-01-17,,4916.38 ,,,,,
2011-01-18,,5010.28 ,,,,,
2011-01-19,,5109.16 ,,,,,
2011-01-20,,4883.21 ,,,,,
2011-01-21,,4946.89 ,445.00 ,520.00 ,500.00 ,470.00 ,470.00 
2011-01-24,,5034.97 ,,,,,
2011-01-25,,4967.34 ,,,,,
2011-01-26,,5101.73 ,,,,,
2011-01-27,,5172.07 ,,,,,
2011-01-28,,5283.60 ,445.00 ,520.00 ,500.00 ,440.00 ,450.00 
2011-01-31,48396.02 ,5356.90 ,,,,,
2011-02-01,,5322.66 ,,,,,
2011-02-04,,,445.00 ,520.00 ,500.00 ,440.00 ,450.00 
2011-02-09,,5309.99 ,,,,,
2011-02-10,,5388.17 ,,,,,
2011-02-11,,5570.10 ,445.00 ,520.00 ,500.00 ,440.00 ,450.00 
2011-02-14,,5919.98 ,,,,,
2011-02-15,,5970.66 ,,,,,
2011-02-16,,6103.97 ,,,,,
2011-02-17,,6076.43 ,,,,,
2011-02-18,,6089.48 ,445.00 ,520.00 ,500.00 ,440.00 ,450.00 
2011-02-21,,6123.75 ,,,,,
2011-02-22,,5874.60 ,,,,,
2011-02-23,,5749.61 ,,,,,
2011-02-24,,5824.99 ,,,,,
2011-02-25,,6156.37 ,445.00 ,520.00 ,500.00 ,440.00 ,450.00 
2011-02-28,52707.00 ,6252.48 ,,,,,
2011-03-01,,6449.75 ,,,,,
2011-03-02,,6340.47 ,,,,,
2011-03-03,,6392.99 ,,,,,
2011-03-04,,6547.74 ,445.00 ,520.00 ,500.00 ,440.00 ,470.00 
2011-03-07,,6736.14 ,,,,,
2011-03-08,,6661.90 ,,,,,
2011-03-09,,6672.23 ,,,,,
2011-03-10,,6640.44 ,,,,,
2011-03-11,,6502.94 ,445.00 ,520.00 ,490.00 ,440.00 ,470.00 
2011-03-14,,6571.85 ,,,,,
2011-03-15,,6357.17 ,,,,,
2011-03-16,,6478.66 ,,,,,
2011-03-17,,6380.83 ,,,,,
2011-03-18,,6428.87 ,445.00 ,520.00 ,490.00 ,440.00 ,470.00 
2011-03-21,,6487.39 ,,,,,
2011-03-22,,6759.11 ,,,,,
2011-03-23,,6831.18 ,,,,,
2011-03-24,,6995.53 ,,,,,
2011-03-25,,7099.22 ,445.00 ,520.00 ,490.00 ,440.00 ,470.00 
2011-03-28,,7016.49 ,,,,,
2011-03-29,,6908.45 ,,,,,
2011-03-30,,7091.30 ,,,,,
2011-03-31,81218.20 ,6946.23 ,,,,,
2011-04-01,,6952.04 ,545.00 ,520.00 ,490.00 ,440.00 ,470.00 
2011-04-06,,6985.46 ,,,,,
2011-04-07,,7373.19 ,,,,,
2011-04-08,,7335.00 ,545.00 ,520.00 ,490.00 ,440.00 ,470.00 
2011-04-11,,7259.66 ,,,,,
2011-04-12,,7192.75 ,,,,,
2011-04-13,,7169.19 ,,,,,
2011-04-14,,7041.96 ,,,,,
2011-04-15,,7017.31 ,545.00 ,520.00 ,490.00 ,440.00 ,470.00 
2011-04-18,,6943.45 ,,,,,
2011-04-19,,6786.23 ,,,,,
2011-04-20,,6784.87 ,,,,,
2011-04-21,,6984.64 ,,,,,
2011-04-22,,6945.25 ,545.00 ,520.00 ,490.00 ,440.00 ,470.00 
2011-04-25,,6724.55 ,,,,,
2011-04-26,,6751.16 ,,,,,
2011-04-27,,6833.30 ,,,,,
2011-04-28,,6497.95 ,,,,,
2011-04-29,,6633.13 ,545.00 ,520.00 ,490.00 ,440.00 ,470.00 
2011-04-30,60047.90 ,,,,,,
2011-05-03,,6870.28 ,,,,,
2011-05-04,,6702.14 ,,,,,
2011-05-05,,6608.79 ,,,,,
2011-05-06,,6636.39 ,545.00 ,520.00 ,490.00 ,440.00 ,470.00 
2011-05-09,,6709.14 ,,,,,
2011-05-10,,6738.18 ,,,,,
2011-05-11,,6845.43 ,,,,,
2011-05-12,,6715.12 ,,,,,
2011-05-13,,6526.60 ,545.00 ,520.00 ,490.00 ,440.00 ,470.00 
2011-05-16,,6323.70 ,,,,,
2011-05-17,,6327.93 ,,,,,
2011-05-18,,6409.64 ,,,,,
2011-05-19,,6282.29 ,,,,,
2011-05-20,,6152.48 ,545.00 ,520.00 ,490.00 ,440.00 ,470.00 
2011-05-23,,6043.14 ,,,,,
2011-05-24,,6172.32 ,,,,,
2011-05-25,,6085.84 ,,,,,
2011-05-26,,5987.93 ,,,,,
2011-05-27,,5929.19 ,520.00 ,520.00 ,500.00 ,440.00 ,470.00 
2011-05-30,,5962.10 ,,,,,
2011-05-31,63522.50 ,6090.61 ,,,,,
2011-06-01,,6185.94 ,,,,,
2011-06-02,,6162.71 ,,,,,
2011-06-03,,6263.48 ,520.00 ,520.00 ,500.00 ,440.00 ,470.00 
2011-06-07,,6135.51 ,,,,,
2011-06-08,,6078.52 ,,,,,
2011-06-09,,5893.99 ,,,,,
2011-06-10,,5904.15 ,500.00 ,520.00 ,500.00 ,440.00 ,500.00 
2011-06-13,,5869.68 ,,,,,
2011-06-14,,6330.88 ,,,,,
2011-06-15,,6195.14 ,,,,,
2011-06-16,,6203.24 ,,,,,
2011-06-17,,6235.00 ,500.00 ,520.00 ,500.00 ,440.00 ,500.00 
2011-06-20,,6176.10 ,,,,,
2011-06-21,,6416.45 ,,,,,
2011-06-22,,6458.50 ,,,,,
2011-06-23,,6788.38 ,,,,,
2011-06-24,,6792.70 ,470.00 ,520.00 ,500.00 ,440.00 ,500.00 
2011-06-27,,6803.93 ,,,,,
2011-06-28,,6934.52 ,,,,,
2011-06-29,,6740.06 ,,,,,
2011-06-30,98490.40 ,6826.06 ,,,,,
2011-07-01,,6808.89 ,470.00 ,520.00 ,500.00 ,440.00 ,500.00 
2011-07-04,,6962.59 ,,,,,
2011-07-05,,7011.27 ,,,,,
2011-07-06,,7021.40 ,,,,,
2011-07-07,,6853.22 ,,,,,
2011-07-08,,6778.48 ,470.00 ,490.00 ,470.00 ,440.00 ,500.00 
2011-07-11,,6837.91 ,,,,,
2011-07-12,,6773.28 ,,,,,
2011-07-13,,6955.79 ,,,,,
2011-07-14,,7104.35 ,,,,,
2011-07-15,,7137.95 ,470.00 ,490.00 ,470.00 ,440.00 ,500.00 
2011-07-18,,6976.39 ,,,,,
2011-07-19,,6812.00 ,,,,,
2011-07-20,,6832.29 ,,,,,
2011-07-21,,6787.89 ,,,,,
2011-07-22,,6921.95 ,470.00 ,490.00 ,470.00 ,440.00 ,500.00 
2011-07-25,,6591.95 ,,,,,
2011-07-26,,6474.00 ,,,,,
2011-07-27,,6558.02 ,,,,,
2011-07-28,,6312.95 ,,,,,
2011-07-29,,6266.16 ,470.00 ,490.00 ,470.00 ,440.00 ,500.00 
2011-07-31,70814.70 ,,,,,,
2011-08-01,,6303.97 ,,,,,
2011-08-02,,6277.33 ,,,,,
2011-08-03,,6418.09 ,,,,,
2011-08-04,,6526.18 ,,,,,
2011-08-05,,6423.98 ,470.00 ,490.00 ,470.00 ,440.00 ,500.00 
2011-08-08,,6052.07 ,,,,,
2011-08-09,,6082.07 ,,,,,
2011-08-10,,6210.54 ,,,,,
2011-08-11,,6197.03 ,,,,,
2011-08-12,,6164.99 ,470.00 ,490.00 ,470.00 ,420.00 ,500.00 
2011-08-15,,6294.21 ,,,,,
2011-08-16,,6357.66 ,,,,,
2011-08-17,,6294.77 ,,,,,
2011-08-18,,5997.60 ,,,,,
2011-08-19,,5785.05 ,470.00 ,470.00 ,450.00 ,420.00 ,500.00 
2011-08-22,,5607.23 ,,,,,
2011-08-23,,5771.53 ,,,,,
2011-08-24,,5672.64 ,,,,,
2011-08-25,,5825.74 ,,,,,
2011-08-26,,5801.38 ,470.00 ,470.00 ,450.00 ,420.00 ,450.00 
2011-08-29,,5614.77 ,,,,,
2011-08-30,,5585.74 ,,,,,
2011-08-31,81547.30 ,5662.62 ,,,,,
2011-09-01,,5601.33 ,,,,,
2011-09-02,,5525.51 ,470.00 ,470.00 ,450.00 ,420.00 ,450.00 
2011-09-05,,5091.69 ,,,,,
2011-09-06,,4930.68 ,,,,,
2011-09-07,,5047.70 ,,,,,
2011-09-08,,4925.35 ,,,,,
2011-09-09,,4814.43 ,470.00 ,440.00 ,430.00 ,420.00 ,450.00 
2011-09-13,,4912.51 ,,,,,
2011-09-14,,4827.30 ,,,,,
2011-09-15,,4825.53 ,,,,,
2011-09-16,,4812.49 ,470.00 ,440.00 ,430.00 ,420.00 ,437.50 
2011-09-19,,4679.54 ,,,,,
2011-09-20,,4759.94 ,,,,,
2011-09-21,,5020.71 ,,,,,
2011-09-22,,4839.21 ,,,,,
2011-09-23,,4896.99 ,440.00 ,440.00 ,430.00 ,420.00 ,437.50 
2011-09-26,,4841.00 ,,,,,
2011-09-27,,4895.78 ,,,,,
2011-09-28,,4882.15 ,,,,,
2011-09-29,,4709.67 ,,,,,
2011-09-30,65830.80 ,4598.14 ,440.00 ,440.00 ,430.00 ,420.00 ,437.50 
2011-10-07,,,440.00 ,440.00 ,430.00 ,420.00 ,437.50 
2011-10-10,,4596.77 ,,,,,
2011-10-11,,4653.43 ,,,,,
2011-10-12,,4861.54 ,,,,,
2011-10-13,,5030.67 ,,,,,
2011-10-14,,5012.71 ,440.00 ,420.00 ,430.00 ,420.00 ,437.50 
2011-10-17,,5034.54 ,,,,,
2011-10-18,,4788.39 ,,,,,
2011-10-19,,4780.40 ,,,,,
2011-10-20,,4623.88 ,,,,,
2011-10-21,,4614.39 ,440.00 ,420.00 ,430.00 ,420.00 ,437.50 
2011-10-24,,4774.68 ,,,,,
2011-10-25,,4899.26 ,,,,,
2011-10-26,,5015.56 ,,,,,
2011-10-27,,5046.69 ,,,,,
2011-10-28,,5146.84 ,440.00 ,450.00 ,430.00 ,420.00 ,490.00 
2011-10-31,71838.20 ,5097.83 ,,,,,
2011-11-01,,5073.67 ,,,,,
2011-11-02,,5083.62 ,,,,,
2011-11-03,,5098.95 ,,,,,
2011-11-04,,5094.31 ,440.00 ,450.00 ,430.00 ,420.00 ,490.00 
2011-11-07,,4979.70 ,,,,,
2011-11-08,,4903.85 ,,,,,
2011-11-09,,4962.97 ,,,,,
2011-11-10,,4806.15 ,,,,,
2011-11-11,,4785.63 ,420.00 ,450.00 ,430.00 ,420.00 ,460.00 
2011-11-14,,4887.03 ,,,,,
2011-11-15,,4869.93 ,,,,,
2011-11-16,,4707.08 ,,,,,
2011-11-17,,4683.02 ,,,,,
2011-11-18,,4559.42 ,420.00 ,450.00 ,430.00 ,420.00 ,460.00 
2011-11-21,,4552.75 ,,,,,
2011-11-22,,4517.69 ,,,,,
2011-11-23,,4431.86 ,,,,,
2011-11-24,,4397.20 ,,,,,
2011-11-25,,4406.52 ,420.00 ,450.00 ,430.00 ,420.00 ,460.00 
2011-11-28,,4398.02 ,,,,,
2011-11-29,,4452.43 ,,,,,
2011-11-30,84890.70 ,4237.90 ,,,,,
2011-12-01,,4354.46 ,,,,,
2011-12-02,,4308.43 ,420.00 ,450.00 ,430.00 ,420.00 ,460.00 
2011-12-05,,4179.55 ,,,,,
2011-12-06,,4179.20 ,,,,,
2011-12-07,,4184.01 ,,,,,
2011-12-08,,4229.34 ,,,,,
2011-12-09,,4198.08 ,420.00 ,450.00 ,430.00 ,420.00 ,460.00 
2011-12-12,,4107.86 ,,,,,
2011-12-13,,3916.05 ,,,,,
2011-12-14,,3822.89 ,,,,,
2011-12-15,,3705.53 ,,,,,
2011-12-16,,3814.69 ,420.00 ,450.00 ,430.00 ,420.00 ,460.00 
2011-12-19,,3796.91 ,,,,,
2011-12-20,,3873.75 ,,,,,
2011-12-21,,3780.30 ,,,,,
2011-12-22,,3812.83 ,,,,,
2011-12-23,,3990.08 ,420.00 ,450.00 ,430.00 ,420.00 ,460.00 
2011-12-26,,3951.05 ,,,,,
2011-12-27,,3848.28 ,,,,,
2011-12-28,,3913.40 ,,,,,
2011-12-29,,3915.75 ,,,,,
2011-12-30,,3976.10 ,420.00 ,450.00 ,430.00 ,415.00 ,460.00 
2011-12-31,69358.90 ,,,,,,
2012-01-04,,3873.25 ,,,,,
2012-01-05,,3759.18 ,,,,,
2012-01-06,,3786.25 ,420.00 ,450.00 ,430.00 ,415.00 ,460.00 
2012-01-09,,3976.14 ,,,,,
2012-01-10,,4218.76 ,,,,,
2012-01-11,,4163.76 ,,,,,
2012-01-12,,4187.97 ,,,,,
2012-01-13,,4012.35 ,420.00 ,450.00 ,430.00 ,415.00 ,460.00 
2012-01-16,,3915.51 ,,,,,
2012-01-17,,4173.66 ,,,,,
2012-01-18,,4229.24 ,,,,,
2012-01-19,,4295.26 ,,,,,
2012-01-20,,4411.18 ,420.00 ,450.00 ,430.00 ,415.00 ,460.00 
2012-01-27,,,420.00 ,450.00 ,430.00 ,415.00 ,460.00 
2012-01-30,,4288.30 ,,,,,
2012-01-31,83928.64 ,4282.24 ,,,,,
2012-02-01,,4130.76 ,,,,,
2012-02-02,,4219.58 ,,,,,
2012-02-03,,4200.44 ,420.00 ,450.00 ,425.00 ,415.00 ,460.00 
2012-02-06,,4277.56 ,,,,,
2012-02-07,,4165.70 ,,,,,
2012-02-08,,4299.29 ,,,,,
2012-02-09,,4334.20 ,,,,,
2012-02-10,,4366.60 ,420.00 ,450.00 ,425.00 ,415.00 ,460.00 
2012-02-13,,4323.88 ,,,,,
2012-02-14,,4355.69 ,,,,,
2012-02-15,,4404.21 ,,,,,
2012-02-16,,4367.70 ,,,,,
2012-02-17,,4335.31 ,420.00 ,450.00 ,425.00 ,415.00 ,460.00 
2012-02-20,,4392.96 ,,,,,
2012-02-21,,4462.19 ,,,,,
2012-02-22,,4529.45 ,,,,,
2012-02-23,,4538.18 ,,,,,
2012-02-24,,4725.31 ,420.00 ,450.00 ,400.00 ,415.00 ,460.00 
2012-02-27,,4717.73 ,,,,,
2012-02-28,,4758.37 ,,,,,
2012-02-29,82067.30 ,4626.37 ,,,,,
2012-03-01,,4607.27 ,,,,,
2012-03-02,,4728.07 ,420.00 ,450.00 ,370.00 ,415.00 ,460.00 
2012-03-05,,4727.51 ,,,,,
2012-03-06,,4578.68 ,,,,,
2012-03-07,,4522.29 ,,,,,
2012-03-08,,4586.42 ,,,,,
2012-03-09,,4629.71 ,420.00 ,450.00 ,370.00 ,415.00 ,440.00 
2012-03-12,,4596.91 ,,,,,
2012-03-13,,4656.92 ,,,,,
2012-03-14,,4425.33 ,,,,,
2012-03-15,,4265.31 ,,,,,
2012-03-16,,4332.96 ,500.00 ,450.00 ,370.00 ,415.00 ,440.00 
2012-03-19,,4402.38 ,,,,,
2012-03-20,,4297.46 ,,,,,
2012-03-21,,4303.72 ,,,,,
2012-03-22,,4313.55 ,,,,,
2012-03-23,,4206.86 ,500.00 ,450.00 ,370.00 ,415.00 ,440.00 
2012-03-26,,4189.15 ,,,,,
2012-03-27,,4237.16 ,,,,,
2012-03-28,,4077.26 ,,,,,
2012-03-29,,4024.49 ,,,,,
2012-03-30,,4030.60 ,500.00 ,450.00 ,370.00 ,415.00 ,440.00 
2012-03-31,96360.10 ,,,,,,
2012-04-05,,4262.10 ,,,,,
2012-04-06,,4280.54 ,500.00 ,440.00 ,370.00 ,415.00 ,440.00 
2012-04-09,,4284.44 ,,,,,
2012-04-10,,4339.26 ,,,,,
2012-04-11,,4350.15 ,,,,,
2012-04-12,,4415.86 ,,,,,
2012-04-13,,4474.79 ,500.00 ,400.00 ,360.00 ,415.00 ,440.00 
2012-04-16,,4446.44 ,,,,,
2012-04-17,,4328.42 ,,,,,
2012-04-18,,4440.05 ,,,,,
2012-04-19,,4466.86 ,,,,,
2012-04-20,,4547.55 ,500.00 ,400.00 ,340.00 ,415.00 ,420.00 
2012-04-23,,4626.02 ,,,,,
2012-04-24,,4605.18 ,,,,,
2012-04-25,,4632.43 ,,,,,
2012-04-26,,4595.31 ,,,,,
2012-04-27,,4500.40 ,500.00 ,400.00 ,340.00 ,415.00 ,420.00 
2012-04-30,64450.90 ,,,,,,
2012-05-02,,4567.22 ,,,,,
2012-05-03,,4509.38 ,,,,,
2012-05-04,,4507.90 ,500.00 ,390.00 ,340.00 ,415.00 ,420.00 
2012-05-07,,4443.77 ,,,,,
2012-05-08,,4465.02 ,,,,,
2012-05-09,,4350.69 ,,,,,
2012-05-10,,4313.53 ,,,,,
2012-05-11,,4321.50 ,470.00 ,390.00 ,340.00 ,425.00 ,420.00 
2012-05-14,,4356.37 ,,,,,
2012-05-15,,4373.22 ,,,,,
2012-05-16,,4248.27 ,,,,,
2012-05-17,,4283.06 ,,,,,
2012-05-18,,4203.45 ,460.00 ,380.00 ,325.00 ,425.00 ,420.00 
2012-05-21,,4225.54 ,,,,,
2012-05-22,,4373.44 ,,,,,
2012-05-23,,4453.42 ,,,,,
2012-05-24,,4457.50 ,,,,,
2012-05-25,,4486.79 ,460.00 ,380.00 ,325.00 ,425.00 ,410.00 
2012-05-28,,4798.51 ,,,,,
2012-05-29,,4785.36 ,,,,,
2012-05-30,,4800.78 ,,,,,
2012-05-31,65400.30 ,4743.80 ,,,,,
2012-06-01,,4628.38 ,440.00 ,380.00 ,325.00 ,425.00 ,410.00 
2012-06-04,,4430.03 ,,,,,
2012-06-05,,4395.24 ,,,,,
2012-06-06,,4392.23 ,,,,,
2012-06-07,,4379.53 ,,,,,
2012-06-08,,4293.34 ,420.00 ,380.00 ,325.00 ,425.00 ,410.00 
2012-06-11,,4348.93 ,,,,,
2012-06-12,,4308.21 ,,,,,
2012-06-13,,4381.37 ,,,,,
2012-06-14,,4253.15 ,,,,,
2012-06-15,,4242.42 ,420.00 ,380.00 ,325.00 ,425.00 ,410.00 
2012-06-18,,4309.14 ,,,,,
2012-06-19,,4253.90 ,,,,,
2012-06-20,,4237.09 ,,,,,
2012-06-21,,4155.98 ,,,,,
2012-06-22,,,380.00 ,380.00 ,325.00 ,425.00 ,410.00 
2012-06-25,,3912.79 ,,,,,
2012-06-26,,3893.23 ,,,,,
2012-06-27,,3861.53 ,,,,,
2012-06-28,,3808.69 ,,,,,
2012-06-29,,3860.88 ,380.00 ,380.00 ,325.00 ,425.00 ,390.00 
2012-06-30,70482.40 ,,,,,,
2012-07-02,,3851.57 ,,,,,
2012-07-03,,3858.63 ,,,,,
2012-07-04,,3825.66 ,,,,,
2012-07-05,,3644.06 ,,,,,
2012-07-06,,3712.25 ,410.00 ,370.00 ,370.00 ,370.00 ,300.00 
2012-07-09,,3534.57 ,,,,,
2012-07-10,,3539.03 ,,,,,
2012-07-11,,3682.38 ,,,,,
2012-07-12,,3708.20 ,,,,,
2012-07-13,,3739.61 ,370.00 ,350.00 ,370.00 ,370.00 ,300.00 
2012-07-16,,3650.24 ,,,,,
2012-07-17,,3748.87 ,,,,,
2012-07-18,,3723.78 ,,,,,
2012-07-19,,3758.80 ,,,,,
2012-07-20,,3671.44 ,370.00 ,350.00 ,355.00 ,370.00 ,300.00 
2012-07-23,,3606.64 ,,,,,
2012-07-24,,3633.23 ,,,,,
2012-07-25,,3598.46 ,,,,,
2012-07-26,,3578.08 ,,,,,
2012-07-27,,3609.65 ,365.00 ,350.00 ,345.00 ,370.00 ,300.00 
2012-07-30,,3599.32 ,,,,,
2012-07-31,50492.30 ,3547.13 ,,,,,
2012-08-01,,3680.54 ,,,,,
2012-08-02,,3632.85 ,,,,,
2012-08-03,,3683.82 ,365.00 ,350.00 ,340.00 ,370.00 ,300.00 
2012-08-06,,3744.83 ,,,,,
2012-08-07,,3727.48 ,,,,,
2012-08-08,,3728.45 ,,,,,
2012-08-09,,3765.31 ,,,,,
2012-08-10,,3719.53 ,365.00 ,345.00 ,340.00 ,370.00 ,300.00 
2012-08-13,,3557.01 ,,,,,
2012-08-14,,3561.44 ,,,,,
2012-08-15,,3561.46 ,,,,,
2012-08-16,,3569.67 ,,,,,
2012-08-17,,3543.77 ,365.00 ,345.00 ,340.00 ,370.00 ,300.00 
2012-08-20,,3502.78 ,,,,,
2012-08-21,,3541.79 ,,,,,
2012-08-22,,3501.19 ,,,,,
2012-08-23,,3517.29 ,,,,,
2012-08-24,,3413.92 ,365.00 ,345.00 ,365.00 ,370.00 ,300.00 
2012-08-27,,3328.34 ,,,,,
2012-08-28,,3325.43 ,,,,,
2012-08-29,,3272.98 ,,,,,
2012-08-30,,3222.14 ,,,,,
2012-08-31,56402.80 ,3221.30 ,365.00 ,345.00 ,340.00 ,370.00 ,300.00 
2012-09-03,,3284.47 ,,,,,
2012-09-04,,3243.24 ,,,,,
2012-09-05,,3239.21 ,,,,,
2012-09-06,,3295.18 ,,,,,
2012-09-07,,3614.88 ,365.00 ,345.00 ,340.00 ,370.00 ,295.00 
2012-09-10,,3763.36 ,,,,,
2012-09-11,,3646.80 ,,,,,
2012-09-12,,3750.87 ,,,,,
2012-09-13,,3628.63 ,,,,,
2012-09-14,,3697.30 ,365.00 ,345.00 ,340.00 ,370.00 ,295.00 
2012-09-17,,3571.12 ,,,,,
2012-09-18,,3518.62 ,,,,,
2012-09-19,,3552.92 ,,,,,
2012-09-20,,3469.85 ,,,,,
2012-09-21,,3468.05 ,365.00 ,345.00 ,375.00 ,370.00 ,295.00 
2012-09-24,,3602.21 ,,,,,
2012-09-25,,3602.89 ,,,,,
2012-09-26,,3565.95 ,,,,,
2012-09-27,,3679.61 ,,,,,
2012-09-28,,3751.20 ,405.00 ,360.00 ,350.00 ,320.00 ,295.00 
2012-09-30,67395.40 ,,,,,,
2012-10-08,,3685.76 ,,,,,
2012-10-09,,3803.68 ,,,,,
2012-10-10,,3784.17 ,,,,,
2012-10-11,,3750.41 ,,,,,
2012-10-12,,3703.55 ,375.00 ,360.00 ,350.00 ,370.00 ,320.00 
2012-10-15,,3678.09 ,,,,,
2012-10-16,,3676.86 ,,,,,
2012-10-17,,3701.18 ,,,,,
2012-10-18,,3793.98 ,,,,,
2012-10-19,,3839.51 ,375.00 ,360.00 ,405.00 ,370.00 ,320.00 
2012-10-22,,3841.42 ,,,,,
2012-10-23,,3727.12 ,,,,,
2012-10-24,,3736.77 ,,,,,
2012-10-25,,3688.50 ,,,,,
2012-10-26,,3585.85 ,375.00 ,360.00 ,365.00 ,370.00 ,350.00 
2012-10-29,,3595.17 ,,,,,
2012-10-30,,3606.82 ,,,,,
2012-10-31,62178.10 ,3626.57 ,,,,,
2012-11-01,,3758.02 ,,,,,
2012-11-02,,3763.40 ,375.00 ,410.00 ,375.00 ,370.00 ,350.00 
2012-11-05,,3774.91 ,,,,,
2012-11-06,,3716.18 ,,,,,
2012-11-07,,3677.57 ,,,,,
2012-11-08,,3586.71 ,,,,,
2012-11-09,,3599.76 ,375.00 ,410.00 ,415.00 ,375.00 ,390.00 
2012-11-12,,3534.85 ,,,,,
2012-11-13,,3471.18 ,,,,,
2012-11-14,,3466.26 ,,,,,
2012-11-15,,3441.90 ,,,,,
2012-11-16,,3453.41 ,385.00 ,410.00 ,415.00 ,375.00 ,390.00 
2012-11-19,,3519.35 ,,,,,
2012-11-20,,3515.47 ,,,,,
2012-11-21,,3564.95 ,,,,,
2012-11-22,,3494.82 ,,,,,
2012-11-23,,3502.23 ,390.00 ,410.00 ,375.00 ,375.00 ,390.00 
2012-11-26,,3443.21 ,,,,,
2012-11-27,,3356.52 ,,,,,
2012-11-28,,3323.57 ,,,,,
2012-11-29,,3317.93 ,,,,,
2012-11-30,81276.90 ,3467.27 ,390.00 ,410.00 ,415.00 ,375.00 ,390.00 
2012-12-03,,3448.01 ,,,,,
2012-12-04,,3496.04 ,,,,,
2012-12-05,,3749.52 ,,,,,
2012-12-06,,3773.87 ,,,,,
2012-12-07,,3885.82 ,390.00 ,410.00 ,415.00 ,375.00 ,390.00 
2012-12-10,,3917.59 ,,,,,
2012-12-11,,3879.28 ,,,,,
2012-12-12,,3911.72 ,,,,,
2012-12-13,,3897.64 ,,,,,
2012-12-14,,4116.64 ,390.00 ,385.00 ,415.00 ,375.00 ,390.00 
2012-12-17,,4128.65 ,,,,,
2012-12-18,,4145.22 ,,,,,
2012-12-19,,4131.01 ,,,,,
2012-12-20,,4133.79 ,,,,,
2012-12-21,,4074.21 ,390.00 ,385.00 ,375.00 ,370.00 ,390.00 
2012-12-24,,4096.56 ,,,,,
2012-12-25,,4185.01 ,,,,,
2012-12-26,,4200.54 ,,,,,
2012-12-27,,4108.82 ,,,,,
2012-12-28,,4154.16 ,390.00 ,385.00 ,400.00 ,375.00 ,390.00 
2012-12-31,85097.30 ,4219.31 ,,,,,
2013-01-04,,4208.16 ,390.00 ,385.00 ,400.00 ,375.00 ,390.00 
2013-01-07,,4296.58 ,,,,,
2013-01-08,,4250.44 ,,,,,
2013-01-09,,4196.64 ,,,,,
2013-01-10,,4197.92 ,,,,,
2013-01-11,,4036.28 ,390.00 ,385.00 ,350.00 ,370.00 ,390.00 
2013-01-14,,4147.14 ,,,,,
2013-01-15,,4193.98 ,,,,,
2013-01-16,,4126.22 ,,,,,
2013-01-17,,4114.61 ,,,,,
2013-01-18,,4165.75 ,390.00 ,360.00 ,385.00 ,375.00 ,360.00 
2013-01-21,,4265.45 ,,,,,
2013-01-22,,4313.56 ,,,,,
2013-01-23,,4253.89 ,,,,,
2013-01-24,,4209.30 ,,,,,
2013-01-25,,4269.45 ,390.00 ,360.00 ,350.00 ,375.00 ,360.00 
2013-01-28,,4504.87 ,,,,,
2013-01-29,,4531.42 ,,,,,
2013-01-30,,4532.27 ,,,,,
2013-01-31,,4454.98 ,,,,,
2013-02-01,,4608.87 ,390.00 ,360.00 ,385.00 ,370.00 ,360.00 
2013-02-04,,4661.75 ,,,,,
2013-02-05,,4727.66 ,,,,,
2013-02-06,,4704.24 ,,,,,
2013-02-07,,4708.14 ,,,,,
2013-02-08,,4773.95 ,390.00 ,360.00 ,385.00 ,370.00 ,360.00 
2013-02-18,,4746.74 ,,,,,
2013-02-19,,4433.26 ,,,,,
2013-02-20,,4458.04 ,,,,,
2013-02-21,,4260.66 ,,,,,
2013-02-22,,4203.04 ,390.00 ,360.00 ,350.00 ,370.00 ,360.00 
2013-02-25,,4243.75 ,,,,,
2013-02-26,,4129.89 ,,,,,
2013-02-27,,4173.95 ,,,,,
2013-02-28,,4366.55 ,,,,,
2013-03-01,,4411.20 ,390.00 ,360.00 ,350.00 ,370.00 ,360.00 
2013-03-04,,3989.86 ,,,,,
2013-03-05,,4028.26 ,,,,,
2013-03-06,,4056.98 ,,,,,
2013-03-07,,4061.61 ,,,,,
2013-03-08,,4027.92 ,430.00 ,360.00 ,350.00 ,375.00 ,360.00 
2013-03-11,,3985.37 ,,,,,
2013-03-12,,3997.45 ,,,,,
2013-03-13,,3901.64 ,,,,,
2013-03-14,,3909.63 ,,,,,
2013-03-15,,3853.32 ,430.00 ,360.00 ,360.00 ,370.00 ,360.00 
2013-03-18,,3771.70 ,,,,,
2013-03-19,,3921.63 ,,,,,
2013-03-20,,4068.83 ,,,,,
2013-03-21,,4056.85 ,,,,,
2013-03-22,,4099.07 ,430.00 ,360.00 ,360.00 ,375.00 ,360.00 
2013-03-25,,4073.87 ,,,,,
2013-03-26,,4053.51 ,,,,,
2013-03-27,,4048.67 ,,,,,
2013-03-28,,3874.14 ,,,,,
2013-03-29,,3887.50 ,430.00 ,360.00 ,380.00 ,370.00 ,360.00 
2013-03-31,86086.40 ,,,,,,
2013-04-01,,3932.36 ,,,,,
2013-04-02,,4045.77 ,,,,,
2013-04-03,,4043.49 ,,,,,
2013-04-05,,,430.00 ,385.00 ,415.00 ,375.00 ,360.00 
2013-04-08,,4108.42 ,,,,,
2013-04-09,,4157.37 ,,,,,
2013-04-10,,4112.98 ,,,,,
2013-04-11,,4217.66 ,,,,,
2013-04-12,,4139.13 ,430.00 ,415.00 ,435.00 ,375.00 ,360.00 
2013-04-15,,4136.88 ,,,,,
2013-04-16,,4225.29 ,,,,,
2013-04-17,,4225.02 ,,,,,
2013-04-18,,4181.25 ,,,,,
2013-04-19,,4270.68 ,445.00 ,415.00 ,435.00 ,375.00 ,360.00 
2013-04-22,,4260.04 ,,,,,
2013-04-23,,4039.76 ,,,,,
2013-04-24,,4072.65 ,,,,,
2013-04-25,,3926.45 ,,,,,
2013-04-26,,3897.65 ,445.00 ,415.00 ,435.00 ,375.00 ,360.00 
2013-04-30,86934.30 ,,,,,,
2013-05-02,,3874.39 ,,,,,
2013-05-03,,3920.14 ,445.00 ,415.00 ,435.00 ,375.00 ,360.00 
2013-05-06,,3966.54 ,,,,,
2013-05-07,,4022.02 ,,,,,
2013-05-08,,4001.62 ,,,,,
2013-05-09,,3884.82 ,,,,,
2013-05-10,,3901.52 ,445.00 ,415.00 ,435.00 ,375.00 ,360.00 
2013-05-13,,3868.03 ,,,,,
2013-05-14,,3794.99 ,,,,,
2013-05-15,,3793.51 ,,,,,
2013-05-16,,3859.27 ,,,,,
2013-05-17,,3936.00 ,445.00 ,415.00 ,435.00 ,375.00 ,360.00 
2013-05-20,,3935.31 ,,,,,
2013-05-21,,3957.40 ,,,,,
2013-05-22,,4037.90 ,,,,,
2013-05-23,,3925.32 ,,,,,
2013-05-24,,3925.49 ,445.00 ,415.00 ,435.00 ,375.00 ,360.00 
2013-05-27,,3893.46 ,,,,,
2013-05-28,,3981.31 ,,,,,
2013-05-29,,3984.24 ,,,,,
2013-05-30,,3934.06 ,,,,,
2013-05-31,89448.96 ,3898.62 ,440.00 ,415.00 ,435.00 ,375.00 ,340.00 
2013-06-03,,3935.58 ,,,,,
2013-06-04,,3836.16 ,,,,,
2013-06-05,,3821.29 ,,,,,
2013-06-06,,3768.50 ,,,,,
2013-06-07,,3670.94 ,430.00 ,415.00 ,430.00 ,375.00 ,340.00 
2013-06-13,,3461.40 ,,,,,
2013-06-14,,3450.27 ,430.00 ,415.00 ,430.00 ,375.00 ,340.00 
2013-06-17,,3394.44 ,,,,,
2013-06-18,,3385.08 ,,,,,
2013-06-19,,3378.60 ,,,,,
2013-06-20,,3268.37 ,,,,,
2013-06-21,,3261.64 ,390.00 ,365.00 ,430.00 ,375.00 ,340.00 
2013-06-24,,3031.31 ,,,,,
2013-06-25,,2968.11 ,,,,,
2013-06-26,,2963.84 ,,,,,
2013-06-27,,3009.08 ,,,,,
2013-06-28,,3050.58 ,390.00 ,365.00 ,430.00 ,330.00 ,340.00 
2013-06-30,85250.07 ,,,,,,
2013-07-01,,3015.55 ,,,,,
2013-07-02,,3003.68 ,,,,,
2013-07-03,,2945.51 ,,,,,
2013-07-04,,2988.47 ,,,,,
2013-07-05,,3031.50 ,390.00 ,365.00 ,430.00 ,330.00 ,330.00 
2013-07-08,,2908.42 ,,,,,
2013-07-09,,2935.14 ,,,,,
2013-07-10,,3005.94 ,,,,,
2013-07-11,,3199.07 ,,,,,
2013-07-12,,3128.68 ,390.00 ,365.00 ,430.00 ,330.00 ,330.00 
2013-07-15,,3130.93 ,,,,,
2013-07-16,,3120.24 ,,,,,
2013-07-17,,3149.73 ,,,,,
2013-07-18,,3101.40 ,,,,,
2013-07-19,,2987.41 ,390.00 ,365.00 ,430.00 ,320.00 ,330.00 
2013-07-22,,3017.15 ,,,,,
2013-07-23,,3090.05 ,,,,,
2013-07-24,,3065.82 ,,,,,
2013-07-25,,3128.04 ,,,,,
2013-07-26,,3167.52 ,390.00 ,365.00 ,430.00 ,320.00 ,330.00 
2013-07-29,,3006.65 ,,,,,
2013-07-30,,3031.49 ,,,,,
2013-07-31,70180.04 ,3053.48 ,,,,,
2013-08-01,,3123.34 ,,,,,
2013-08-02,,3151.12 ,395.00 ,365.00 ,430.00 ,330.00 ,330.00 
2013-08-05,,3190.68 ,,,,,
2013-08-06,,3206.50 ,,,,,
2013-08-07,,3227.28 ,,,,,
2013-08-08,,3199.63 ,,,,,
2013-08-09,,3265.81 ,395.00 ,365.00 ,430.00 ,330.00 ,360.00 
2013-08-12,,3385.98 ,,,,,
2013-08-13,,3477.38 ,,,,,
2013-08-14,,3429.69 ,,,,,
2013-08-15,,3380.18 ,,,,,
2013-08-16,,3316.66 ,395.00 ,365.00 ,430.00 ,330.00 ,360.00 
2013-08-19,,3396.97 ,,,,,
2013-08-20,,3380.54 ,,,,,
2013-08-21,,3358.35 ,,,,,
2013-08-22,,3339.48 ,,,,,
2013-08-23,,3333.94 ,395.00 ,365.00 ,430.00 ,330.00 ,360.00 
2013-08-26,,3403.53 ,,,,,
2013-08-27,,3386.62 ,,,,,
2013-08-28,,3322.25 ,,,,,
2013-08-29,,3275.08 ,,,,,
2013-08-30,,3307.13 ,395.00 ,365.00 ,430.00 ,330.00 ,360.00 
2013-08-31,74201.31 ,,,,,,
2013-09-02,,3359.47 ,,,,,
2013-09-03,,3401.81 ,,,,,
2013-09-04,,3447.07 ,,,,,
2013-09-05,,3412.48 ,,,,,
2013-09-06,,3409.40 ,395.00 ,365.00 ,430.00 ,320.00 ,360.00 
2013-09-09,,3478.55 ,,,,,
2013-09-10,,3530.32 ,,,,,
2013-09-11,,3635.59 ,,,,,
2013-09-12,,3587.84 ,,,,,
2013-09-13,,3518.43 ,395.00 ,365.00 ,430.00 ,320.00 ,360.00 
2013-09-16,,3468.30 ,,,,,
2013-09-17,,3413.26 ,,,,,
2013-09-18,,3430.83 ,,,,,
2013-09-20,,,395.00 ,380.00 ,430.00 ,320.00 ,335.00 
2013-09-23,,3479.46 ,,,,,
2013-09-24,,3452.99 ,,,,,
2013-09-25,,3387.05 ,,,,,
2013-09-26,,3307.66 ,,,,,
2013-09-27,,3292.64 ,395.00 ,380.00 ,430.00 ,320.00 ,335.00 
2013-09-30,72152.39 ,3288.39 ,,,,,
2013-10-08,,3351.29 ,,,,,
2013-10-09,,3373.28 ,,,,,
2013-10-10,,3343.80 ,,,,,
2013-10-11,,3419.62 ,395.00 ,380.00 ,430.00 ,320.00 ,335.00 
2013-10-14,,3435.67 ,,,,,
2013-10-15,,3450.13 ,,,,,
2013-10-16,,3489.05 ,,,,,
2013-10-17,,3462.62 ,,,,,
2013-10-18,,3458.38 ,395.00 ,410.00 ,430.00 ,320.00 ,385.00 
2013-10-21,,3481.70 ,,,,,
2013-10-22,,3469.80 ,,,,,
2013-10-23,,3431.16 ,,,,,
2013-10-24,,3384.37 ,,,,,
2013-10-25,,3284.18 ,410.00 ,410.00 ,450.00 ,320.00 ,385.00 
2013-10-28,,3235.03 ,,,,,
2013-10-29,,3273.25 ,,,,,
2013-10-30,,3316.53 ,,,,,
2013-10-31,69946.20 ,3344.91 ,,,,,
2013-11-01,,3318.40 ,395.00 ,410.00 ,435.00 ,320.00 ,405.00 
2013-11-04,,3310.03 ,,,,,
2013-11-05,,3312.18 ,,,,,
2013-11-06,,3296.67 ,,,,,
2013-11-07,,3282.55 ,,,,,
2013-11-08,,3259.55 ,395.00 ,430.00 ,435.00 ,320.00 ,405.00 
2013-11-11,,3304.93 ,,,,,
2013-11-12,,3344.19 ,,,,,
2013-11-13,,3320.44 ,,,,,
2013-11-14,,3350.30 ,,,,,
2013-11-15,,3421.05 ,395.00 ,460.00 ,455.00 ,320.00 ,425.00 
2013-11-18,,3536.94 ,,,,,
2013-11-19,,3545.61 ,,,,,
2013-11-20,,3556.15 ,,,,,
2013-11-21,,3537.23 ,,,,,
2013-11-22,,3493.49 ,380.00 ,460.00 ,455.00 ,320.00 ,425.00 
2013-11-25,,3517.59 ,,,,,
2013-11-26,,3519.92 ,,,,,
2013-11-27,,3563.35 ,,,,,
2013-11-28,,3703.59 ,,,,,
2013-11-29,,3697.30 ,380.00 ,490.00 ,455.00 ,320.00 ,425.00 
2013-11-30,77132.58 ,,,,,,
2013-12-02,,3666.25 ,,,,,
2013-12-03,,3810.94 ,,,,,
2013-12-04,,3862.19 ,,,,,
2013-12-05,,3821.53 ,,,,,
2013-12-06,,3796.59 ,370.00 ,490.00 ,460.00 ,340.00 ,425.00 
2013-12-09,,3793.93 ,,,,,
2013-12-10,,3803.81 ,,,,,
2013-12-11,,3657.20 ,,,,,
2013-12-12,,3643.95 ,,,,,
2013-12-13,,3667.87 ,370.00 ,490.00 ,460.00 ,340.00 ,445.00 
2013-12-16,,3582.35 ,,,,,
2013-12-17,,3584.59 ,,,,,
2013-12-18,,3601.07 ,,,,,
2013-12-19,,3547.86 ,,,,,
2013-12-20,,3470.28 ,445.00 ,490.00 ,480.00 ,340.00 ,445.00 
2013-12-23,,3463.26 ,,,,,
2013-12-24,,3474.85 ,,,,,
2013-12-25,,3509.94 ,,,,,
2013-12-26,,3429.52 ,,,,,
2013-12-27,,3467.66 ,445.00 ,490.00 ,460.00 ,380.00 ,445.00 
2013-12-30,,3451.69 ,,,,,
2013-12-31,73237.50 ,3489.76 ,,,,,
2014-01-02,,3443.81 ,,,,,
2014-01-03,,3334.32 ,445.00 ,490.00 ,460.00 ,340.00 ,445.00 
2014-01-06,,3208.36 ,,,,,
2014-01-07,,3197.84 ,,,,,
2014-01-08,,3191.06 ,,,,,
2014-01-09,,3150.39 ,,,,,
2014-01-10,,3132.29 ,445.00 ,490.00 ,460.00 ,340.00 ,445.00 
2014-01-13,,3135.05 ,,,,,
2014-01-14,,3170.97 ,,,,,
2014-01-15,,3233.64 ,,,,,
2014-01-16,,3251.63 ,,,,,
2014-01-17,,3235.36 ,445.00 ,490.00 ,460.00 ,340.00 ,445.00 
2014-01-20,,3193.85 ,,,,,
2014-01-21,,3285.01 ,,,,,
2014-01-22,,3356.00 ,,,,,
2014-01-23,,3356.11 ,,,,,
2014-01-24,,3367.85 ,445.00 ,490.00 ,460.00 ,340.00 ,445.00 
2014-01-27,,3264.52 ,,,,,
2014-01-28,,3293.79 ,,,,,
2014-01-29,,3305.03 ,,,,,
2014-01-30,,3269.24 ,,,,,
2014-02-07,,3363.13 ,,,,,
2014-02-10,,3427.12 ,,,,,
2014-02-11,,3435.03 ,,,,,
2014-02-12,,3447.86 ,,,,,
2014-02-13,,3404.00 ,,,,,
2014-02-14,,3406.80 ,445.00 ,455.00 ,435.00 ,340.00 ,445.00 
2014-02-17,,3427.94 ,,,,,
2014-02-18,,3366.26 ,,,,,
2014-02-19,,3408.82 ,,,,,
2014-02-20,,3343.58 ,,,,,
2014-02-21,,3291.83 ,445.00 ,455.00 ,435.00 ,380.00 ,445.00 
2014-02-24,,3156.06 ,,,,,
2014-02-25,,3107.14 ,,,,,
2014-02-26,,3127.65 ,,,,,
2014-02-27,,3119.34 ,,,,,
2014-02-28,,3161.59 ,445.00 ,455.00 ,435.00 ,340.00 ,445.00 
2014-03-03,,3168.22 ,,,,,
2014-03-04,,3142.13 ,,,,,
2014-03-05,,3161.16 ,,,,,
2014-03-06,,3203.20 ,,,,,
2014-03-07,,3178.56 ,445.00 ,455.00 ,435.00 ,340.00 ,415.00 
2014-03-10,,3051.37 ,,,,,
2014-03-11,,3111.23 ,,,,,
2014-03-12,,3130.46 ,,,,,
2014-03-13,,3146.26 ,,,,,
2014-03-14,,3129.57 ,445.00 ,455.00 ,435.00 ,340.00 ,415.00 
2014-03-17,,3203.43 ,,,,,
2014-03-18,,3202.61 ,,,,,
2014-03-19,,3266.66 ,,,,,
2014-03-20,,3235.16 ,,,,,
2014-03-21,,3337.00 ,440.00 ,455.00 ,435.00 ,340.00 ,415.00 
2014-03-24,,3428.65 ,,,,,
2014-03-25,,3406.10 ,,,,,
2014-03-26,,3410.46 ,,,,,
2014-03-27,,3364.57 ,,,,,
2014-03-28,,3435.02 ,440.00 ,455.00 ,435.00 ,340.00 ,415.00 
2014-03-31,91187.40 ,3418.28 ,,,,,
2014-04-01,,3431.24 ,,,,,
2014-04-02,,3551.26 ,,,,,
2014-04-03,,3525.87 ,,,,,
2014-04-04,,3536.68 ,440.00 ,455.00 ,445.00 ,340.00 ,415.00 
2014-04-08,,3601.52 ,,,,,
2014-04-09,,3614.24 ,,,,,
2014-04-10,,3787.02 ,,,,,
2014-04-11,,3694.30 ,440.00 ,455.00 ,445.00 ,340.00 ,415.00 
2014-04-14,,3731.70 ,,,,,
2014-04-15,,3633.56 ,,,,,
2014-04-16,,3679.34 ,,,,,
2014-04-17,,3605.44 ,,,,,
2014-04-18,,3595.41 ,440.00 ,455.00 ,445.00 ,340.00 ,415.00 
2014-04-21,,3507.30 ,,,,,
2014-04-22,,3497.55 ,,,,,
2014-04-23,,3514.70 ,,,,,
2014-04-24,,3472.14 ,,,,,
2014-04-25,,3398.55 ,440.00 ,455.00 ,445.00 ,340.00 ,415.00 
2014-04-28,,3350.79 ,,,,,
2014-04-29,,3436.17 ,,,,,
2014-04-30,79019.88 ,3443.53 ,,,,,
2014-05-05,,3466.72 ,,,,,
2014-05-06,,3441.95 ,,,,,
2014-05-07,,3394.61 ,,,,,
2014-05-08,,3393.00 ,,,,,
2014-05-09,,3363.86 ,440.00 ,450.00 ,420.00 ,340.00 ,405.00 
2014-05-12,,3429.61 ,,,,,
2014-05-13,,3456.03 ,,,,,
2014-05-14,,3442.88 ,,,,,
2014-05-15,,3394.61 ,,,,,
2014-05-16,,3380.84 ,440.00 ,450.00 ,420.00 ,340.00 ,405.00 
2014-05-19,,3326.55 ,,,,,
2014-05-20,,3326.55 ,,,,,
2014-05-21,,3354.85 ,,,,,
2014-05-22,,3342.87 ,,,,,
2014-05-23,,3377.15 ,440.00 ,450.00 ,420.00 ,340.00 ,395.00 
2014-05-26,,3399.04 ,,,,,
2014-05-27,,3384.77 ,,,,,
2014-05-28,,3397.86 ,,,,,
2014-05-29,,3366.90 ,,,,,
2014-05-30,,3360.45 ,440.00 ,420.00 ,420.00 ,340.00 ,395.00 
2014-05-31,85410.92 ,,,,,,
2014-06-03,,3379.95 ,,,,,
2014-06-04,,3330.11 ,,,,,
2014-06-05,,3383.01 ,,,,,
2014-06-06,,3351.82 ,440.00 ,420.00 ,420.00 ,340.00 ,395.00 
2014-06-09,,3347.57 ,,,,,
2014-06-10,,3379.32 ,,,,,
2014-06-11,,3375.92 ,,,,,
2014-06-12,,3374.14 ,,,,,
2014-06-13,,3390.95 ,440.00 ,420.00 ,390.00 ,340.00 ,395.00 
2014-06-16,,3439.39 ,,,,,
2014-06-17,,3398.14 ,,,,,
2014-06-18,,3351.74 ,,,,,
2014-06-19,,3274.15 ,,,,,
2014-06-20,,3284.65 ,440.00 ,420.00 ,390.00 ,340.00 ,395.00 
2014-06-23,,3297.63 ,,,,,
2014-06-24,,3304.26 ,,,,,
2014-06-25,,3293.05 ,,,,,
2014-06-26,,3320.13 ,,,,,
2014-06-27,,3311.48 ,440.00 ,420.00 ,395.00 ,340.00 ,310.00 
2014-06-30,83632.92 ,3313.33 ,,,,,
2014-07-01,,3314.80 ,,,,,
2014-07-02,,3333.63 ,,,,,
2014-07-03,,3401.93 ,,,,,
2014-07-04,,3392.11 ,440.00 ,390.00 ,390.00 ,340.00 ,310.00 
2014-07-07,,3411.64 ,,,,,
2014-07-08,,3402.17 ,,,,,
2014-07-09,,3342.82 ,,,,,
2014-07-10,,3392.14 ,,,,,
2014-07-11,,3401.26 ,440.00 ,390.00 ,375.00 ,340.00 ,310.00 
2014-07-14,,3474.71 ,,,,,
2014-07-15,,3463.49 ,,,,,
2014-07-16,,3472.97 ,,,,,
2014-07-17,,3479.11 ,,,,,
2014-07-18,,3518.55 ,440.00 ,390.00 ,375.00 ,340.00 ,310.00 
2014-07-21,,3491.66 ,,,,,
2014-07-22,,3525.57 ,,,,,
2014-07-23,,3587.81 ,,,,,
2014-07-24,,3625.19 ,,,,,
2014-07-25,,3658.81 ,435.00 ,360.00 ,370.00 ,340.00 ,310.00 
2014-07-28,,3721.75 ,,,,,
2014-07-29,,3698.45 ,,,,,
2014-07-30,,3687.88 ,,,,,
2014-07-31,71730.05 ,3704.10 ,,,,,
2014-08-01,,3648.64 ,435.00 ,360.00 ,380.00 ,340.00 ,310.00 
2014-08-04,,3751.58 ,,,,,
2014-08-05,,3818.01 ,,,,,
2014-08-06,,3796.04 ,,,,,
2014-08-07,,3715.74 ,,,,,
2014-08-08,,3718.84 ,435.00 ,360.00 ,370.00 ,340.00 ,310.00 
2014-08-11,,3775.12 ,,,,,
2014-08-12,,3779.05 ,,,,,
2014-08-13,,3763.07 ,,,,,
2014-08-14,,3735.61 ,,,,,
2014-08-15,,3757.68 ,435.00 ,365.00 ,370.00 ,350.00 ,290.00 
2014-08-18,,3801.73 ,,,,,
2014-08-19,,3786.80 ,,,,,
2014-08-20,,3799.01 ,,,,,
2014-08-21,,3743.82 ,,,,,
2014-08-22,,3766.26 ,435.00 ,360.00 ,370.00 ,350.00 ,290.00 
2014-08-25,,3735.23 ,,,,,
2014-08-26,,3684.08 ,,,,,
2014-08-27,,3681.57 ,,,,,
2014-08-28,,3658.79 ,,,,,
2014-08-29,,3695.64 ,435.00 ,360.00 ,370.00 ,350.00 ,290.00 
2014-08-31,77866.15 ,,,,,,
2014-09-01,,3744.64 ,,,,,
2014-09-02,,3786.06 ,,,,,
2014-09-03,,3796.67 ,,,,,
2014-09-04,,3816.32 ,,,,,
2014-09-05,,3841.31 ,435.00 ,350.00 ,370.00 ,350.00 ,290.00 
2014-09-09,,3860.04 ,,,,,
2014-09-10,,3823.39 ,,,,,
2014-09-11,,3826.30 ,,,,,
2014-09-12,,3848.62 ,435.00 ,360.00 ,370.00 ,350.00 ,290.00 
2014-09-15,,3873.85 ,,,,,
2014-09-16,,3766.95 ,,,,,
2014-09-17,,3792.02 ,,,,,
2014-09-18,,3793.73 ,,,,,
2014-09-19,,3837.61 ,435.00 ,360.00 ,360.00 ,350.00 ,290.00 
2014-09-22,,3766.27 ,,,,,
2014-09-23,,3799.83 ,,,,,
2014-09-24,,3849.55 ,,,,,
2014-09-25,,3842.56 ,,,,,
2014-09-26,,3869.35 ,435.00 ,360.00 ,360.00 ,350.00 ,290.00 
2014-09-29,,3884.45 ,,,,,
2014-09-30,77697.65 ,3885.32 ,,,,,
2014-10-03,,,435.00 ,390.00 ,360.00 ,350.00 ,330.00 
2014-10-08,,3948.63 ,,,,,
2014-10-09,,3969.18 ,,,,,
2014-10-10,,3934.68 ,435.00 ,390.00 ,360.00 ,350.00 ,330.00 
2014-10-13,,3932.30 ,,,,,
2014-10-14,,3887.97 ,,,,,
2014-10-15,,3930.93 ,,,,,
2014-10-16,,3878.52 ,,,,,
2014-10-17,,3852.69 ,435.00 ,390.00 ,360.00 ,350.00 ,330.00 
2014-10-20,,3910.29 ,,,,,
2014-10-21,,3870.65 ,,,,,
2014-10-22,,3856.55 ,,,,,
2014-10-23,,3806.60 ,,,,,
2014-10-24,,3807.70 ,435.00 ,390.00 ,360.00 ,350.00 ,330.00 
2014-10-27,,3803.59 ,,,,,
2014-10-28,,3899.97 ,,,,,
2014-10-29,,3950.92 ,,,,,
2014-10-30,,3993.08 ,,,,,
2014-10-31,83601.25 ,4053.82 ,435.00 ,390.00 ,360.00 ,350.00 ,360.00 
2014-11-03,,4098.06 ,,,,,
2014-11-04,,4039.91 ,,,,,
2014-11-05,,4057.12 ,,,,,
2014-11-06,,4111.89 ,,,,,
2014-11-07,,4065.30 ,435.00 ,390.00 ,360.00 ,350.00 ,360.00 
2014-11-10,,4185.92 ,,,,,
2014-11-11,,4100.24 ,,,,,
2014-11-12,,4170.75 ,,,,,
2014-11-13,,4158.71 ,,,,,
2014-11-14,,4131.78 ,435.00 ,390.00 ,360.00 ,350.00 ,360.00 
2014-11-17,,4123.93 ,,,,,
2014-11-18,,4116.36 ,,,,,
2014-11-19,,4115.88 ,,,,,
2014-11-20,,4093.48 ,,,,,
2014-11-21,,4156.08 ,435.00 ,390.00 ,360.00 ,350.00 ,360.00 
2014-11-24,,4302.70 ,,,,,
2014-11-25,,4322.93 ,,,,,
2014-11-26,,4340.73 ,,,,,
2014-11-27,,4355.76 ,,,,,
2014-11-28,,4412.51 ,435.00 ,390.00 ,360.00 ,350.00 ,360.00 
2014-11-30,62264.62 ,,,,,,
2014-12-01,,4403.35 ,,,,,
2014-12-02,,4487.21 ,,,,,
2014-12-03,,4553.91 ,,,,,
2014-12-04,,4719.06 ,,,,,
2014-12-05,,4528.36 ,435.00 ,390.00 ,360.00 ,350.00 ,340.00 
2014-12-08,,4684.06 ,,,,,
2014-12-09,,4627.43 ,,,,,
2014-12-10,,4808.33 ,,,,,
2014-12-11,,4762.11 ,,,,,
2014-12-12,,4832.72 ,435.00 ,390.00 ,360.00 ,350.00 ,340.00 
2014-12-15,,4865.39 ,,,,,
2014-12-16,,4917.16 ,,,,,
2014-12-17,,4848.98 ,,,,,
2014-12-18,,4819.69 ,,,,,
2014-12-19,,4825.82 ,435.00 ,390.00 ,360.00 ,350.00 ,320.00 
2014-12-22,,4831.75 ,,,,,
2014-12-23,,4729.78 ,,,,,
2014-12-24,,4694.94 ,,,,,
2014-12-25,,4842.56 ,,,,,
2014-12-26,,4932.15 ,435.00 ,390.00 ,360.00 ,350.00 ,320.00 
2014-12-29,,4909.07 ,,,,,
2014-12-30,,5142.36 ,,,,,
2014-12-31,61992.60 ,5161.73 ,,,,,
2015-01-02,,,435.00 ,390.00 ,360.00 ,350.00 ,320.00 
2015-01-05,,5275.26 ,,,,,
2015-01-06,,5162.50 ,,,,,
2015-01-07,,5151.26 ,,,,,
2015-01-08,,5069.85 ,,,,,
2015-01-09,,5059.93 ,435.00 ,390.00 ,360.00 ,350.00 ,320.00 
2015-01-12,,4953.91 ,,,,,
2015-01-13,,4945.04 ,,,,,
2015-01-14,,4909.12 ,,,,,
2015-01-15,,4995.35 ,,,,,
2015-01-16,,4977.34 ,435.00 ,390.00 ,360.00 ,350.00 ,320.00 
2015-01-19,,4563.94 ,,,,,
2015-01-20,,4710.15 ,,,,,
2015-01-21,,4857.34 ,,,,,
2015-01-22,,4876.75 ,,,,,
2015-01-23,,4871.65 ,435.00 ,390.00 ,360.00 ,350.00 ,320.00 
2015-01-26,,4970.97 ,,,,,
2015-01-27,,4965.76 ,,,,,
2015-01-28,,4899.80 ,,,,,
2015-01-29,,4825.02 ,,,,,
2015-01-30,,4784.95 ,435.00 ,390.00 ,360.00 ,350.00 ,320.00 
2015-02-02,,4707.65 ,,,,,
2015-02-03,,4776.38 ,,,,,
2015-02-04,,4757.15 ,,,,,
2015-02-05,,4710.19 ,,,,,
2015-02-06,,4616.12 ,435.00 ,390.00 ,360.00 ,350.00 ,320.00 
2015-02-09,,4624.83 ,,,,,
2015-02-10,,4709.23 ,,,,,
2015-02-11,,4760.54 ,,,,,
2015-02-12,,4798.77 ,,,,,
2015-02-13,,4843.89 ,435.00 ,390.00 ,360.00 ,350.00 ,320.00 
2015-02-16,,4873.11 ,,,,,
2015-02-17,,4947.32 ,,,,,
2015-02-25,,4909.65 ,,,,,
2015-02-26,,4999.97 ,,,,,
2015-02-27,,5005.59 ,435.00 ,390.00 ,360.00 ,350.00 ,320.00 
2015-03-02,,5112.84 ,,,,,
2015-03-03,,5061.74 ,,,,,
2015-03-04,,5131.30 ,,,,,
2015-03-05,,5043.19 ,,,,,
2015-03-06,,5029.73 ,435.00 ,390.00 ,360.00 ,350.00 ,320.00 
2015-03-09,,5115.21 ,,,,,
2015-03-10,,5119.86 ,,,,,
2015-03-11,,5099.99 ,,,,,
2015-03-12,,5144.40 ,,,,,
2015-03-13,,5173.91 ,435.00 ,360.00 ,360.00 ,350.00 ,320.00 
2015-03-16,,5301.44 ,,,,,
2015-03-17,,5335.11 ,,,,,
2015-03-18,,5486.81 ,,,,,
2015-03-19,,5507.63 ,,,,,
2015-03-20,,5544.21 ,435.00 ,360.00 ,360.00 ,350.00 ,320.00 
2015-03-23,,5635.30 ,,,,,
2015-03-24,,5555.62 ,,,,,
2015-03-25,,5549.07 ,,,,,
2015-03-26,,5649.91 ,,,,,
2015-03-27,,5698.49 ,435.00 ,360.00 ,335.00 ,350.00 ,320.00 
2015-03-30,,5976.54 ,,,,,
2015-03-31,65396.64 ,5962.87 ,,,,,
2015-04-01,,6065.39 ,,,,,
2015-04-02,,6148.20 ,,,,,
2015-04-03,,6253.95 ,435.00 ,360.00 ,335.00 ,350.00 ,320.00 
2015-04-07,,6295.09 ,,,,,
2015-04-08,,6328.16 ,,,,,
2015-04-09,,6223.90 ,,,,,
2015-04-10,,6316.54 ,435.00 ,345.00 ,335.00 ,350.00 ,320.00 
2015-04-13,,6529.83 ,,,,,
2015-04-14,,6552.69 ,,,,,
2015-04-15,,6242.61 ,,,,,
2015-04-16,,6319.91 ,,,,,
2015-04-17,,6528.14 ,435.00 ,345.00 ,335.00 ,350.00 ,320.00 
2015-04-20,,6421.63 ,,,,,
2015-04-21,,6537.97 ,,,,,
2015-04-22,,6716.50 ,,,,,
2015-04-23,,6735.56 ,,,,,
2015-04-24,,6588.53 ,435.00 ,345.00 ,335.00 ,350.00 ,320.00 
2015-04-27,,6696.90 ,,,,,
2015-04-28,,6468.91 ,,,,,
2015-04-29,,6460.03 ,,,,,
2015-04-30,77531.30 ,6451.28 ,435.00 ,345.00 ,310.00 ,350.00 ,320.00 
2015-05-04,,6595.70 ,,,,,
2015-05-05,,6179.56 ,,,,,
2015-05-06,,5998.25 ,,,,,
2015-05-07,,5923.46 ,,,,,
2015-05-08,,6058.91 ,435.00 ,345.00 ,300.00 ,350.00 ,320.00 
2015-05-11,,6303.85 ,,,,,
2015-05-12,,6305.36 ,,,,,
2015-05-13,,6265.99 ,,,,,
2015-05-14,,6216.83 ,,,,,
2015-05-15,,6157.14 ,435.00 ,345.00 ,285.00 ,350.00 ,285.00 
2015-05-18,,6156.87 ,,,,,
2015-05-19,,6338.10 ,,,,,
2015-05-20,,6425.75 ,,,,,
2015-05-21,,6523.66 ,,,,,
2015-05-22,,6692.30 ,435.00 ,345.00 ,285.00 ,350.00 ,285.00 
2015-05-25,,6956.48 ,,,,,
2015-05-26,,7094.65 ,,,,,
2015-05-27,,7245.07 ,,,,,
2015-05-28,,6858.55 ,,,,,
2015-05-29,,6868.71 ,435.00 ,345.00 ,285.00 ,350.00 ,285.00 
2015-05-31,76280.64 ,,,,,,
2015-06-01,,7193.52 ,,,,,
2015-06-02,,7309.88 ,,,,,
2015-06-03,,7250.49 ,,,,,
2015-06-04,,7155.02 ,,,,,
2015-06-05,,7476.18 ,435.00 ,345.00 ,285.00 ,350.00 ,285.00 
2015-06-08,,7525.48 ,,,,,
2015-06-09,,7543.94 ,,,,,
2015-06-10,,7651.20 ,,,,,
2015-06-11,,7819.73 ,,,,,
2015-06-12,,7839.66 ,435.00 ,335.00 ,275.00 ,350.00 ,285.00 
2015-06-15,,7868.48 ,,,,,
2015-06-16,,7464.73 ,,,,,
2015-06-17,,7574.79 ,,,,,
2015-06-18,,7303.79 ,,,,,
2015-06-19,,6665.97 ,415.00 ,325.00 ,275.00 ,350.00 ,285.00 
2015-06-23,,6713.35 ,,,,,
2015-06-24,,6867.52 ,,,,,
2015-06-25,,6590.64 ,,,,,
2015-06-26,,6079.84 ,415.00 ,325.00 ,275.00 ,350.00 ,285.00 
2015-06-29,,5825.55 ,,,,,
2015-06-30,82690.20 ,6155.33 ,,,,,
2015-07-01,,5691.95 ,,,,,
2015-07-02,,5338.84 ,,,,,
2015-07-03,,4971.53 ,415.00 ,325.00 ,275.00 ,330.00 ,285.00 
2015-07-06,,4940.00 ,,,,,
2015-07-07,,4648.54 ,,,,,
2015-07-08,,4333.32 ,,,,,
2015-07-09,,4718.01 ,,,,,
2015-07-10,,5136.68 ,415.00 ,325.00 ,275.00 ,350.00 ,285.00 
2015-07-13,,5381.06 ,,,,,
2015-07-14,,5189.95 ,,,,,
2015-07-15,,4898.51 ,,,,,
2015-07-16,,4963.68 ,,,,,
2015-07-17,,5234.20 ,415.00 ,325.00 ,270.00 ,340.00 ,285.00 
2015-07-20,,5253.98 ,,,,,
2015-07-21,,5264.49 ,,,,,
2015-07-22,,5264.97 ,,,,,
2015-07-23,,5477.47 ,,,,,
2015-07-24,,5321.19 ,415.00 ,315.00 ,270.00 ,340.00 ,285.00 
2015-07-27,,4829.58 ,,,,,
2015-07-28,,4744.69 ,,,,,
2015-07-29,,5055.58 ,,,,,
2015-07-30,,4873.08 ,,,,,
2015-07-31,74007.70 ,4936.83 ,415.00 ,315.00 ,270.00 ,340.00 ,285.00 
2015-08-03,,5148.18 ,,,,,
2015-08-04,,5380.09 ,,,,,
2015-08-05,,5495.38 ,,,,,
2015-08-06,,5420.16 ,,,,,
2015-08-07,,5462.72 ,415.00 ,310.00 ,245.00 ,340.00 ,285.00 
2015-08-10,,5664.24 ,,,,,
2015-08-11,,5607.79 ,,,,,
2015-08-12,,5510.99 ,,,,,
2015-08-13,,5577.06 ,,,,,
2015-08-14,,5695.74 ,415.00 ,310.00 ,260.00 ,340.00 ,285.00 
2015-08-17,,5858.00 ,,,,,
2015-08-18,,5421.99 ,,,,,
2015-08-19,,5605.82 ,,,,,
2015-08-20,,5344.83 ,,,,,
2015-08-21,,5044.60 ,415.00 ,310.00 ,260.00 ,340.00 ,285.00 
2015-08-24,,4570.52 ,,,,,
2015-08-25,,4168.70 ,,,,,
2015-08-26,,4063.92 ,,,,,
2015-08-27,,4291.31 ,,,,,
2015-08-28,,4570.08 ,415.00 ,310.00 ,245.00 ,315.00 ,305.00 
2015-08-31,71845.76 ,4513.46 ,,,,,
2015-09-01,,4300.68 ,,,,,
2015-09-02,,4267.16 ,,,,,
2015-09-04,,,390.00 ,310.00 ,245.00 ,315.00 ,305.00 
2015-09-07,,4188.27 ,,,,,
2015-09-08,,4342.96 ,,,,,
2015-09-09,,4519.58 ,,,,,
2015-09-10,,4510.03 ,,,,,
2015-09-11,,4528.91 ,380.00 ,310.00 ,245.00 ,315.00 ,305.00 
2015-09-14,,4346.95 ,,,,,
2015-09-15,,4086.85 ,,,,,
2015-09-16,,4370.57 ,,,,,
2015-09-17,,4216.83 ,,,,,
2015-09-18,,4267.75 ,380.00 ,310.00 ,245.00 ,315.00 ,305.00 
2015-09-21,,4321.57 ,,,,,
2015-09-22,,4355.47 ,,,,,
2015-09-23,,4282.08 ,,,,,
2015-09-24,,4313.00 ,,,,,
2015-09-25,,4176.91 ,380.00 ,310.00 ,260.00 ,315.00 ,305.00 
2015-09-28,,4205.56 ,,,,,
2015-09-29,,4070.79 ,,,,,
2015-09-30,58240.18 ,4068.05 ,,,,,
2015-10-02,,,380.00 ,310.00 ,260.00 ,315.00 ,315.00 
2015-10-08,,4258.66 ,,,,,
2015-10-09,,4302.57 ,360.00 ,310.00 ,260.00 ,315.00 ,315.00 
2015-10-12,,4484.22 ,,,,,
2015-10-13,,4495.75 ,,,,,
2015-10-14,,4404.74 ,,,,,
2015-10-15,,4496.73 ,,,,,
2015-10-16,,4564.09 ,360.00 ,310.00 ,270.00 ,315.00 ,315.00 
2015-10-19,,4508.24 ,,,,,
2015-10-20,,4555.89 ,,,,,
2015-10-21,,4301.88 ,,,,,
2015-10-22,,4385.56 ,,,,,
2015-10-23,,4507.10 ,350.00 ,310.00 ,290.00 ,315.00 ,315.00 
2015-10-26,,4544.55 ,,,,,
2015-10-27,,4544.21 ,,,,,
2015-10-28,,4451.58 ,,,,,
2015-10-29,,4497.94 ,,,,,
2015-10-30,,4448.77 ,350.00 ,310.00 ,290.00 ,315.00 ,315.00 
2015-10-31,60551.07 ,,,,,,
2015-11-02,,4368.76 ,,,,,
2015-11-03,,4365.79 ,,,,,
2015-11-04,,4574.84 ,,,,,
2015-11-05,,4647.53 ,,,,,
2015-11-06,,4720.05 ,350.00 ,310.00 ,290.00 ,315.00 ,315.00 
2015-11-09,,4806.64 ,,,,,
2015-11-10,,4823.50 ,,,,,
2015-11-11,,4871.26 ,,,,,
2015-11-12,,4829.44 ,,,,,
2015-11-13,,4734.28 ,350.00 ,310.00 ,300.00 ,315.00 ,315.00 
2015-11-16,,4787.97 ,,,,,
2015-11-17,,4771.87 ,,,,,
2015-11-18,,4769.14 ,,,,,
2015-11-19,,4826.98 ,,,,,
2015-11-20,,4916.45 ,350.00 ,310.00 ,290.00 ,295.00 ,295.00 
2015-11-23,,4911.75 ,,,,,
2015-11-24,,4911.90 ,,,,,
2015-11-25,,4927.85 ,,,,,
2015-11-26,,4943.40 ,,,,,
2015-11-27,,4609.61 ,350.00 ,310.00 ,290.00 ,295.00 ,295.00 
2015-11-30,59178.90 ,4591.64 ,,,,,
2015-12-01,,4770.12 ,,,,,
2015-12-02,,4950.74 ,,,,,
2015-12-03,,4968.18 ,,,,,
2015-12-04,,4873.73 ,350.00 ,310.00 ,290.00 ,295.00 ,295.00 
2015-12-07,,4878.13 ,,,,,
2015-12-08,,4735.79 ,,,,,
2015-12-09,,4744.52 ,,,,,
2015-12-10,,4747.16 ,,,,,
2015-12-11,,4699.55 ,350.00 ,310.00 ,290.00 ,295.00 ,295.00 
2015-12-14,,4831.24 ,,,,,
2015-12-15,,4816.24 ,,,,,
2015-12-16,,4833.42 ,,,,,
2015-12-17,,4935.77 ,,,,,
2015-12-18,,4887.26 ,350.00 ,310.00 ,290.00 ,295.00 ,295.00 
2015-12-21,,4968.59 ,,,,,
2015-12-22,,5102.25 ,,,,,
2015-12-23,,5011.12 ,,,,,
2015-12-24,,4948.14 ,,,,,
2015-12-25,,4987.29 ,350.00 ,310.00 ,290.00 ,295.00 ,295.00 
2015-12-28,,4817.12 ,,,,,
2015-12-29,,4850.99 ,,,,,
2015-12-30,,4910.78 ,,,,,
2015-12-31,62176.80 ,4821.61 ,,,,,
2016-01-01,,,350.00 ,310.00 ,270.00 ,295.00 ,295.00 
2016-01-04,,4415.47 ,,,,,
2016-01-05,,4346.23 ,,,,,
2016-01-06,,4570.42 ,,,,,
2016-01-07,,4169.09 ,,,,,
2016-01-08,,4339.06 ,350.00 ,310.00 ,270.00 ,295.00 ,295.00 
2016-01-11,,4119.44 ,,,,,
2016-01-12,,4156.95 ,,,,,
2016-01-13,,4049.34 ,,,,,
2016-01-14,,4135.39 ,,,,,
2016-01-15,,3924.39 ,350.00 ,310.00 ,270.00 ,295.00 ,295.00 
2016-01-18,,3911.99 ,,,,,
2016-01-19,,4043.36 ,,,,,
2016-01-20,,3946.20 ,,,,,
2016-01-21,,3806.73 ,,,,,
2016-01-22,,3834.36 ,340.00 ,310.00 ,270.00 ,295.00 ,295.00 
2016-01-25,,3924.47 ,,,,,
2016-01-26,,3677.78 ,,,,,
2016-01-27,,3591.80 ,,,,,
2016-01-28,,3422.84 ,,,,,
2016-01-29,,3501.98 ,340.00 ,310.00 ,270.00 ,295.00 ,295.00 
2016-02-01,,3412.13 ,,,,,
2016-02-02,,3507.54 ,,,,,
2016-02-03,,3522.85 ,,,,,
2016-02-04,,3572.82 ,,,,,
2016-02-05,,3552.52 ,340.00 ,310.00 ,270.00 ,295.00 ,295.00 
2016-02-15,,3565.72 ,,,,,
2016-02-16,,3697.76 ,,,,,
2016-02-17,,3794.47 ,,,,,
2016-02-18,,3839.64 ,,,,,
2016-02-19,,3823.27 ,340.00 ,310.00 ,270.00 ,295.00 ,295.00 
2016-02-22,,3964.48 ,,,,,
2016-02-23,,3923.34 ,,,,,
2016-02-24,,3930.10 ,,,,,
2016-02-25,,3621.31 ,,,,,
2016-02-26,,3700.21 ,340.00 ,310.00 ,270.00 ,295.00 ,290.00 
2016-02-29,,3665.63 ,,,,,
2016-03-01,,3793.31 ,,,,,
2016-03-02,,4092.07 ,,,,,
2016-03-03,,4052.80 ,,,,,
2016-03-04,,4072.18 ,340.00 ,305.00 ,270.00 ,275.00 ,290.00 
2016-03-07,,4101.61 ,,,,,
2016-03-08,,4064.29 ,,,,,
2016-03-09,,3961.90 ,,,,,
2016-03-10,,3848.72 ,,,,,
2016-03-11,,3852.61 ,340.00 ,305.00 ,280.00 ,275.00 ,290.00 
2016-03-14,,3986.55 ,,,,,
2016-03-15,,3968.71 ,,,,,
2016-03-16,,3962.52 ,,,,,
2016-03-17,,4019.09 ,,,,,
2016-03-18,,4081.49 ,340.00 ,300.00 ,280.00 ,275.00 ,290.00 
2016-03-21,,4173.93 ,,,,,
2016-03-22,,4133.24 ,,,,,
2016-03-23,,4199.15 ,,,,,
2016-03-24,,4112.15 ,,,,,
2016-03-25,,4079.33 ,340.00 ,310.00 ,295.00 ,285.00 ,290.00 
2016-03-28,,4044.67 ,,,,,
2016-03-29,,4038.76 ,,,,,
2016-03-30,,4188.83 ,,,,,
2016-03-31,83047.10 ,4271.55 ,,,,,
2016-04-01,,4296.65 ,340.00 ,315.00 ,295.00 ,285.00 ,290.00 
2016-04-05,,4325.85 ,,,,,
2016-04-06,,4328.67 ,,,,,
2016-04-07,,4262.28 ,,,,,
2016-04-08,,4248.88 ,340.00 ,315.00 ,315.00 ,285.00 ,290.00 
2016-04-11,,4344.54 ,,,,,
2016-04-12,,4355.24 ,,,,,
2016-04-13,,4417.85 ,,,,,
2016-04-14,,4460.68 ,,,,,
2016-04-15,,4439.33 ,340.00 ,315.00 ,315.00 ,285.00 ,290.00 
2016-04-18,,4380.10 ,,,,,
2016-04-19,,4377.80 ,,,,,
2016-04-20,,4275.85 ,,,,,
2016-04-21,,4208.67 ,,,,,
2016-04-22,,4155.24 ,340.00 ,315.00 ,315.00 ,285.00 ,290.00 
2016-04-25,,4117.91 ,,,,,
2016-04-26,,4155.70 ,,,,,
2016-04-27,,4140.11 ,,,,,
2016-04-28,,4104.71 ,,,,,
2016-04-29,,4109.28 ,340.00 ,315.00 ,320.00 ,285.00 ,290.00 
2016-04-30,87675.20 ,,,,,,
2016-05-03,,4180.14 ,,,,,
2016-05-04,,4135.66 ,,,,,
2016-05-05,,4150.13 ,,,,,
2016-05-06,,4006.56 ,340.00 ,320.00 ,315.00 ,285.00 ,290.00 
2016-05-09,,3828.13 ,,,,,
2016-05-10,,3813.95 ,,,,,
2016-05-11,,3826.87 ,,,,,
2016-05-12,,3818.23 ,,,,,
2016-05-13,,3788.29 ,340.00 ,315.00 ,315.00 ,285.00 ,290.00 
2016-05-16,,3810.70 ,,,,,
2016-05-17,,3807.65 ,,,,,
2016-05-18,,3745.26 ,,,,,
2016-05-19,,3744.12 ,,,,,
2016-05-20,,3771.14 ,340.00 ,315.00 ,310.00 ,285.00 ,290.00 
2016-05-23,,3819.71 ,,,,,
2016-05-24,,3793.90 ,,,,,
2016-05-25,,3811.92 ,,,,,
2016-05-26,,3799.98 ,,,,,
2016-05-27,,3808.51 ,340.00 ,315.00 ,310.00 ,285.00 ,290.00 
2016-05-30,,3804.42 ,,,,,
2016-05-31,81258.40 ,3914.11 ,,,,,
2016-06-01,,3907.83 ,,,,,
2016-06-02,,3910.32 ,,,,,
2016-06-03,,3916.02 ,340.00 ,315.00 ,310.00 ,285.00 ,290.00 
2016-06-06,,3900.78 ,,,,,
2016-06-07,,3889.55 ,,,,,
2016-06-08,,3880.85 ,,,,,
2016-06-10,,,340.00 ,315.00 ,310.00 ,290.00 ,280.00 
2016-06-13,,3751.51 ,,,,,
2016-06-14,,3744.46 ,,,,,
2016-06-15,,3802.60 ,,,,,
2016-06-16,,3772.06 ,,,,,
2016-06-17,,3797.03 ,340.00 ,310.00 ,305.00 ,290.00 ,280.00 
2016-06-20,,3809.63 ,,,,,
2016-06-21,,3804.00 ,,,,,
2016-06-22,,3794.86 ,,,,,
2016-06-23,,3782.12 ,,,,,
2016-06-24,,3739.81 ,340.00 ,310.00 ,305.00 ,310.00 ,280.00 
2016-06-27,,3778.95 ,,,,,
2016-06-28,,3794.52 ,,,,,
2016-06-29,,3827.04 ,,,,,
2016-06-30,92017.00 ,3841.50 ,,,,,
2016-07-01,,3823.44 ,340.00 ,310.00 ,285.00 ,310.00 ,280.00 
2016-07-04,,3917.84 ,,,,,
2016-07-05,,3942.36 ,,,,,
2016-07-06,,3970.35 ,,,,,
2016-07-07,,3961.57 ,,,,,
2016-07-08,,3940.52 ,340.00 ,310.00 ,265.00 ,310.00 ,280.00 
2016-07-11,,3943.91 ,,,,,
2016-07-12,,4098.49 ,,,,,
2016-07-13,,4107.53 ,,,,,
2016-07-14,,4087.68 ,,,,,
2016-07-15,,4058.40 ,340.00 ,310.00 ,265.00 ,310.00 ,280.00 
2016-07-18,,4052.43 ,,,,,
2016-07-19,,4044.27 ,,,,,
2016-07-20,,4039.28 ,,,,,
2016-07-21,,4077.13 ,,,,,
2016-07-22,,4048.14 ,340.00 ,310.00 ,265.00 ,310.00 ,280.00 
2016-07-25,,4075.19 ,,,,,
2016-07-26,,4131.27 ,,,,,
2016-07-27,,4014.81 ,,,,,
2016-07-28,,4042.39 ,,,,,
2016-07-29,,4002.69 ,340.00 ,310.00 ,265.00 ,310.00 ,280.00 
2016-07-31,76997.40 ,,,,,,
2016-08-01,,3990.77 ,,,,,
2016-08-02,,4003.01 ,,,,,
2016-08-03,,4069.78 ,,,,,
2016-08-04,,4080.07 ,,,,,
2016-08-05,,4088.90 ,340.00 ,310.00 ,265.00 ,310.00 ,290.00 
2016-08-08,,4183.62 ,,,,,
2016-08-09,,4186.81 ,,,,,
2016-08-10,,4203.30 ,,,,,
2016-08-11,,4155.11 ,,,,,
2016-08-12,,4200.90 ,340.00 ,310.00 ,290.00 ,310.00 ,290.00 
2016-08-15,,4306.94 ,,,,,
2016-08-16,,4262.28 ,,,,,
2016-08-17,,4309.26 ,,,,,
2016-08-18,,4298.63 ,,,,,
2016-08-19,,4306.68 ,340.00 ,310.00 ,290.00 ,310.00 ,290.00 
2016-08-22,,4272.89 ,,,,,
2016-08-23,,4299.35 ,,,,,
2016-08-24,,4313.31 ,,,,,
2016-08-25,,4281.41 ,,,,,
2016-08-26,,4324.09 ,340.00 ,310.00 ,290.00 ,310.00 ,290.00 
2016-08-29,,4308.60 ,,,,,
2016-08-30,,4298.75 ,,,,,
2016-08-31,74164.60 ,4299.78 ,,,,,
2016-09-01,,4272.45 ,,,,,
2016-09-02,,4276.14 ,340.00 ,340.00 ,305.00 ,310.00 ,290.00 
2016-09-05,,4323.83 ,,,,,
2016-09-06,,4380.91 ,,,,,
2016-09-07,,4439.73 ,,,,,
2016-09-08,,4497.67 ,,,,,
2016-09-09,,4466.80 ,340.00 ,340.00 ,305.00 ,310.00 ,290.00 
2016-09-12,,4388.91 ,,,,,
2016-09-13,,4441.06 ,,,,,
2016-09-14,,4401.60 ,,,,,
2016-09-16,,,340.00 ,340.00 ,305.00 ,310.00 ,320.00 
2016-09-19,,4452.69 ,,,,,
2016-09-20,,4467.67 ,,,,,
2016-09-21,,4469.99 ,,,,,
2016-09-22,,4537.10 ,,,,,
2016-09-23,,4507.99 ,340.00 ,340.00 ,305.00 ,310.00 ,320.00 
2016-09-26,,4399.79 ,,,,,
2016-09-27,,4418.41 ,,,,,
2016-09-28,,4376.19 ,,,,,
2016-09-29,,4397.17 ,,,,,
2016-09-30,72287.40 ,4397.42 ,350.00 ,340.00 ,330.00 ,310.00 ,320.00 
2016-10-07,,,386.00 ,335.00 ,327.00 ,277.00 ,348.00 
2016-10-10,,4448.82 ,,,,,
2016-10-11,,4459.59 ,,,,,
2016-10-12,,4424.28 ,,,,,
2016-10-13,,4431.86 ,,,,,
2016-10-14,,4418.85 ,386.00 ,335.00 ,327.00 ,295.00 ,378.00 
2016-10-17,,4400.15 ,,,,,
2016-10-18,,4491.38 ,,,,,
2016-10-19,,4517.25 ,,,,,
2016-10-20,,4510.51 ,,,,,
2016-10-21,,4550.61 ,386.00 ,335.00 ,327.00 ,313.00 ,378.00 
2016-10-24,,4674.30 ,,,,,
2016-10-25,,4747.36 ,,,,,
2016-10-26,,4722.85 ,,,,,
2016-10-27,,4721.10 ,,,,,
2016-10-28,,4677.73 ,386.00 ,335.00 ,327.00 ,349.00 ,383.00 
2016-10-31,54985.30 ,4745.21 ,,,,,
2016-11-01,,4833.97 ,,,,,
2016-11-02,,4835.24 ,,,,,
2016-11-03,,4849.73 ,,,,,
2016-11-04,,4846.39 ,392.00 ,335.00 ,337.00 ,381.00 ,383.00 
2016-11-07,,4939.86 ,,,,,
2016-11-08,,4936.13 ,,,,,
2016-11-09,,4900.66 ,,,,,
2016-11-10,,5005.85 ,,,,,
2016-11-11,,5047.87 ,394.00 ,335.00 ,337.00 ,387.00 ,383.00 
2016-11-14,,5049.12 ,,,,,
2016-11-15,,5032.51 ,,,,,
2016-11-16,,4995.24 ,,,,,
2016-11-17,,5018.50 ,,,,,
2016-11-18,,4980.50 ,394.00 ,358.00 ,337.00 ,394.00 ,383.00 
2016-11-21,,4989.76 ,,,,,
2016-11-22,,5027.15 ,,,,,
2016-11-23,,5046.68 ,,,,,
2016-11-24,,5044.38 ,,,,,
2016-11-25,,5046.36 ,400.00 ,358.00 ,330.00 ,394.00 ,383.00 
2016-11-28,,5083.98 ,,,,,
2016-11-29,,5053.77 ,,,,,
2016-11-30,65060.50 ,4979.08 ,,,,,
2016-12-01,,5070.47 ,,,,,
2016-12-02,,5044.97 ,400.00 ,358.00 ,330.00 ,399.00 ,383.00 
2016-12-05,,4946.11 ,,,,,
2016-12-06,,5006.59 ,,,,,
2016-12-07,,5088.17 ,,,,,
2016-12-08,,5069.50 ,,,,,
2016-12-09,,5028.41 ,400.00 ,358.00 ,330.00 ,394.00 ,383.00 
2016-12-12,,4881.52 ,,,,,
2016-12-13,,4972.83 ,,,,,
2016-12-14,,4952.16 ,,,,,
2016-12-15,,4904.88 ,,,,,
2016-12-16,,4993.75 ,400.00 ,360.00 ,330.00 ,394.00 ,383.00 
2016-12-19,,4953.86 ,,,,,
2016-12-20,,4892.96 ,,,,,
2016-12-21,,4938.87 ,,,,,
2016-12-22,,4937.07 ,,,,,
2016-12-23,,4883.66 ,400.00 ,360.00 ,330.00 ,394.00 ,383.00 
2016-12-26,,4900.80 ,,,,,
2016-12-27,,4933.60 ,,,,,
2016-12-28,,4917.78 ,,,,,
2016-12-29,,4907.17 ,,,,,
2016-12-30,,4894.02 ,400.00 ,360.00 ,330.00 ,389.00 ,383.00 
2016-12-31,66982.60 ,,,,,,
2017-01-03,,4949.59 ,,,,,
2017-01-04,,4974.64 ,,,,,
2017-01-05,,4980.45 ,,,,,
2017-01-06,,4924.24 ,400.00 ,360.00 ,330.00 ,389.00 ,383.00 
2017-01-09,,4936.68 ,,,,,
2017-01-10,,4963.26 ,,,,,
2017-01-11,,4902.17 ,,,,,
2017-01-12,,4832.90 ,,,,,
2017-01-13,,4794.79 ,400.00 ,352.00 ,330.00 ,389.00 ,383.00 
2017-01-16,,4695.50 ,,,,,
2017-01-17,,4752.54 ,,,,,
2017-01-18,,4830.02 ,,,,,
2017-01-19,,4846.31 ,,,,,
2017-01-20,,4929.92 ,400.00 ,351.00 ,330.00 ,389.00 ,383.00 
2017-01-23,,5036.46 ,,,,,
2017-01-24,,5182.80 ,,,,,
2017-01-25,,5126.62 ,,,,,
2017-01-26,,5119.49 ,,,,,
2017-01-27,,,400.00 ,343.00 ,330.00 ,389.00 ,383.00 
2017-02-03,,5159.73 ,400.00 ,343.00 ,330.00 ,389.00 ,383.00 
2017-02-06,,5140.11 ,,,,,
2017-02-07,,5224.31 ,,,,,
2017-02-08,,5311.02 ,,,,,
2017-02-09,,5465.77 ,,,,,
2017-02-10,,5680.44 ,400.00 ,336.00 ,330.00 ,389.00 ,383.00 
2017-02-13,,5551.50 ,,,,,
2017-02-14,,5648.11 ,,,,,
2017-02-15,,5485.80 ,,,,,
2017-02-16,,5535.35 ,,,,,
2017-02-17,,5521.09 ,400.00 ,336.00 ,330.00 ,389.00 ,383.00 
2017-02-20,,5638.29 ,,,,,
2017-02-21,,5689.64 ,,,,,
2017-02-22,,5983.13 ,,,,,
2017-02-23,,5782.19 ,,,,,
2017-02-24,,5640.64 ,396.00 ,336.00 ,330.00 ,386.00 ,383.00 
2017-02-27,,5596.51 ,,,,,
2017-02-28,,5654.18 ,,,,,
2017-03-01,,5751.87 ,,,,,
2017-03-02,,5636.77 ,,,,,
2017-03-03,,5555.36 ,396.00 ,371.00 ,337.00 ,386.00 ,383.00 
2017-03-06,,5548.92 ,,,,,
2017-03-07,,5529.22 ,,,,,
2017-03-08,,5552.95 ,,,,,
2017-03-09,,5480.68 ,,,,,
2017-03-10,,5512.86 ,397.00 ,369.00 ,337.00 ,386.00 ,391.00 
2017-03-13,,5561.02 ,,,,,
2017-03-14,,5663.58 ,,,,,
2017-03-15,,5761.95 ,,,,,
2017-03-16,,5774.47 ,,,,,
2017-03-17,,5748.95 ,397.00 ,369.00 ,337.00 ,386.00 ,391.00 
2017-03-20,,5833.68 ,,,,,
2017-03-21,,5738.95 ,,,,,
2017-03-22,,5737.63 ,,,,,
2017-03-23,,5838.71 ,,,,,
2017-03-24,,5924.81 ,402.00 ,369.00 ,330.00 ,386.00 ,391.00 
2017-03-27,,5913.13 ,,,,,
2017-03-28,,5870.64 ,,,,,
2017-03-29,,5886.96 ,,,,,
2017-03-30,,5739.82 ,,,,,
2017-03-31,117184.90 ,5569.02 ,402.00 ,369.00 ,330.00 ,386.00 ,391.00 
2017-04-05,,5762.58 ,,,,,
2017-04-06,,5909.63 ,,,,,
2017-04-07,,5946.00 ,432.00 ,369.00 ,330.00 ,386.00 ,391.00 
2017-04-10,,6173.78 ,,,,,
2017-04-11,,6396.43 ,,,,,
2017-04-12,,6470.82 ,,,,,
2017-04-13,,6516.29 ,,,,,
2017-04-14,,6419.71 ,432.00 ,369.00 ,350.00 ,386.00 ,391.00 
2017-04-17,,6409.46 ,,,,,
2017-04-18,,6249.20 ,,,,,
2017-04-19,,6128.56 ,,,,,
2017-04-20,,5960.53 ,,,,,
2017-04-21,,5888.90 ,427.00 ,391.00 ,350.00 ,386.00 ,391.00 
2017-04-24,,5728.02 ,,,,,
2017-04-25,,5751.07 ,,,,,
2017-04-26,,5870.98 ,,,,,
2017-04-27,,5851.51 ,,,,,
2017-04-28,,5916.55 ,427.00 ,391.00 ,350.00 ,386.00 ,385.00 
2017-04-30,104195.30 ,,,,,,
2017-05-02,,6016.88 ,,,,,
2017-05-03,,5948.41 ,,,,,
2017-05-04,,5951.88 ,,,,,
2017-05-05,,5821.43 ,427.00 ,391.00 ,350.00 ,386.00 ,385.00 
2017-05-08,,5573.19 ,,,,,
2017-05-09,,5579.57 ,,,,,
2017-05-10,,5382.22 ,,,,,
2017-05-11,,5459.33 ,,,,,
2017-05-12,,5450.12 ,427.00 ,391.00 ,350.00 ,386.00 ,385.00 
2017-05-15,,5478.59 ,,,,,
2017-05-16,,5610.20 ,,,,,
2017-05-17,,5658.51 ,,,,,
2017-05-18,,5571.38 ,,,,,
2017-05-19,,5561.10 ,430.00 ,391.00 ,362.00 ,386.00 ,385.00 
2017-05-22,,5441.08 ,,,,,
2017-05-23,,5323.58 ,,,,,
2017-05-24,,5313.95 ,,,,,
2017-05-25,,5333.57 ,,,,,
2017-05-26,,5312.28 ,430.00 ,391.00 ,362.00 ,386.00 ,385.00 
2017-05-31,97105.30 ,5329.04 ,,,,,
2017-06-01,,5173.43 ,,,,,
2017-06-02,,5197.76 ,430.00 ,391.00 ,362.00 ,386.00 ,385.00 
2017-06-05,,5274.19 ,,,,,
2017-06-06,,5271.30 ,,,,,
2017-06-07,,5417.44 ,,,,,
2017-06-08,,5429.43 ,,,,,
2017-06-09,,5426.61 ,430.00 ,391.00 ,362.00 ,386.00 ,388.00 
2017-06-12,,5372.43 ,,,,,
2017-06-13,,5412.65 ,,,,,
2017-06-14,,5340.51 ,,,,,
2017-06-15,,5418.08 ,,,,,
2017-06-16,,5382.76 ,430.00 ,391.00 ,358.00 ,386.00 ,388.00 
2017-06-19,,5406.97 ,,,,,
2017-06-20,,5391.46 ,,,,,
2017-06-21,,5395.19 ,,,,,
2017-06-22,,5324.75 ,,,,,
2017-06-23,,5299.74 ,430.00 ,391.00 ,345.00 ,386.00 ,388.00 
2017-06-26,,5367.48 ,,,,,
2017-06-27,,5350.84 ,,,,,
2017-06-28,,5358.83 ,,,,,
2017-06-29,,5475.57 ,,,,,
2017-06-30,103198.40 ,5440.36 ,430.00 ,391.00 ,345.00 ,386.00 ,388.00 
2017-07-03,,5536.26 ,,,,,
2017-07-04,,5515.62 ,,,,,
2017-07-05,,5529.36 ,,,,,
2017-07-06,,5501.21 ,,,,,
2017-07-07,,5634.35 ,430.00 ,363.00 ,345.00 ,386.00 ,388.00 
2017-07-10,,5680.86 ,,,,,
2017-07-11,,5714.60 ,,,,,
2017-07-12,,5690.74 ,,,,,
2017-07-13,,5793.31 ,,,,,
2017-07-14,,5762.90 ,430.00 ,363.00 ,345.00 ,386.00 ,388.00 
2017-07-17,,5543.55 ,,,,,
2017-07-18,,5666.23 ,,,,,
2017-07-19,,5883.53 ,,,,,
2017-07-20,,5946.83 ,,,,,
2017-07-21,,5981.21 ,430.00 ,363.00 ,345.00 ,386.00 ,384.00 
2017-07-24,,5926.85 ,,,,,
2017-07-25,,5865.00 ,,,,,
2017-07-26,,5853.63 ,,,,,
2017-07-27,,5821.09 ,,,,,
2017-07-28,,5834.52 ,430.00 ,360.00 ,345.00 ,381.00 ,384.00 
2017-07-31,82910.40 ,5939.89 ,,,,,
2017-08-01,,6029.46 ,,,,,
2017-08-02,,5951.01 ,,,,,
2017-08-03,,5919.99 ,,,,,
2017-08-04,,5899.43 ,430.00 ,360.00 ,345.00 ,381.00 ,384.00 
2017-08-07,,5962.04 ,,,,,
2017-08-08,,5977.98 ,,,,,
2017-08-09,,6067.45 ,,,,,
2017-08-10,,6236.45 ,,,,,
2017-08-11,,5958.12 ,430.00 ,360.00 ,345.00 ,381.00 ,368.00 
2017-08-14,,5995.10 ,,,,,
2017-08-15,,5916.73 ,,,,,
2017-08-16,,5829.09 ,,,,,
2017-08-17,,5877.50 ,,,,,
2017-08-18,,5905.51 ,430.00 ,360.00 ,345.00 ,383.00 ,368.00 
